industry,industry_rank,anchor_store_rank,entity_path,business_date,enterprise_id,enterprise_name,store_id,region_name,store_name,task_id,job_id,headcount,total_headcount,original_headcount,required_health_card,demand_count,attendance_count,headcount_gap,shortage_group_count
火锅,1,1,A市星桥火锅店,2026-05-01,enterprise_ref_434012,合成运营主体_434012,store_ref_127991,A市,A市星桥火锅店,task_ref_991977,job_ref_054021,0,2,2,否,0,0,0,0
火锅,1,1,A市星桥火锅店,2026-05-01,enterprise_ref_434012,合成运营主体_434012,store_ref_127991,A市,A市星桥火锅店,task_ref_785663,job_ref_054021,1,1,1,否,0,0,0,0
火锅,1,1,A市星桥火锅店,2026-05-02,enterprise_ref_434012,合成运营主体_434012,store_ref_127991,A市,A市星桥火锅店,task_ref_122155,job_ref_054021,2,2,2,否,0,0,0,0
火锅,1,1,A市星桥火锅店,2026-05-03,enterprise_ref_434012,合成运营主体_434012,store_ref_127991,A市,A市星桥火锅店,task_ref_674000,job_ref_054021,2,2,2,否,0,0,0,0
火锅,1,1,A市星桥火锅店,2026-05-04,enterprise_ref_434012,合成运营主体_434012,store_ref_127991,A市,A市星桥火锅店,task_ref_250826,job_ref_054021,2,2,2,否,0,0,0,0
火锅,1,1,A市星桥火锅店,2026-05-05,enterprise_ref_434012,合成运营主体_434012,store_ref_127991,A市,A市星桥火锅店,task_ref_006841,job_ref_054021,2,2,2,否,0,0,0,0
火锅,1,1,A市星桥火锅店,2026-05-06,enterprise_ref_434012,合成运营主体_434012,store_ref_127991,A市,A市星桥火锅店,task_ref_904069,job_ref_054021,2,2,2,否,0,0,0,0
火锅,1,1,A市星桥火锅店,2026-05-07,enterprise_ref_434012,合成运营主体_434012,store_ref_127991,A市,A市星桥火锅店,task_ref_353094,job_ref_054021,2,2,2,否,0,0,0,0
火锅,1,1,A市星桥火锅店,2026-05-08,enterprise_ref_434012,合成运营主体_434012,store_ref_127991,A市,A市星桥火锅店,task_ref_481339,job_ref_054021,2,2,2,否,0,0,0,0
火锅,1,1,A市星桥火锅店,2026-05-09,enterprise_ref_434012,合成运营主体_434012,store_ref_127991,A市,A市星桥火锅店,task_ref_129565,job_ref_054021,2,2,2,否,0,0,0,0
火锅,1,1,A市星桥火锅店,2026-05-10,enterprise_ref_434012,合成运营主体_434012,store_ref_127991,A市,A市星桥火锅店,task_ref_738812,job_ref_054021,2,2,2,否,0,0,0,0
火锅,1,1,A市星桥火锅店,2026-05-11,enterprise_ref_434012,合成运营主体_434012,store_ref_127991,A市,A市星桥火锅店,task_ref_193202,job_ref_054021,2,2,2,否,0,0,0,0
火锅,1,1,A市星桥火锅店,2026-05-12,enterprise_ref_434012,合成运营主体_434012,store_ref_127991,A市,A市星桥火锅店,task_ref_257136,job_ref_054021,2,2,2,否,0,0,0,0
火锅,1,1,A市星桥火锅店,2026-05-13,enterprise_ref_434012,合成运营主体_434012,store_ref_127991,A市,A市星桥火锅店,task_ref_051639,job_ref_054021,2,2,2,否,0,0,0,0
火锅,1,1,A市星桥火锅店,2026-05-14,enterprise_ref_434012,合成运营主体_434012,store_ref_127991,A市,A市星桥火锅店,task_ref_689612,job_ref_054021,2,2,2,否,0,0,0,0
火锅,1,1,A市星桥火锅店,2026-05-15,enterprise_ref_434012,合成运营主体_434012,store_ref_127991,A市,A市星桥火锅店,task_ref_284033,job_ref_054021,2,2,2,否,0,0,0,0
火锅,1,1,A市星桥火锅店,2026-05-16,enterprise_ref_434012,合成运营主体_434012,store_ref_127991,A市,A市星桥火锅店,task_ref_167932,job_ref_054021,2,2,2,否,0,0,0,0
火锅,1,1,A市星桥火锅店,2026-05-17,enterprise_ref_434012,合成运营主体_434012,store_ref_127991,A市,A市星桥火锅店,task_ref_923115,job_ref_054021,2,2,2,否,0,0,0,0
火锅,1,1,A市星桥火锅店,2026-05-18,enterprise_ref_434012,合成运营主体_434012,store_ref_127991,A市,A市星桥火锅店,task_ref_179123,job_ref_054021,2,2,2,否,0,0,0,0
火锅,1,1,A市星桥火锅店,2026-05-19,enterprise_ref_434012,合成运营主体_434012,store_ref_127991,A市,A市星桥火锅店,task_ref_266803,job_ref_054021,2,2,2,否,0,0,0,0
火锅,1,1,A市星桥火锅店,2026-05-20,enterprise_ref_434012,合成运营主体_434012,store_ref_127991,A市,A市星桥火锅店,task_ref_797970,job_ref_054021,2,2,2,否,0,0,0,0
火锅,1,1,A市星桥火锅店,2026-05-21,enterprise_ref_434012,合成运营主体_434012,store_ref_127991,A市,A市星桥火锅店,task_ref_210328,job_ref_054021,2,2,2,否,0,0,0,0
火锅,1,1,A市星桥火锅店,2026-05-22,enterprise_ref_434012,合成运营主体_434012,store_ref_127991,A市,A市星桥火锅店,task_ref_376773,job_ref_054021,2,2,2,否,0,0,0,0
火锅,1,1,A市星桥火锅店,2026-05-23,enterprise_ref_434012,合成运营主体_434012,store_ref_127991,A市,A市星桥火锅店,task_ref_627066,job_ref_054021,2,2,2,否,0,0,0,0
火锅,1,1,A市星桥火锅店,2026-05-24,enterprise_ref_434012,合成运营主体_434012,store_ref_127991,A市,A市星桥火锅店,task_ref_909648,job_ref_054021,2,2,2,否,0,0,0,0
火锅,1,1,A市星桥火锅店,2026-05-25,enterprise_ref_434012,合成运营主体_434012,store_ref_127991,A市,A市星桥火锅店,task_ref_730095,job_ref_054021,2,2,2,否,0,0,0,0
火锅,1,1,A市星桥火锅店,2026-05-26,enterprise_ref_434012,合成运营主体_434012,store_ref_127991,A市,A市星桥火锅店,task_ref_310649,job_ref_054021,2,2,2,否,0,0,0,0
火锅,1,1,A市星桥火锅店,2026-05-27,enterprise_ref_434012,合成运营主体_434012,store_ref_127991,A市,A市星桥火锅店,task_ref_144796,job_ref_054021,0,2,2,否,0,0,0,0
火锅,1,1,A市星桥火锅店,2026-05-27,enterprise_ref_434012,合成运营主体_434012,store_ref_127991,A市,A市星桥火锅店,task_ref_676935,job_ref_054021,1,1,1,否,0,0,0,0
火锅,1,1,A市星桥火锅店,2026-05-28,enterprise_ref_434012,合成运营主体_434012,store_ref_127991,A市,A市星桥火锅店,task_ref_493639,job_ref_054021,0,2,2,否,0,0,0,0
火锅,1,1,A市星桥火锅店,2026-05-28,enterprise_ref_434012,合成运营主体_434012,store_ref_127991,A市,A市星桥火锅店,task_ref_364202,job_ref_054021,1,1,1,否,0,0,0,0
火锅,1,1,A市星桥火锅店,2026-05-29,enterprise_ref_434012,合成运营主体_434012,store_ref_127991,A市,A市星桥火锅店,task_ref_098234,job_ref_054021,0,2,2,否,0,0,0,0
火锅,1,1,A市星桥火锅店,2026-05-29,enterprise_ref_434012,合成运营主体_434012,store_ref_127991,A市,A市星桥火锅店,task_ref_726711,job_ref_054021,1,1,1,否,0,0,0,0
火锅,1,1,A市星桥火锅店,2026-05-30,enterprise_ref_434012,合成运营主体_434012,store_ref_127991,A市,A市星桥火锅店,task_ref_619192,job_ref_054021,0,2,2,否,0,0,0,0
火锅,1,1,A市星桥火锅店,2026-05-30,enterprise_ref_434012,合成运营主体_434012,store_ref_127991,A市,A市星桥火锅店,task_ref_743612,job_ref_054021,1,1,1,否,0,0,0,0
火锅,1,1,A市星桥火锅店,2026-05-31,enterprise_ref_434012,合成运营主体_434012,store_ref_127991,A市,A市星桥火锅店,task_ref_787002,job_ref_054021,0,2,2,否,0,0,0,0
火锅,1,1,A市星桥火锅店,2026-05-31,enterprise_ref_434012,合成运营主体_434012,store_ref_127991,A市,A市星桥火锅店,task_ref_612732,job_ref_054021,0,1,1,否,0,0,0,0
火锅,1,1,A市星桥火锅店,2026-05-31,enterprise_ref_434012,合成运营主体_434012,store_ref_127991,A市,A市星桥火锅店,task_ref_767608,job_ref_054021,2,2,2,否,0,0,0,0
火锅,1,3,C市云栖火锅店,2026-05-01,enterprise_ref_052074,合成运营主体_052074,store_ref_903801,C市,C市云栖火锅店,,job_ref_650648,1,1,1,否,0,0,0,0
火锅,1,3,C市云栖火锅店,2026-05-01,enterprise_ref_052074,合成运营主体_052074,store_ref_903801,C市,C市云栖火锅店,,job_ref_650648,0,1,1,否,0,0,0,0
火锅,1,3,C市云栖火锅店,2026-05-02,enterprise_ref_052074,合成运营主体_052074,store_ref_903801,C市,C市云栖火锅店,,job_ref_650648,1,1,1,否,0,0,0,0
火锅,1,3,C市云栖火锅店,2026-05-03,enterprise_ref_052074,合成运营主体_052074,store_ref_903801,C市,C市云栖火锅店,,job_ref_650648,1,1,1,否,0,0,0,0
火锅,1,3,C市云栖火锅店,2026-05-04,enterprise_ref_052074,合成运营主体_052074,store_ref_903801,C市,C市云栖火锅店,,job_ref_650648,1,1,1,否,0,0,0,0
火锅,1,3,C市云栖火锅店,2026-05-05,enterprise_ref_052074,合成运营主体_052074,store_ref_903801,C市,C市云栖火锅店,,job_ref_650648,1,1,1,否,0,0,0,0
火锅,1,3,C市云栖火锅店,2026-05-09,enterprise_ref_052074,合成运营主体_052074,store_ref_903801,C市,C市云栖火锅店,,job_ref_650648,1,1,1,否,0,0,0,0
火锅,1,3,C市云栖火锅店,2026-05-10,enterprise_ref_052074,合成运营主体_052074,store_ref_903801,C市,C市云栖火锅店,,job_ref_650648,1,1,1,否,0,0,0,0
火锅,1,3,C市云栖火锅店,2026-05-15,enterprise_ref_052074,合成运营主体_052074,store_ref_903801,C市,C市云栖火锅店,,job_ref_650648,0,1,1,否,0,0,0,0
火锅,1,3,C市云栖火锅店,2026-05-15,enterprise_ref_052074,合成运营主体_052074,store_ref_903801,C市,C市云栖火锅店,,job_ref_650648,1,1,1,否,0,0,0,0
火锅,1,3,C市云栖火锅店,2026-05-16,enterprise_ref_052074,合成运营主体_052074,store_ref_903801,C市,C市云栖火锅店,,job_ref_650648,1,1,1,否,0,0,0,0
火锅,1,3,C市云栖火锅店,2026-05-17,enterprise_ref_052074,合成运营主体_052074,store_ref_903801,C市,C市云栖火锅店,,job_ref_650648,1,1,1,否,0,0,0,0
火锅,1,3,C市云栖火锅店,2026-05-22,enterprise_ref_052074,合成运营主体_052074,store_ref_903801,C市,C市云栖火锅店,,job_ref_650648,1,1,1,否,0,0,0,0
火锅,1,3,C市云栖火锅店,2026-05-23,enterprise_ref_052074,合成运营主体_052074,store_ref_903801,C市,C市云栖火锅店,,job_ref_667213,1,1,1,否,0,0,0,0
火锅,1,3,C市云栖火锅店,2026-05-23,enterprise_ref_052074,合成运营主体_052074,store_ref_903801,C市,C市云栖火锅店,,job_ref_650648,1,1,1,否,0,0,0,0
火锅,1,3,C市云栖火锅店,2026-05-24,enterprise_ref_052074,合成运营主体_052074,store_ref_903801,C市,C市云栖火锅店,,job_ref_667213,1,1,1,否,0,0,0,0
火锅,1,3,C市云栖火锅店,2026-05-29,enterprise_ref_052074,合成运营主体_052074,store_ref_903801,C市,C市云栖火锅店,,job_ref_650648,1,1,1,否,0,0,0,0
火锅,1,3,C市云栖火锅店,2026-05-30,enterprise_ref_052074,合成运营主体_052074,store_ref_903801,C市,C市云栖火锅店,,job_ref_650648,1,1,1,否,0,0,0,0
火锅,1,3,C市云栖火锅店,2026-05-31,enterprise_ref_052074,合成运营主体_052074,store_ref_903801,C市,C市云栖火锅店,,job_ref_650648,1,1,1,否,0,0,0,0
火锅,1,4,D市锦澜火锅店,2026-05-10,enterprise_ref_052074,合成运营主体_052074,store_ref_322392,D市,D市锦澜火锅店,,job_ref_401439,0,2,1,否,0,0,0,0
火锅,1,4,D市锦澜火锅店,2026-05-10,enterprise_ref_052074,合成运营主体_052074,store_ref_322392,D市,D市锦澜火锅店,,job_ref_401439,1,1,1,否,0,0,0,0
火锅,1,4,D市锦澜火锅店,2026-05-23,enterprise_ref_052074,合成运营主体_052074,store_ref_322392,D市,D市锦澜火锅店,,job_ref_359709,1,1,1,否,0,0,0,0
火锅,1,4,D市锦澜火锅店,2026-05-24,enterprise_ref_052074,合成运营主体_052074,store_ref_322392,D市,D市锦澜火锅店,,job_ref_359709,1,1,1,否,0,0,0,0
西餐,2,1,F市北辰西餐店,2026-05-01,enterprise_ref_113193,合成运营主体_113193,store_ref_185285,F市,F市北辰西餐店,task_ref_582349,job_ref_839338,1,1,1,否,0,0,0,0
西餐,2,1,F市北辰西餐店,2026-05-01,enterprise_ref_113193,合成运营主体_113193,store_ref_185285,F市,F市北辰西餐店,task_ref_123035,job_ref_839338,1,1,1,否,0,0,0,0
西餐,2,1,F市北辰西餐店,2026-05-01,enterprise_ref_113193,合成运营主体_113193,store_ref_185285,F市,F市北辰西餐店,task_ref_561440,job_ref_839338,1,1,1,否,0,0,0,0
西餐,2,1,F市北辰西餐店,2026-05-01,enterprise_ref_113193,合成运营主体_113193,store_ref_185285,F市,F市北辰西餐店,task_ref_783282,job_ref_839338,1,1,1,否,0,0,0,0
西餐,2,1,F市北辰西餐店,2026-05-01,enterprise_ref_113193,合成运营主体_113193,store_ref_185285,F市,F市北辰西餐店,task_ref_045900,job_ref_839338,1,1,1,否,0,0,0,0
西餐,2,1,F市北辰西餐店,2026-05-01,enterprise_ref_113193,合成运营主体_113193,store_ref_185285,F市,F市北辰西餐店,task_ref_246695,job_ref_839338,1,1,1,否,0,0,0,0
西餐,2,1,F市北辰西餐店,2026-05-01,enterprise_ref_113193,合成运营主体_113193,store_ref_185285,F市,F市北辰西餐店,task_ref_941258,job_ref_187629,1,1,1,否,0,0,0,0
西餐,2,1,F市北辰西餐店,2026-05-01,enterprise_ref_113193,合成运营主体_113193,store_ref_185285,F市,F市北辰西餐店,task_ref_996462,job_ref_187629,1,1,1,否,0,0,0,0
西餐,2,1,F市北辰西餐店,2026-05-01,enterprise_ref_113193,合成运营主体_113193,store_ref_185285,F市,F市北辰西餐店,task_ref_518557,job_ref_187629,1,1,1,否,0,0,0,0
西餐,2,1,F市北辰西餐店,2026-05-01,enterprise_ref_113193,合成运营主体_113193,store_ref_185285,F市,F市北辰西餐店,task_ref_213769,job_ref_187629,1,1,1,否,0,0,0,0
西餐,2,1,F市北辰西餐店,2026-05-02,enterprise_ref_113193,合成运营主体_113193,store_ref_185285,F市,F市北辰西餐店,task_ref_120960,job_ref_839338,1,1,1,否,0,0,0,0
西餐,2,1,F市北辰西餐店,2026-05-02,enterprise_ref_113193,合成运营主体_113193,store_ref_185285,F市,F市北辰西餐店,task_ref_402866,job_ref_839338,1,1,1,否,0,0,0,0
西餐,2,1,F市北辰西餐店,2026-05-02,enterprise_ref_113193,合成运营主体_113193,store_ref_185285,F市,F市北辰西餐店,task_ref_619192,job_ref_839338,1,1,1,否,0,0,0,0
西餐,2,1,F市北辰西餐店,2026-05-02,enterprise_ref_113193,合成运营主体_113193,store_ref_185285,F市,F市北辰西餐店,task_ref_868679,job_ref_839338,1,1,1,否,0,0,0,0
西餐,2,1,F市北辰西餐店,2026-05-02,enterprise_ref_113193,合成运营主体_113193,store_ref_185285,F市,F市北辰西餐店,task_ref_692759,job_ref_839338,1,1,1,否,0,0,0,0
西餐,2,1,F市北辰西餐店,2026-05-02,enterprise_ref_113193,合成运营主体_113193,store_ref_185285,F市,F市北辰西餐店,task_ref_275234,job_ref_839338,1,1,1,否,0,0,0,0
西餐,2,1,F市北辰西餐店,2026-05-02,enterprise_ref_113193,合成运营主体_113193,store_ref_185285,F市,F市北辰西餐店,task_ref_441118,job_ref_187629,1,1,1,否,0,0,0,0
西餐,2,1,F市北辰西餐店,2026-05-02,enterprise_ref_113193,合成运营主体_113193,store_ref_185285,F市,F市北辰西餐店,task_ref_244854,job_ref_187629,1,1,1,否,0,0,0,0
西餐,2,1,F市北辰西餐店,2026-05-02,enterprise_ref_113193,合成运营主体_113193,store_ref_185285,F市,F市北辰西餐店,task_ref_249357,job_ref_187629,1,1,1,否,0,0,0,0
西餐,2,1,F市北辰西餐店,2026-05-02,enterprise_ref_113193,合成运营主体_113193,store_ref_185285,F市,F市北辰西餐店,task_ref_678193,job_ref_187629,1,1,1,否,0,0,0,0
西餐,2,1,F市北辰西餐店,2026-05-03,enterprise_ref_113193,合成运营主体_113193,store_ref_185285,F市,F市北辰西餐店,task_ref_511631,job_ref_839338,1,1,1,否,0,0,0,0
西餐,2,1,F市北辰西餐店,2026-05-03,enterprise_ref_113193,合成运营主体_113193,store_ref_185285,F市,F市北辰西餐店,task_ref_012395,job_ref_839338,1,1,1,否,0,0,0,0
西餐,2,1,F市北辰西餐店,2026-05-03,enterprise_ref_113193,合成运营主体_113193,store_ref_185285,F市,F市北辰西餐店,task_ref_352961,job_ref_839338,1,1,1,否,0,0,0,0
西餐,2,1,F市北辰西餐店,2026-05-03,enterprise_ref_113193,合成运营主体_113193,store_ref_185285,F市,F市北辰西餐店,task_ref_467266,job_ref_839338,1,1,1,否,0,0,0,0
西餐,2,1,F市北辰西餐店,2026-05-03,enterprise_ref_113193,合成运营主体_113193,store_ref_185285,F市,F市北辰西餐店,task_ref_141088,job_ref_839338,1,1,1,否,0,0,0,0
西餐,2,1,F市北辰西餐店,2026-05-03,enterprise_ref_113193,合成运营主体_113193,store_ref_185285,F市,F市北辰西餐店,task_ref_801877,job_ref_839338,1,1,1,否,0,0,0,0
西餐,2,1,F市北辰西餐店,2026-05-03,enterprise_ref_113193,合成运营主体_113193,store_ref_185285,F市,F市北辰西餐店,task_ref_379904,job_ref_187629,1,1,1,否,0,0,0,0
西餐,2,1,F市北辰西餐店,2026-05-03,enterprise_ref_113193,合成运营主体_113193,store_ref_185285,F市,F市北辰西餐店,task_ref_810660,job_ref_187629,1,1,1,否,0,0,0,0
西餐,2,1,F市北辰西餐店,2026-05-03,enterprise_ref_113193,合成运营主体_113193,store_ref_185285,F市,F市北辰西餐店,task_ref_300245,job_ref_187629,1,1,1,否,0,0,0,0
西餐,2,1,F市北辰西餐店,2026-05-03,enterprise_ref_113193,合成运营主体_113193,store_ref_185285,F市,F市北辰西餐店,task_ref_943241,job_ref_187629,1,1,1,否,0,0,0,0
西餐,2,1,F市北辰西餐店,2026-05-04,enterprise_ref_113193,合成运营主体_113193,store_ref_185285,F市,F市北辰西餐店,task_ref_125751,job_ref_839338,1,1,1,否,0,0,0,0
西餐,2,1,F市北辰西餐店,2026-05-04,enterprise_ref_113193,合成运营主体_113193,store_ref_185285,F市,F市北辰西餐店,task_ref_949834,job_ref_839338,1,1,1,否,0,0,0,0
西餐,2,1,F市北辰西餐店,2026-05-04,enterprise_ref_113193,合成运营主体_113193,store_ref_185285,F市,F市北辰西餐店,task_ref_674620,job_ref_839338,1,1,1,否,0,0,0,0
西餐,2,1,F市北辰西餐店,2026-05-04,enterprise_ref_113193,合成运营主体_113193,store_ref_185285,F市,F市北辰西餐店,task_ref_794929,job_ref_839338,1,1,1,否,0,0,0,0
西餐,2,1,F市北辰西餐店,2026-05-04,enterprise_ref_113193,合成运营主体_113193,store_ref_185285,F市,F市北辰西餐店,task_ref_613107,job_ref_839338,1,1,1,否,0,0,0,0
西餐,2,1,F市北辰西餐店,2026-05-04,enterprise_ref_113193,合成运营主体_113193,store_ref_185285,F市,F市北辰西餐店,task_ref_706946,job_ref_839338,1,1,1,否,0,0,0,0
西餐,2,1,F市北辰西餐店,2026-05-04,enterprise_ref_113193,合成运营主体_113193,store_ref_185285,F市,F市北辰西餐店,task_ref_670371,job_ref_187629,1,1,1,否,0,0,0,0
西餐,2,1,F市北辰西餐店,2026-05-04,enterprise_ref_113193,合成运营主体_113193,store_ref_185285,F市,F市北辰西餐店,task_ref_131484,job_ref_187629,1,1,1,否,0,0,0,0
西餐,2,1,F市北辰西餐店,2026-05-04,enterprise_ref_113193,合成运营主体_113193,store_ref_185285,F市,F市北辰西餐店,task_ref_099602,job_ref_187629,1,1,1,否,0,0,0,0
西餐,2,1,F市北辰西餐店,2026-05-04,enterprise_ref_113193,合成运营主体_113193,store_ref_185285,F市,F市北辰西餐店,task_ref_828793,job_ref_187629,1,1,1,否,0,0,0,0
西餐,2,1,F市北辰西餐店,2026-05-05,enterprise_ref_113193,合成运营主体_113193,store_ref_185285,F市,F市北辰西餐店,task_ref_299216,job_ref_839338,1,1,1,否,0,0,0,0
西餐,2,1,F市北辰西餐店,2026-05-05,enterprise_ref_113193,合成运营主体_113193,store_ref_185285,F市,F市北辰西餐店,task_ref_536697,job_ref_839338,1,1,1,否,0,0,0,0
西餐,2,1,F市北辰西餐店,2026-05-05,enterprise_ref_113193,合成运营主体_113193,store_ref_185285,F市,F市北辰西餐店,task_ref_340703,job_ref_839338,1,1,1,否,0,0,0,0
西餐,2,1,F市北辰西餐店,2026-05-05,enterprise_ref_113193,合成运营主体_113193,store_ref_185285,F市,F市北辰西餐店,task_ref_634635,job_ref_839338,1,1,1,否,0,0,0,0
西餐,2,1,F市北辰西餐店,2026-05-05,enterprise_ref_113193,合成运营主体_113193,store_ref_185285,F市,F市北辰西餐店,task_ref_808120,job_ref_839338,1,1,1,否,0,0,0,0
西餐,2,1,F市北辰西餐店,2026-05-05,enterprise_ref_113193,合成运营主体_113193,store_ref_185285,F市,F市北辰西餐店,task_ref_476379,job_ref_839338,1,1,1,否,0,0,0,0
西餐,2,1,F市北辰西餐店,2026-05-05,enterprise_ref_113193,合成运营主体_113193,store_ref_185285,F市,F市北辰西餐店,task_ref_332166,job_ref_187629,1,1,1,否,0,0,0,0
西餐,2,1,F市北辰西餐店,2026-05-05,enterprise_ref_113193,合成运营主体_113193,store_ref_185285,F市,F市北辰西餐店,task_ref_949343,job_ref_187629,1,1,1,否,0,0,0,0
西餐,2,1,F市北辰西餐店,2026-05-05,enterprise_ref_113193,合成运营主体_113193,store_ref_185285,F市,F市北辰西餐店,task_ref_919960,job_ref_187629,1,1,1,否,0,0,0,0
西餐,2,1,F市北辰西餐店,2026-05-05,enterprise_ref_113193,合成运营主体_113193,store_ref_185285,F市,F市北辰西餐店,task_ref_729751,job_ref_187629,1,1,1,否,0,0,0,0
西餐,2,1,F市北辰西餐店,2026-05-06,enterprise_ref_113193,合成运营主体_113193,store_ref_185285,F市,F市北辰西餐店,task_ref_487024,job_ref_839338,1,1,1,否,0,0,0,0
西餐,2,1,F市北辰西餐店,2026-05-06,enterprise_ref_113193,合成运营主体_113193,store_ref_185285,F市,F市北辰西餐店,task_ref_935395,job_ref_839338,1,1,1,否,0,0,0,0
西餐,2,1,F市北辰西餐店,2026-05-06,enterprise_ref_113193,合成运营主体_113193,store_ref_185285,F市,F市北辰西餐店,task_ref_233765,job_ref_839338,1,1,1,否,0,0,0,0
西餐,2,1,F市北辰西餐店,2026-05-06,enterprise_ref_113193,合成运营主体_113193,store_ref_185285,F市,F市北辰西餐店,task_ref_837571,job_ref_839338,1,1,1,否,0,0,0,0
西餐,2,1,F市北辰西餐店,2026-05-06,enterprise_ref_113193,合成运营主体_113193,store_ref_185285,F市,F市北辰西餐店,task_ref_530027,job_ref_839338,1,1,1,否,0,0,0,0
西餐,2,1,F市北辰西餐店,2026-05-06,enterprise_ref_113193,合成运营主体_113193,store_ref_185285,F市,F市北辰西餐店,task_ref_491694,job_ref_839338,1,1,1,否,0,0,0,0
西餐,2,1,F市北辰西餐店,2026-05-06,enterprise_ref_113193,合成运营主体_113193,store_ref_185285,F市,F市北辰西餐店,task_ref_495196,job_ref_187629,1,1,1,否,0,0,0,0
西餐,2,1,F市北辰西餐店,2026-05-06,enterprise_ref_113193,合成运营主体_113193,store_ref_185285,F市,F市北辰西餐店,task_ref_807484,job_ref_187629,1,1,1,否,0,0,0,0
西餐,2,1,F市北辰西餐店,2026-05-06,enterprise_ref_113193,合成运营主体_113193,store_ref_185285,F市,F市北辰西餐店,task_ref_972790,job_ref_187629,1,1,1,否,0,0,0,0
西餐,2,1,F市北辰西餐店,2026-05-06,enterprise_ref_113193,合成运营主体_113193,store_ref_185285,F市,F市北辰西餐店,task_ref_133481,job_ref_187629,1,1,1,否,0,0,0,0
西餐,2,1,F市北辰西餐店,2026-05-07,enterprise_ref_113193,合成运营主体_113193,store_ref_185285,F市,F市北辰西餐店,task_ref_609524,job_ref_839338,1,1,1,否,0,0,0,0
西餐,2,1,F市北辰西餐店,2026-05-07,enterprise_ref_113193,合成运营主体_113193,store_ref_185285,F市,F市北辰西餐店,task_ref_675784,job_ref_839338,1,1,1,否,0,0,0,0
西餐,2,1,F市北辰西餐店,2026-05-07,enterprise_ref_113193,合成运营主体_113193,store_ref_185285,F市,F市北辰西餐店,task_ref_258187,job_ref_839338,1,1,1,否,0,0,0,0
西餐,2,1,F市北辰西餐店,2026-05-07,enterprise_ref_113193,合成运营主体_113193,store_ref_185285,F市,F市北辰西餐店,task_ref_362007,job_ref_839338,1,1,1,否,0,0,0,0
西餐,2,1,F市北辰西餐店,2026-05-07,enterprise_ref_113193,合成运营主体_113193,store_ref_185285,F市,F市北辰西餐店,task_ref_097995,job_ref_839338,1,1,1,否,0,0,0,0
西餐,2,1,F市北辰西餐店,2026-05-07,enterprise_ref_113193,合成运营主体_113193,store_ref_185285,F市,F市北辰西餐店,task_ref_472517,job_ref_839338,1,1,1,否,0,0,0,0
西餐,2,1,F市北辰西餐店,2026-05-07,enterprise_ref_113193,合成运营主体_113193,store_ref_185285,F市,F市北辰西餐店,task_ref_347818,job_ref_187629,1,1,1,否,0,0,0,0
西餐,2,1,F市北辰西餐店,2026-05-07,enterprise_ref_113193,合成运营主体_113193,store_ref_185285,F市,F市北辰西餐店,task_ref_659898,job_ref_187629,1,1,1,否,0,0,0,0
西餐,2,1,F市北辰西餐店,2026-05-07,enterprise_ref_113193,合成运营主体_113193,store_ref_185285,F市,F市北辰西餐店,task_ref_340433,job_ref_187629,1,1,1,否,0,0,0,0
西餐,2,1,F市北辰西餐店,2026-05-07,enterprise_ref_113193,合成运营主体_113193,store_ref_185285,F市,F市北辰西餐店,task_ref_858604,job_ref_187629,1,1,1,否,0,0,0,0
西餐,2,1,F市北辰西餐店,2026-05-08,enterprise_ref_113193,合成运营主体_113193,store_ref_185285,F市,F市北辰西餐店,task_ref_694313,job_ref_187629,1,1,1,否,0,0,0,0
西餐,2,1,F市北辰西餐店,2026-05-08,enterprise_ref_113193,合成运营主体_113193,store_ref_185285,F市,F市北辰西餐店,task_ref_015811,job_ref_187629,1,1,1,否,0,0,0,0
西餐,2,1,F市北辰西餐店,2026-05-08,enterprise_ref_113193,合成运营主体_113193,store_ref_185285,F市,F市北辰西餐店,task_ref_583642,job_ref_187629,1,1,1,否,0,0,0,0
西餐,2,1,F市北辰西餐店,2026-05-08,enterprise_ref_113193,合成运营主体_113193,store_ref_185285,F市,F市北辰西餐店,task_ref_426288,job_ref_187629,1,1,1,否,0,0,0,0
西餐,2,1,F市北辰西餐店,2026-05-08,enterprise_ref_113193,合成运营主体_113193,store_ref_185285,F市,F市北辰西餐店,task_ref_263410,job_ref_839338,1,1,1,否,0,0,0,0
西餐,2,1,F市北辰西餐店,2026-05-08,enterprise_ref_113193,合成运营主体_113193,store_ref_185285,F市,F市北辰西餐店,task_ref_816732,job_ref_839338,1,1,1,否,0,0,0,0
西餐,2,1,F市北辰西餐店,2026-05-09,enterprise_ref_113193,合成运营主体_113193,store_ref_185285,F市,F市北辰西餐店,task_ref_276608,job_ref_187629,1,1,1,否,0,0,0,0
西餐,2,1,F市北辰西餐店,2026-05-09,enterprise_ref_113193,合成运营主体_113193,store_ref_185285,F市,F市北辰西餐店,task_ref_601047,job_ref_187629,1,1,1,否,0,0,0,0
西餐,2,1,F市北辰西餐店,2026-05-09,enterprise_ref_113193,合成运营主体_113193,store_ref_185285,F市,F市北辰西餐店,task_ref_808774,job_ref_187629,1,1,1,否,0,0,0,0
西餐,2,1,F市北辰西餐店,2026-05-09,enterprise_ref_113193,合成运营主体_113193,store_ref_185285,F市,F市北辰西餐店,task_ref_285441,job_ref_187629,1,1,1,否,0,0,0,0
西餐,2,1,F市北辰西餐店,2026-05-09,enterprise_ref_113193,合成运营主体_113193,store_ref_185285,F市,F市北辰西餐店,task_ref_481161,job_ref_839338,1,1,1,否,0,0,0,0
西餐,2,1,F市北辰西餐店,2026-05-09,enterprise_ref_113193,合成运营主体_113193,store_ref_185285,F市,F市北辰西餐店,task_ref_716091,job_ref_839338,1,1,1,否,0,0,0,0
西餐,2,1,F市北辰西餐店,2026-05-10,enterprise_ref_113193,合成运营主体_113193,store_ref_185285,F市,F市北辰西餐店,task_ref_594399,job_ref_187629,1,1,1,否,0,0,0,0
西餐,2,1,F市北辰西餐店,2026-05-10,enterprise_ref_113193,合成运营主体_113193,store_ref_185285,F市,F市北辰西餐店,task_ref_304552,job_ref_187629,1,1,1,否,0,0,0,0
西餐,2,1,F市北辰西餐店,2026-05-10,enterprise_ref_113193,合成运营主体_113193,store_ref_185285,F市,F市北辰西餐店,task_ref_667612,job_ref_187629,1,1,1,否,0,0,0,0
西餐,2,1,F市北辰西餐店,2026-05-10,enterprise_ref_113193,合成运营主体_113193,store_ref_185285,F市,F市北辰西餐店,task_ref_527526,job_ref_187629,1,1,1,否,0,0,0,0
西餐,2,1,F市北辰西餐店,2026-05-10,enterprise_ref_113193,合成运营主体_113193,store_ref_185285,F市,F市北辰西餐店,task_ref_982879,job_ref_839338,1,1,1,否,0,0,0,0
西餐,2,1,F市北辰西餐店,2026-05-10,enterprise_ref_113193,合成运营主体_113193,store_ref_185285,F市,F市北辰西餐店,task_ref_261062,job_ref_839338,1,1,1,否,0,0,0,0
西餐,2,1,F市北辰西餐店,2026-05-11,enterprise_ref_113193,合成运营主体_113193,store_ref_185285,F市,F市北辰西餐店,task_ref_771661,job_ref_187629,1,1,1,否,0,0,0,0
西餐,2,1,F市北辰西餐店,2026-05-11,enterprise_ref_113193,合成运营主体_113193,store_ref_185285,F市,F市北辰西餐店,task_ref_608876,job_ref_187629,1,1,1,否,0,0,0,0
西餐,2,1,F市北辰西餐店,2026-05-11,enterprise_ref_113193,合成运营主体_113193,store_ref_185285,F市,F市北辰西餐店,task_ref_879154,job_ref_187629,1,1,1,否,0,0,0,0
西餐,2,1,F市北辰西餐店,2026-05-11,enterprise_ref_113193,合成运营主体_113193,store_ref_185285,F市,F市北辰西餐店,task_ref_737172,job_ref_187629,1,1,1,否,0,0,0,0
西餐,2,1,F市北辰西餐店,2026-05-11,enterprise_ref_113193,合成运营主体_113193,store_ref_185285,F市,F市北辰西餐店,task_ref_962997,job_ref_839338,1,1,1,否,0,0,0,0
西餐,2,1,F市北辰西餐店,2026-05-11,enterprise_ref_113193,合成运营主体_113193,store_ref_185285,F市,F市北辰西餐店,task_ref_514103,job_ref_839338,1,1,1,否,0,0,0,0
西餐,2,1,F市北辰西餐店,2026-05-12,enterprise_ref_113193,合成运营主体_113193,store_ref_185285,F市,F市北辰西餐店,task_ref_573749,job_ref_187629,1,1,1,否,0,0,0,0
西餐,2,1,F市北辰西餐店,2026-05-12,enterprise_ref_113193,合成运营主体_113193,store_ref_185285,F市,F市北辰西餐店,task_ref_241579,job_ref_187629,1,1,1,否,0,0,0,0
西餐,2,1,F市北辰西餐店,2026-05-12,enterprise_ref_113193,合成运营主体_113193,store_ref_185285,F市,F市北辰西餐店,task_ref_087151,job_ref_187629,1,1,1,否,0,0,0,0
西餐,2,1,F市北辰西餐店,2026-05-12,enterprise_ref_113193,合成运营主体_113193,store_ref_185285,F市,F市北辰西餐店,task_ref_968225,job_ref_187629,1,1,1,否,0,0,0,0
西餐,2,1,F市北辰西餐店,2026-05-12,enterprise_ref_113193,合成运营主体_113193,store_ref_185285,F市,F市北辰西餐店,task_ref_767970,job_ref_839338,1,1,1,否,0,0,0,0
西餐,2,1,F市北辰西餐店,2026-05-12,enterprise_ref_113193,合成运营主体_113193,store_ref_185285,F市,F市北辰西餐店,task_ref_351776,job_ref_839338,1,1,1,否,0,0,0,0
西餐,2,1,F市北辰西餐店,2026-05-13,enterprise_ref_113193,合成运营主体_113193,store_ref_185285,F市,F市北辰西餐店,task_ref_281049,job_ref_187629,1,1,1,否,0,0,0,0
西餐,2,1,F市北辰西餐店,2026-05-13,enterprise_ref_113193,合成运营主体_113193,store_ref_185285,F市,F市北辰西餐店,task_ref_447883,job_ref_187629,1,1,1,否,0,0,0,0
西餐,2,1,F市北辰西餐店,2026-05-13,enterprise_ref_113193,合成运营主体_113193,store_ref_185285,F市,F市北辰西餐店,task_ref_776514,job_ref_187629,1,1,1,否,0,0,0,0
西餐,2,1,F市北辰西餐店,2026-05-13,enterprise_ref_113193,合成运营主体_113193,store_ref_185285,F市,F市北辰西餐店,task_ref_445241,job_ref_187629,1,1,1,否,0,0,0,0
西餐,2,1,F市北辰西餐店,2026-05-13,enterprise_ref_113193,合成运营主体_113193,store_ref_185285,F市,F市北辰西餐店,task_ref_409895,job_ref_839338,1,1,1,否,0,0,0,0
西餐,2,1,F市北辰西餐店,2026-05-13,enterprise_ref_113193,合成运营主体_113193,store_ref_185285,F市,F市北辰西餐店,task_ref_771833,job_ref_839338,1,1,1,否,0,0,0,0
西餐,2,1,F市北辰西餐店,2026-05-14,enterprise_ref_113193,合成运营主体_113193,store_ref_185285,F市,F市北辰西餐店,task_ref_358715,job_ref_187629,1,1,1,否,0,0,0,0
西餐,2,1,F市北辰西餐店,2026-05-14,enterprise_ref_113193,合成运营主体_113193,store_ref_185285,F市,F市北辰西餐店,task_ref_101507,job_ref_187629,1,1,1,否,0,0,0,0
西餐,2,1,F市北辰西餐店,2026-05-14,enterprise_ref_113193,合成运营主体_113193,store_ref_185285,F市,F市北辰西餐店,task_ref_730530,job_ref_187629,1,1,1,否,0,0,0,0
西餐,2,1,F市北辰西餐店,2026-05-14,enterprise_ref_113193,合成运营主体_113193,store_ref_185285,F市,F市北辰西餐店,task_ref_805211,job_ref_187629,1,1,1,否,0,0,0,0
西餐,2,1,F市北辰西餐店,2026-05-14,enterprise_ref_113193,合成运营主体_113193,store_ref_185285,F市,F市北辰西餐店,task_ref_691798,job_ref_839338,1,1,1,否,0,0,0,0
西餐,2,1,F市北辰西餐店,2026-05-14,enterprise_ref_113193,合成运营主体_113193,store_ref_185285,F市,F市北辰西餐店,task_ref_824810,job_ref_839338,1,1,1,否,0,0,0,0
西餐,2,1,F市北辰西餐店,2026-05-15,enterprise_ref_113193,合成运营主体_113193,store_ref_185285,F市,F市北辰西餐店,task_ref_832290,job_ref_187629,1,1,1,否,0,0,0,0
西餐,2,1,F市北辰西餐店,2026-05-15,enterprise_ref_113193,合成运营主体_113193,store_ref_185285,F市,F市北辰西餐店,task_ref_827466,job_ref_187629,1,1,1,否,0,0,0,0
西餐,2,1,F市北辰西餐店,2026-05-15,enterprise_ref_113193,合成运营主体_113193,store_ref_185285,F市,F市北辰西餐店,task_ref_905519,job_ref_187629,1,1,1,否,0,0,0,0
西餐,2,1,F市北辰西餐店,2026-05-15,enterprise_ref_113193,合成运营主体_113193,store_ref_185285,F市,F市北辰西餐店,task_ref_709801,job_ref_187629,1,1,1,否,0,0,0,0
西餐,2,1,F市北辰西餐店,2026-05-15,enterprise_ref_113193,合成运营主体_113193,store_ref_185285,F市,F市北辰西餐店,task_ref_322274,job_ref_839338,1,1,1,否,0,0,0,0
西餐,2,1,F市北辰西餐店,2026-05-15,enterprise_ref_113193,合成运营主体_113193,store_ref_185285,F市,F市北辰西餐店,task_ref_328152,job_ref_839338,1,1,1,否,0,0,0,0
西餐,2,1,F市北辰西餐店,2026-05-16,enterprise_ref_113193,合成运营主体_113193,store_ref_185285,F市,F市北辰西餐店,task_ref_647146,job_ref_187629,1,1,1,否,0,0,0,0
西餐,2,1,F市北辰西餐店,2026-05-16,enterprise_ref_113193,合成运营主体_113193,store_ref_185285,F市,F市北辰西餐店,task_ref_058321,job_ref_187629,1,1,1,否,0,0,0,0
西餐,2,1,F市北辰西餐店,2026-05-16,enterprise_ref_113193,合成运营主体_113193,store_ref_185285,F市,F市北辰西餐店,task_ref_744144,job_ref_187629,1,1,1,否,0,0,0,0
西餐,2,1,F市北辰西餐店,2026-05-16,enterprise_ref_113193,合成运营主体_113193,store_ref_185285,F市,F市北辰西餐店,task_ref_863899,job_ref_187629,1,1,1,否,0,0,0,0
西餐,2,1,F市北辰西餐店,2026-05-16,enterprise_ref_113193,合成运营主体_113193,store_ref_185285,F市,F市北辰西餐店,task_ref_829078,job_ref_839338,1,1,1,否,0,0,0,0
西餐,2,1,F市北辰西餐店,2026-05-16,enterprise_ref_113193,合成运营主体_113193,store_ref_185285,F市,F市北辰西餐店,task_ref_448391,job_ref_839338,1,1,1,否,0,0,0,0
西餐,2,1,F市北辰西餐店,2026-05-17,enterprise_ref_113193,合成运营主体_113193,store_ref_185285,F市,F市北辰西餐店,task_ref_063136,job_ref_187629,1,1,1,否,0,0,0,0
西餐,2,1,F市北辰西餐店,2026-05-17,enterprise_ref_113193,合成运营主体_113193,store_ref_185285,F市,F市北辰西餐店,task_ref_938559,job_ref_187629,1,1,1,否,0,0,0,0
西餐,2,1,F市北辰西餐店,2026-05-17,enterprise_ref_113193,合成运营主体_113193,store_ref_185285,F市,F市北辰西餐店,task_ref_518034,job_ref_187629,1,1,1,否,0,0,0,0
西餐,2,1,F市北辰西餐店,2026-05-17,enterprise_ref_113193,合成运营主体_113193,store_ref_185285,F市,F市北辰西餐店,task_ref_511841,job_ref_187629,1,1,1,否,0,0,0,0
西餐,2,1,F市北辰西餐店,2026-05-17,enterprise_ref_113193,合成运营主体_113193,store_ref_185285,F市,F市北辰西餐店,task_ref_884478,job_ref_839338,1,1,1,否,0,0,0,0
西餐,2,1,F市北辰西餐店,2026-05-17,enterprise_ref_113193,合成运营主体_113193,store_ref_185285,F市,F市北辰西餐店,task_ref_812941,job_ref_839338,1,1,1,否,0,0,0,0
西餐,2,1,F市北辰西餐店,2026-05-18,enterprise_ref_113193,合成运营主体_113193,store_ref_185285,F市,F市北辰西餐店,task_ref_208925,job_ref_187629,1,1,1,否,0,0,0,0
西餐,2,1,F市北辰西餐店,2026-05-18,enterprise_ref_113193,合成运营主体_113193,store_ref_185285,F市,F市北辰西餐店,task_ref_799669,job_ref_187629,1,1,1,否,0,0,0,0
西餐,2,1,F市北辰西餐店,2026-05-18,enterprise_ref_113193,合成运营主体_113193,store_ref_185285,F市,F市北辰西餐店,task_ref_868510,job_ref_187629,1,1,1,否,0,0,0,0
西餐,2,1,F市北辰西餐店,2026-05-18,enterprise_ref_113193,合成运营主体_113193,store_ref_185285,F市,F市北辰西餐店,task_ref_955082,job_ref_187629,1,1,1,否,0,0,0,0
西餐,2,1,F市北辰西餐店,2026-05-18,enterprise_ref_113193,合成运营主体_113193,store_ref_185285,F市,F市北辰西餐店,task_ref_871111,job_ref_839338,1,1,1,否,0,0,0,0
西餐,2,1,F市北辰西餐店,2026-05-18,enterprise_ref_113193,合成运营主体_113193,store_ref_185285,F市,F市北辰西餐店,task_ref_529457,job_ref_839338,1,1,1,否,0,0,0,0
西餐,2,1,F市北辰西餐店,2026-05-19,enterprise_ref_113193,合成运营主体_113193,store_ref_185285,F市,F市北辰西餐店,task_ref_760523,job_ref_187629,1,1,1,否,0,0,0,0
西餐,2,1,F市北辰西餐店,2026-05-19,enterprise_ref_113193,合成运营主体_113193,store_ref_185285,F市,F市北辰西餐店,task_ref_595285,job_ref_187629,1,1,1,否,0,0,0,0
西餐,2,1,F市北辰西餐店,2026-05-19,enterprise_ref_113193,合成运营主体_113193,store_ref_185285,F市,F市北辰西餐店,task_ref_001788,job_ref_187629,1,1,1,否,0,0,0,0
西餐,2,1,F市北辰西餐店,2026-05-19,enterprise_ref_113193,合成运营主体_113193,store_ref_185285,F市,F市北辰西餐店,task_ref_177447,job_ref_187629,1,1,1,否,0,0,0,0
西餐,2,1,F市北辰西餐店,2026-05-19,enterprise_ref_113193,合成运营主体_113193,store_ref_185285,F市,F市北辰西餐店,task_ref_188663,job_ref_839338,1,1,1,否,0,0,0,0
西餐,2,1,F市北辰西餐店,2026-05-19,enterprise_ref_113193,合成运营主体_113193,store_ref_185285,F市,F市北辰西餐店,task_ref_861639,job_ref_839338,1,1,1,否,0,0,0,0
西餐,2,1,F市北辰西餐店,2026-05-20,enterprise_ref_113193,合成运营主体_113193,store_ref_185285,F市,F市北辰西餐店,task_ref_237885,job_ref_187629,1,1,1,否,0,0,0,0
西餐,2,1,F市北辰西餐店,2026-05-20,enterprise_ref_113193,合成运营主体_113193,store_ref_185285,F市,F市北辰西餐店,task_ref_341198,job_ref_187629,1,1,1,否,0,0,0,0
西餐,2,1,F市北辰西餐店,2026-05-20,enterprise_ref_113193,合成运营主体_113193,store_ref_185285,F市,F市北辰西餐店,task_ref_217784,job_ref_187629,1,1,1,否,0,0,0,0
西餐,2,1,F市北辰西餐店,2026-05-20,enterprise_ref_113193,合成运营主体_113193,store_ref_185285,F市,F市北辰西餐店,task_ref_738457,job_ref_187629,1,1,1,否,0,0,0,0
西餐,2,1,F市北辰西餐店,2026-05-20,enterprise_ref_113193,合成运营主体_113193,store_ref_185285,F市,F市北辰西餐店,task_ref_529359,job_ref_839338,1,1,1,否,0,0,0,0
西餐,2,1,F市北辰西餐店,2026-05-20,enterprise_ref_113193,合成运营主体_113193,store_ref_185285,F市,F市北辰西餐店,task_ref_334692,job_ref_839338,1,1,1,否,0,0,0,0
西餐,2,1,F市北辰西餐店,2026-05-21,enterprise_ref_113193,合成运营主体_113193,store_ref_185285,F市,F市北辰西餐店,task_ref_412092,job_ref_187629,1,1,1,否,0,0,0,0
西餐,2,1,F市北辰西餐店,2026-05-21,enterprise_ref_113193,合成运营主体_113193,store_ref_185285,F市,F市北辰西餐店,task_ref_137950,job_ref_187629,1,1,1,否,0,0,0,0
西餐,2,1,F市北辰西餐店,2026-05-21,enterprise_ref_113193,合成运营主体_113193,store_ref_185285,F市,F市北辰西餐店,task_ref_254426,job_ref_187629,1,1,1,否,0,0,0,0
西餐,2,1,F市北辰西餐店,2026-05-21,enterprise_ref_113193,合成运营主体_113193,store_ref_185285,F市,F市北辰西餐店,task_ref_208663,job_ref_187629,1,1,1,否,0,0,0,0
西餐,2,1,F市北辰西餐店,2026-05-21,enterprise_ref_113193,合成运营主体_113193,store_ref_185285,F市,F市北辰西餐店,task_ref_392559,job_ref_839338,1,1,1,否,0,0,0,0
西餐,2,1,F市北辰西餐店,2026-05-21,enterprise_ref_113193,合成运营主体_113193,store_ref_185285,F市,F市北辰西餐店,task_ref_770674,job_ref_839338,1,1,1,否,0,0,0,0
西餐,2,1,F市北辰西餐店,2026-05-22,enterprise_ref_113193,合成运营主体_113193,store_ref_185285,F市,F市北辰西餐店,task_ref_448484,job_ref_187629,1,1,1,否,0,0,0,0
西餐,2,1,F市北辰西餐店,2026-05-22,enterprise_ref_113193,合成运营主体_113193,store_ref_185285,F市,F市北辰西餐店,task_ref_774423,job_ref_187629,1,1,1,否,0,0,0,0
西餐,2,1,F市北辰西餐店,2026-05-22,enterprise_ref_113193,合成运营主体_113193,store_ref_185285,F市,F市北辰西餐店,task_ref_949839,job_ref_187629,1,1,1,否,0,0,0,0
西餐,2,1,F市北辰西餐店,2026-05-22,enterprise_ref_113193,合成运营主体_113193,store_ref_185285,F市,F市北辰西餐店,task_ref_600466,job_ref_187629,1,1,1,否,0,0,0,0
西餐,2,1,F市北辰西餐店,2026-05-22,enterprise_ref_113193,合成运营主体_113193,store_ref_185285,F市,F市北辰西餐店,task_ref_879494,job_ref_839338,1,1,1,否,0,0,0,0
西餐,2,1,F市北辰西餐店,2026-05-22,enterprise_ref_113193,合成运营主体_113193,store_ref_185285,F市,F市北辰西餐店,task_ref_091449,job_ref_839338,1,1,1,否,0,0,0,0
西餐,2,1,F市北辰西餐店,2026-05-23,enterprise_ref_113193,合成运营主体_113193,store_ref_185285,F市,F市北辰西餐店,task_ref_547986,job_ref_187629,1,1,1,否,0,0,0,0
西餐,2,1,F市北辰西餐店,2026-05-23,enterprise_ref_113193,合成运营主体_113193,store_ref_185285,F市,F市北辰西餐店,task_ref_989519,job_ref_187629,1,1,1,否,0,0,0,0
西餐,2,1,F市北辰西餐店,2026-05-23,enterprise_ref_113193,合成运营主体_113193,store_ref_185285,F市,F市北辰西餐店,task_ref_941567,job_ref_187629,1,1,1,否,0,0,0,0
西餐,2,1,F市北辰西餐店,2026-05-23,enterprise_ref_113193,合成运营主体_113193,store_ref_185285,F市,F市北辰西餐店,task_ref_420262,job_ref_187629,1,1,1,否,0,0,0,0
西餐,2,1,F市北辰西餐店,2026-05-23,enterprise_ref_113193,合成运营主体_113193,store_ref_185285,F市,F市北辰西餐店,task_ref_486407,job_ref_839338,1,1,1,否,0,0,0,0
西餐,2,1,F市北辰西餐店,2026-05-23,enterprise_ref_113193,合成运营主体_113193,store_ref_185285,F市,F市北辰西餐店,task_ref_185277,job_ref_839338,1,1,1,否,0,0,0,0
西餐,2,1,F市北辰西餐店,2026-05-24,enterprise_ref_113193,合成运营主体_113193,store_ref_185285,F市,F市北辰西餐店,task_ref_155055,job_ref_187629,1,1,1,否,0,0,0,0
西餐,2,1,F市北辰西餐店,2026-05-24,enterprise_ref_113193,合成运营主体_113193,store_ref_185285,F市,F市北辰西餐店,task_ref_469644,job_ref_187629,1,1,1,否,0,0,0,0
西餐,2,1,F市北辰西餐店,2026-05-24,enterprise_ref_113193,合成运营主体_113193,store_ref_185285,F市,F市北辰西餐店,task_ref_733381,job_ref_187629,1,1,1,否,0,0,0,0
西餐,2,1,F市北辰西餐店,2026-05-24,enterprise_ref_113193,合成运营主体_113193,store_ref_185285,F市,F市北辰西餐店,task_ref_624690,job_ref_187629,1,1,1,否,0,0,0,0
西餐,2,1,F市北辰西餐店,2026-05-24,enterprise_ref_113193,合成运营主体_113193,store_ref_185285,F市,F市北辰西餐店,task_ref_423187,job_ref_839338,1,1,1,否,0,0,0,0
西餐,2,1,F市北辰西餐店,2026-05-24,enterprise_ref_113193,合成运营主体_113193,store_ref_185285,F市,F市北辰西餐店,task_ref_728422,job_ref_839338,1,1,1,否,0,0,0,0
西餐,2,1,F市北辰西餐店,2026-05-25,enterprise_ref_113193,合成运营主体_113193,store_ref_185285,F市,F市北辰西餐店,task_ref_840108,job_ref_187629,1,1,1,否,0,0,0,0
西餐,2,1,F市北辰西餐店,2026-05-25,enterprise_ref_113193,合成运营主体_113193,store_ref_185285,F市,F市北辰西餐店,task_ref_207468,job_ref_187629,1,1,1,否,0,0,0,0
西餐,2,1,F市北辰西餐店,2026-05-25,enterprise_ref_113193,合成运营主体_113193,store_ref_185285,F市,F市北辰西餐店,task_ref_135488,job_ref_187629,1,1,1,否,0,0,0,0
西餐,2,1,F市北辰西餐店,2026-05-25,enterprise_ref_113193,合成运营主体_113193,store_ref_185285,F市,F市北辰西餐店,task_ref_225935,job_ref_187629,1,1,1,否,0,0,0,0
西餐,2,1,F市北辰西餐店,2026-05-25,enterprise_ref_113193,合成运营主体_113193,store_ref_185285,F市,F市北辰西餐店,task_ref_543306,job_ref_839338,1,1,1,否,0,0,0,0
西餐,2,1,F市北辰西餐店,2026-05-25,enterprise_ref_113193,合成运营主体_113193,store_ref_185285,F市,F市北辰西餐店,task_ref_552703,job_ref_839338,1,1,1,否,0,0,0,0
西餐,2,1,F市北辰西餐店,2026-05-26,enterprise_ref_113193,合成运营主体_113193,store_ref_185285,F市,F市北辰西餐店,task_ref_209851,job_ref_187629,1,1,1,否,0,0,0,0
西餐,2,1,F市北辰西餐店,2026-05-26,enterprise_ref_113193,合成运营主体_113193,store_ref_185285,F市,F市北辰西餐店,task_ref_208657,job_ref_187629,1,1,1,否,0,0,0,0
西餐,2,1,F市北辰西餐店,2026-05-26,enterprise_ref_113193,合成运营主体_113193,store_ref_185285,F市,F市北辰西餐店,task_ref_227702,job_ref_187629,1,1,1,否,0,0,0,0
西餐,2,1,F市北辰西餐店,2026-05-26,enterprise_ref_113193,合成运营主体_113193,store_ref_185285,F市,F市北辰西餐店,task_ref_501150,job_ref_187629,1,1,1,否,0,0,0,0
西餐,2,1,F市北辰西餐店,2026-05-26,enterprise_ref_113193,合成运营主体_113193,store_ref_185285,F市,F市北辰西餐店,task_ref_717786,job_ref_839338,1,1,1,否,0,0,0,0
西餐,2,1,F市北辰西餐店,2026-05-26,enterprise_ref_113193,合成运营主体_113193,store_ref_185285,F市,F市北辰西餐店,task_ref_166915,job_ref_839338,1,1,1,否,0,0,0,0
西餐,2,1,F市北辰西餐店,2026-05-27,enterprise_ref_113193,合成运营主体_113193,store_ref_185285,F市,F市北辰西餐店,task_ref_462585,job_ref_187629,1,1,1,否,0,0,0,0
西餐,2,1,F市北辰西餐店,2026-05-27,enterprise_ref_113193,合成运营主体_113193,store_ref_185285,F市,F市北辰西餐店,task_ref_369551,job_ref_187629,1,1,1,否,0,0,0,0
西餐,2,1,F市北辰西餐店,2026-05-27,enterprise_ref_113193,合成运营主体_113193,store_ref_185285,F市,F市北辰西餐店,task_ref_172241,job_ref_187629,1,1,1,否,0,0,0,0
西餐,2,1,F市北辰西餐店,2026-05-27,enterprise_ref_113193,合成运营主体_113193,store_ref_185285,F市,F市北辰西餐店,task_ref_298383,job_ref_187629,1,1,1,否,0,0,0,0
西餐,2,1,F市北辰西餐店,2026-05-27,enterprise_ref_113193,合成运营主体_113193,store_ref_185285,F市,F市北辰西餐店,task_ref_053428,job_ref_839338,1,1,1,否,0,0,0,0
西餐,2,1,F市北辰西餐店,2026-05-27,enterprise_ref_113193,合成运营主体_113193,store_ref_185285,F市,F市北辰西餐店,task_ref_522634,job_ref_839338,1,1,1,否,0,0,0,0
西餐,2,1,F市北辰西餐店,2026-05-28,enterprise_ref_113193,合成运营主体_113193,store_ref_185285,F市,F市北辰西餐店,task_ref_198420,job_ref_187629,1,1,1,否,0,0,0,0
西餐,2,1,F市北辰西餐店,2026-05-28,enterprise_ref_113193,合成运营主体_113193,store_ref_185285,F市,F市北辰西餐店,task_ref_712008,job_ref_187629,1,1,1,否,0,0,0,0
西餐,2,1,F市北辰西餐店,2026-05-28,enterprise_ref_113193,合成运营主体_113193,store_ref_185285,F市,F市北辰西餐店,task_ref_265024,job_ref_187629,1,1,1,否,0,0,0,0
西餐,2,1,F市北辰西餐店,2026-05-28,enterprise_ref_113193,合成运营主体_113193,store_ref_185285,F市,F市北辰西餐店,task_ref_430469,job_ref_187629,1,1,1,否,0,0,0,0
西餐,2,1,F市北辰西餐店,2026-05-28,enterprise_ref_113193,合成运营主体_113193,store_ref_185285,F市,F市北辰西餐店,task_ref_122045,job_ref_839338,1,1,1,否,0,0,0,0
西餐,2,1,F市北辰西餐店,2026-05-28,enterprise_ref_113193,合成运营主体_113193,store_ref_185285,F市,F市北辰西餐店,task_ref_726091,job_ref_839338,1,1,1,否,0,0,0,0
西餐,2,1,F市北辰西餐店,2026-05-29,enterprise_ref_113193,合成运营主体_113193,store_ref_185285,F市,F市北辰西餐店,task_ref_885310,job_ref_187629,1,1,1,否,0,0,0,0
西餐,2,1,F市北辰西餐店,2026-05-29,enterprise_ref_113193,合成运营主体_113193,store_ref_185285,F市,F市北辰西餐店,task_ref_762936,job_ref_187629,1,1,1,否,0,0,0,0
西餐,2,1,F市北辰西餐店,2026-05-29,enterprise_ref_113193,合成运营主体_113193,store_ref_185285,F市,F市北辰西餐店,task_ref_204852,job_ref_187629,1,1,1,否,0,0,0,0
西餐,2,1,F市北辰西餐店,2026-05-29,enterprise_ref_113193,合成运营主体_113193,store_ref_185285,F市,F市北辰西餐店,task_ref_035961,job_ref_187629,1,1,1,否,0,0,0,0
西餐,2,1,F市北辰西餐店,2026-05-29,enterprise_ref_113193,合成运营主体_113193,store_ref_185285,F市,F市北辰西餐店,task_ref_350694,job_ref_839338,1,1,1,否,0,0,0,0
西餐,2,1,F市北辰西餐店,2026-05-29,enterprise_ref_113193,合成运营主体_113193,store_ref_185285,F市,F市北辰西餐店,task_ref_084251,job_ref_839338,1,1,1,否,0,0,0,0
西餐,2,1,F市北辰西餐店,2026-05-30,enterprise_ref_113193,合成运营主体_113193,store_ref_185285,F市,F市北辰西餐店,task_ref_901713,job_ref_187629,1,1,1,否,0,0,0,0
西餐,2,1,F市北辰西餐店,2026-05-30,enterprise_ref_113193,合成运营主体_113193,store_ref_185285,F市,F市北辰西餐店,task_ref_434041,job_ref_187629,1,1,1,否,0,0,0,0
西餐,2,1,F市北辰西餐店,2026-05-30,enterprise_ref_113193,合成运营主体_113193,store_ref_185285,F市,F市北辰西餐店,task_ref_186747,job_ref_187629,1,1,1,否,0,0,0,0
西餐,2,1,F市北辰西餐店,2026-05-30,enterprise_ref_113193,合成运营主体_113193,store_ref_185285,F市,F市北辰西餐店,task_ref_407320,job_ref_187629,1,1,1,否,0,0,0,0
西餐,2,1,F市北辰西餐店,2026-05-30,enterprise_ref_113193,合成运营主体_113193,store_ref_185285,F市,F市北辰西餐店,task_ref_706172,job_ref_839338,1,1,1,否,0,0,0,0
西餐,2,1,F市北辰西餐店,2026-05-30,enterprise_ref_113193,合成运营主体_113193,store_ref_185285,F市,F市北辰西餐店,task_ref_375742,job_ref_839338,1,1,1,否,0,0,0,0
西餐,2,1,F市北辰西餐店,2026-05-31,enterprise_ref_113193,合成运营主体_113193,store_ref_185285,F市,F市北辰西餐店,task_ref_691000,job_ref_187629,1,1,1,否,0,0,0,0
西餐,2,1,F市北辰西餐店,2026-05-31,enterprise_ref_113193,合成运营主体_113193,store_ref_185285,F市,F市北辰西餐店,task_ref_186535,job_ref_187629,1,1,1,否,0,0,0,0
西餐,2,1,F市北辰西餐店,2026-05-31,enterprise_ref_113193,合成运营主体_113193,store_ref_185285,F市,F市北辰西餐店,task_ref_542593,job_ref_187629,1,1,1,否,0,0,0,0
西餐,2,1,F市北辰西餐店,2026-05-31,enterprise_ref_113193,合成运营主体_113193,store_ref_185285,F市,F市北辰西餐店,task_ref_559753,job_ref_187629,1,1,1,否,0,0,0,0
西餐,2,1,F市北辰西餐店,2026-05-31,enterprise_ref_113193,合成运营主体_113193,store_ref_185285,F市,F市北辰西餐店,task_ref_240593,job_ref_839338,1,1,1,否,0,0,0,0
西餐,2,1,F市北辰西餐店,2026-05-31,enterprise_ref_113193,合成运营主体_113193,store_ref_185285,F市,F市北辰西餐店,task_ref_840276,job_ref_839338,1,1,1,否,0,0,0,0
西餐,2,3,K市明庭西餐店,2026-05-03,enterprise_ref_671998,合成运营主体_671998,store_ref_252533,K市,K市明庭西餐店,,job_ref_111463,0,1,1,否,0,0,0,0
西餐,2,3,K市明庭西餐店,2026-05-04,enterprise_ref_671998,合成运营主体_671998,store_ref_252533,K市,K市明庭西餐店,,job_ref_111463,0,1,1,否,0,0,0,0
西餐,2,3,K市明庭西餐店,2026-05-05,enterprise_ref_671998,合成运营主体_671998,store_ref_252533,K市,K市明庭西餐店,,job_ref_111463,0,1,1,否,0,0,0,0
西餐,2,3,K市明庭西餐店,2026-05-07,enterprise_ref_671998,合成运营主体_671998,store_ref_252533,K市,K市明庭西餐店,,job_ref_111463,0,1,1,否,0,0,0,0
西餐,2,3,K市明庭西餐店,2026-05-10,enterprise_ref_671998,合成运营主体_671998,store_ref_252533,K市,K市明庭西餐店,,job_ref_111463,1,1,1,否,0,0,0,0
西餐,2,3,K市明庭西餐店,2026-05-10,enterprise_ref_671998,合成运营主体_671998,store_ref_252533,K市,K市明庭西餐店,,job_ref_111463,0,1,1,否,0,0,0,0
西餐,2,3,K市明庭西餐店,2026-05-11,enterprise_ref_671998,合成运营主体_671998,store_ref_252533,K市,K市明庭西餐店,,job_ref_111463,0,1,1,否,0,0,0,0
西餐,2,3,K市明庭西餐店,2026-05-11,enterprise_ref_671998,合成运营主体_671998,store_ref_252533,K市,K市明庭西餐店,,job_ref_111463,0,1,1,否,0,0,0,0
西餐,2,3,K市明庭西餐店,2026-05-14,enterprise_ref_671998,合成运营主体_671998,store_ref_252533,K市,K市明庭西餐店,,job_ref_111463,0,1,1,否,0,0,0,0
西餐,2,3,K市明庭西餐店,2026-05-15,enterprise_ref_671998,合成运营主体_671998,store_ref_252533,K市,K市明庭西餐店,,job_ref_111463,0,1,1,否,0,0,0,0
西餐,2,3,K市明庭西餐店,2026-05-18,enterprise_ref_671998,合成运营主体_671998,store_ref_252533,K市,K市明庭西餐店,,job_ref_111463,1,1,1,否,0,0,0,0
西餐,2,3,K市明庭西餐店,2026-05-18,enterprise_ref_671998,合成运营主体_671998,store_ref_252533,K市,K市明庭西餐店,,job_ref_111463,0,1,1,否,0,0,0,0
西餐,2,3,K市明庭西餐店,2026-05-18,enterprise_ref_671998,合成运营主体_671998,store_ref_252533,K市,K市明庭西餐店,,job_ref_111463,0,1,1,否,0,0,0,0
西餐,2,3,K市明庭西餐店,2026-05-19,enterprise_ref_671998,合成运营主体_671998,store_ref_252533,K市,K市明庭西餐店,,job_ref_111463,1,1,1,否,0,0,0,0
西餐,2,3,K市明庭西餐店,2026-05-20,enterprise_ref_671998,合成运营主体_671998,store_ref_252533,K市,K市明庭西餐店,,job_ref_111463,1,1,1,否,0,0,0,0
西餐,2,3,K市明庭西餐店,2026-05-21,enterprise_ref_671998,合成运营主体_671998,store_ref_252533,K市,K市明庭西餐店,,job_ref_111463,0,1,1,否,0,0,0,0
西餐,2,3,K市明庭西餐店,2026-05-23,enterprise_ref_671998,合成运营主体_671998,store_ref_252533,K市,K市明庭西餐店,,job_ref_111463,1,1,1,否,0,0,0,0
西餐,2,3,K市明庭西餐店,2026-05-24,enterprise_ref_671998,合成运营主体_671998,store_ref_252533,K市,K市明庭西餐店,,job_ref_111463,1,1,1,否,0,0,0,0
西餐,2,3,K市明庭西餐店,2026-05-25,enterprise_ref_671998,合成运营主体_671998,store_ref_252533,K市,K市明庭西餐店,,job_ref_111463,1,1,1,否,0,0,0,0
西餐,2,3,K市明庭西餐店,2026-05-28,enterprise_ref_671998,合成运营主体_671998,store_ref_252533,K市,K市明庭西餐店,,job_ref_111463,0,1,1,否,0,0,0,0
西餐,2,3,K市明庭西餐店,2026-05-28,enterprise_ref_671998,合成运营主体_671998,store_ref_252533,K市,K市明庭西餐店,,job_ref_111463,0,1,1,否,0,0,0,0
商超,3,2,J市嘉木商超门店,2026-05-01,enterprise_ref_184656,合成运营主体_184656,store_ref_624828,J市,J市嘉木商超门店,,job_ref_860072,1,1,1,否,0,0,0,0
商超,3,2,J市嘉木商超门店,2026-05-01,enterprise_ref_184656,合成运营主体_184656,store_ref_624828,J市,J市嘉木商超门店,,job_ref_860072,1,1,1,否,0,0,0,0
商超,3,2,J市嘉木商超门店,2026-05-01,enterprise_ref_184656,合成运营主体_184656,store_ref_624828,J市,J市嘉木商超门店,,job_ref_860072,1,1,1,否,0,0,0,0
商超,3,2,J市嘉木商超门店,2026-05-01,enterprise_ref_184656,合成运营主体_184656,store_ref_624828,J市,J市嘉木商超门店,,job_ref_860072,1,1,1,否,0,0,0,0
商超,3,2,J市嘉木商超门店,2026-05-01,enterprise_ref_184656,合成运营主体_184656,store_ref_624828,J市,J市嘉木商超门店,,job_ref_517563,1,1,1,否,0,0,0,0
商超,3,2,J市嘉木商超门店,2026-05-01,enterprise_ref_184656,合成运营主体_184656,store_ref_624828,J市,J市嘉木商超门店,,job_ref_227104,1,1,1,否,0,0,0,0
商超,3,2,J市嘉木商超门店,2026-05-01,enterprise_ref_184656,合成运营主体_184656,store_ref_624828,J市,J市嘉木商超门店,,job_ref_391389,0,1,1,否,0,0,0,0
商超,3,2,J市嘉木商超门店,2026-05-01,enterprise_ref_184656,合成运营主体_184656,store_ref_624828,J市,J市嘉木商超门店,,job_ref_517563,0,1,1,否,0,0,0,0
商超,3,2,J市嘉木商超门店,2026-05-01,enterprise_ref_184656,合成运营主体_184656,store_ref_624828,J市,J市嘉木商超门店,,job_ref_625337,1,1,1,否,0,0,0,0
商超,3,2,J市嘉木商超门店,2026-05-01,enterprise_ref_184656,合成运营主体_184656,store_ref_624828,J市,J市嘉木商超门店,,job_ref_860072,1,1,1,否,0,0,0,0
商超,3,2,J市嘉木商超门店,2026-05-01,enterprise_ref_184656,合成运营主体_184656,store_ref_624828,J市,J市嘉木商超门店,,job_ref_860072,1,1,1,否,0,0,0,0
商超,3,2,J市嘉木商超门店,2026-05-01,enterprise_ref_184656,合成运营主体_184656,store_ref_624828,J市,J市嘉木商超门店,,job_ref_495695,1,1,1,否,0,0,0,0
商超,3,2,J市嘉木商超门店,2026-05-01,enterprise_ref_184656,合成运营主体_184656,store_ref_624828,J市,J市嘉木商超门店,,job_ref_778489,1,1,1,否,0,0,0,0
商超,3,2,J市嘉木商超门店,2026-05-01,enterprise_ref_184656,合成运营主体_184656,store_ref_624828,J市,J市嘉木商超门店,,job_ref_709051,0,1,1,否,0,0,0,0
商超,3,2,J市嘉木商超门店,2026-05-01,enterprise_ref_184656,合成运营主体_184656,store_ref_624828,J市,J市嘉木商超门店,,job_ref_495695,1,1,1,否,0,0,0,0
商超,3,2,J市嘉木商超门店,2026-05-01,enterprise_ref_184656,合成运营主体_184656,store_ref_624828,J市,J市嘉木商超门店,,job_ref_079263,1,1,1,否,0,0,0,0
商超,3,2,J市嘉木商超门店,2026-05-01,enterprise_ref_184656,合成运营主体_184656,store_ref_624828,J市,J市嘉木商超门店,,job_ref_860072,1,1,1,否,0,0,0,0
商超,3,2,J市嘉木商超门店,2026-05-01,enterprise_ref_184656,合成运营主体_184656,store_ref_624828,J市,J市嘉木商超门店,,job_ref_860072,1,1,1,否,0,0,0,0
商超,3,2,J市嘉木商超门店,2026-05-01,enterprise_ref_184656,合成运营主体_184656,store_ref_624828,J市,J市嘉木商超门店,,job_ref_391389,1,1,1,否,0,0,0,0
商超,3,2,J市嘉木商超门店,2026-05-01,enterprise_ref_184656,合成运营主体_184656,store_ref_624828,J市,J市嘉木商超门店,,job_ref_227104,1,1,1,否,0,0,0,0
商超,3,2,J市嘉木商超门店,2026-05-01,enterprise_ref_184656,合成运营主体_184656,store_ref_624828,J市,J市嘉木商超门店,,job_ref_625337,4,4,4,否,0,0,0,0
商超,3,2,J市嘉木商超门店,2026-05-01,enterprise_ref_184656,合成运营主体_184656,store_ref_624828,J市,J市嘉木商超门店,,job_ref_517563,0,1,1,否,0,0,0,0
商超,3,2,J市嘉木商超门店,2026-05-01,enterprise_ref_184656,合成运营主体_184656,store_ref_624828,J市,J市嘉木商超门店,,job_ref_391389,1,1,1,否,0,0,0,0
商超,3,2,J市嘉木商超门店,2026-05-01,enterprise_ref_184656,合成运营主体_184656,store_ref_624828,J市,J市嘉木商超门店,,job_ref_391389,1,1,1,否,0,0,0,0
商超,3,2,J市嘉木商超门店,2026-05-01,enterprise_ref_184656,合成运营主体_184656,store_ref_624828,J市,J市嘉木商超门店,,job_ref_043543,1,1,1,否,0,0,0,0
商超,3,2,J市嘉木商超门店,2026-05-01,enterprise_ref_184656,合成运营主体_184656,store_ref_624828,J市,J市嘉木商超门店,,job_ref_227104,0,1,1,否,0,0,0,0
商超,3,2,J市嘉木商超门店,2026-05-01,enterprise_ref_184656,合成运营主体_184656,store_ref_624828,J市,J市嘉木商超门店,,job_ref_517563,1,1,1,否,0,0,0,0
商超,3,2,J市嘉木商超门店,2026-05-01,enterprise_ref_184656,合成运营主体_184656,store_ref_624828,J市,J市嘉木商超门店,,job_ref_860072,1,1,1,否,0,0,0,0
商超,3,2,J市嘉木商超门店,2026-05-01,enterprise_ref_184656,合成运营主体_184656,store_ref_624828,J市,J市嘉木商超门店,,job_ref_278560,1,1,1,否,0,0,0,0
商超,3,2,J市嘉木商超门店,2026-05-01,enterprise_ref_184656,合成运营主体_184656,store_ref_624828,J市,J市嘉木商超门店,,job_ref_391389,1,1,1,否,0,0,0,0
商超,3,2,J市嘉木商超门店,2026-05-01,enterprise_ref_184656,合成运营主体_184656,store_ref_624828,J市,J市嘉木商超门店,,job_ref_860072,1,1,1,否,0,0,0,0
商超,3,2,J市嘉木商超门店,2026-05-01,enterprise_ref_184656,合成运营主体_184656,store_ref_624828,J市,J市嘉木商超门店,,job_ref_399817,1,1,1,否,0,0,0,0
商超,3,2,J市嘉木商超门店,2026-05-01,enterprise_ref_184656,合成运营主体_184656,store_ref_624828,J市,J市嘉木商超门店,,job_ref_278560,2,2,2,否,0,0,0,0
商超,3,2,J市嘉木商超门店,2026-05-01,enterprise_ref_184656,合成运营主体_184656,store_ref_624828,J市,J市嘉木商超门店,,job_ref_379949,1,1,1,否,0,0,0,0
商超,3,2,J市嘉木商超门店,2026-05-01,enterprise_ref_184656,合成运营主体_184656,store_ref_624828,J市,J市嘉木商超门店,,job_ref_391389,1,1,1,否,0,0,0,0
商超,3,2,J市嘉木商超门店,2026-05-01,enterprise_ref_184656,合成运营主体_184656,store_ref_624828,J市,J市嘉木商超门店,,job_ref_043543,1,1,1,否,0,0,0,0
商超,3,2,J市嘉木商超门店,2026-05-01,enterprise_ref_184656,合成运营主体_184656,store_ref_624828,J市,J市嘉木商超门店,,job_ref_517563,1,1,1,否,0,0,0,0
商超,3,2,J市嘉木商超门店,2026-05-01,enterprise_ref_184656,合成运营主体_184656,store_ref_624828,J市,J市嘉木商超门店,,job_ref_227104,1,1,1,否,0,0,0,0
商超,3,2,J市嘉木商超门店,2026-05-01,enterprise_ref_184656,合成运营主体_184656,store_ref_624828,J市,J市嘉木商超门店,,job_ref_625337,0,1,1,否,0,0,0,0
商超,3,2,J市嘉木商超门店,2026-05-01,enterprise_ref_184656,合成运营主体_184656,store_ref_624828,J市,J市嘉木商超门店,,job_ref_625337,1,1,1,否,0,0,0,0
商超,3,2,J市嘉木商超门店,2026-05-01,enterprise_ref_184656,合成运营主体_184656,store_ref_624828,J市,J市嘉木商超门店,,job_ref_043543,1,1,1,否,0,0,0,0
商超,3,2,J市嘉木商超门店,2026-05-01,enterprise_ref_184656,合成运营主体_184656,store_ref_624828,J市,J市嘉木商超门店,,job_ref_227104,1,1,1,否,0,0,0,0
商超,3,2,J市嘉木商超门店,2026-05-01,enterprise_ref_184656,合成运营主体_184656,store_ref_624828,J市,J市嘉木商超门店,,job_ref_391389,1,1,1,否,0,0,0,0
商超,3,2,J市嘉木商超门店,2026-05-01,enterprise_ref_184656,合成运营主体_184656,store_ref_624828,J市,J市嘉木商超门店,,job_ref_778489,1,1,1,否,0,0,0,0
商超,3,2,J市嘉木商超门店,2026-05-01,enterprise_ref_184656,合成运营主体_184656,store_ref_624828,J市,J市嘉木商超门店,,job_ref_391389,1,1,1,否,0,0,0,0
商超,3,2,J市嘉木商超门店,2026-05-01,enterprise_ref_184656,合成运营主体_184656,store_ref_624828,J市,J市嘉木商超门店,,job_ref_860072,1,1,1,否,0,0,0,0
商超,3,2,J市嘉木商超门店,2026-05-01,enterprise_ref_184656,合成运营主体_184656,store_ref_624828,J市,J市嘉木商超门店,,job_ref_391389,1,1,1,否,0,0,0,0
商超,3,2,J市嘉木商超门店,2026-05-01,enterprise_ref_184656,合成运营主体_184656,store_ref_624828,J市,J市嘉木商超门店,,job_ref_399817,1,1,1,否,0,0,0,0
商超,3,2,J市嘉木商超门店,2026-05-02,enterprise_ref_184656,合成运营主体_184656,store_ref_624828,J市,J市嘉木商超门店,,job_ref_227104,1,1,1,否,0,0,0,0
商超,3,2,J市嘉木商超门店,2026-05-02,enterprise_ref_184656,合成运营主体_184656,store_ref_624828,J市,J市嘉木商超门店,,job_ref_495695,1,1,1,否,0,0,0,0
商超,3,2,J市嘉木商超门店,2026-05-02,enterprise_ref_184656,合成运营主体_184656,store_ref_624828,J市,J市嘉木商超门店,,job_ref_860072,1,1,1,否,0,0,0,0
商超,3,2,J市嘉木商超门店,2026-05-02,enterprise_ref_184656,合成运营主体_184656,store_ref_624828,J市,J市嘉木商超门店,,job_ref_227104,1,1,1,否,0,0,0,0
商超,3,2,J市嘉木商超门店,2026-05-02,enterprise_ref_184656,合成运营主体_184656,store_ref_624828,J市,J市嘉木商超门店,,job_ref_391389,1,1,1,否,0,0,0,0
商超,3,2,J市嘉木商超门店,2026-05-02,enterprise_ref_184656,合成运营主体_184656,store_ref_624828,J市,J市嘉木商超门店,,job_ref_391389,0,1,1,否,0,0,0,0
商超,3,2,J市嘉木商超门店,2026-05-02,enterprise_ref_184656,合成运营主体_184656,store_ref_624828,J市,J市嘉木商超门店,,job_ref_391389,1,1,1,否,0,0,0,0
商超,3,2,J市嘉木商超门店,2026-05-02,enterprise_ref_184656,合成运营主体_184656,store_ref_624828,J市,J市嘉木商超门店,,job_ref_399817,1,1,1,否,0,0,0,0
商超,3,2,J市嘉木商超门店,2026-05-02,enterprise_ref_184656,合成运营主体_184656,store_ref_624828,J市,J市嘉木商超门店,,job_ref_399817,1,1,1,否,0,0,0,0
商超,3,2,J市嘉木商超门店,2026-05-02,enterprise_ref_184656,合成运营主体_184656,store_ref_624828,J市,J市嘉木商超门店,,job_ref_860072,1,1,1,否,0,0,0,0
商超,3,2,J市嘉木商超门店,2026-05-02,enterprise_ref_184656,合成运营主体_184656,store_ref_624828,J市,J市嘉木商超门店,,job_ref_625337,4,4,4,否,0,0,0,0
商超,3,2,J市嘉木商超门店,2026-05-02,enterprise_ref_184656,合成运营主体_184656,store_ref_624828,J市,J市嘉木商超门店,,job_ref_391389,1,1,1,否,0,0,0,0
商超,3,2,J市嘉木商超门店,2026-05-02,enterprise_ref_184656,合成运营主体_184656,store_ref_624828,J市,J市嘉木商超门店,,job_ref_778489,1,1,1,否,0,0,0,0
商超,3,2,J市嘉木商超门店,2026-05-02,enterprise_ref_184656,合成运营主体_184656,store_ref_624828,J市,J市嘉木商超门店,,job_ref_625337,0,1,1,否,0,0,0,0
商超,3,2,J市嘉木商超门店,2026-05-02,enterprise_ref_184656,合成运营主体_184656,store_ref_624828,J市,J市嘉木商超门店,,job_ref_709051,1,1,1,否,0,0,0,0
商超,3,2,J市嘉木商超门店,2026-05-02,enterprise_ref_184656,合成运营主体_184656,store_ref_624828,J市,J市嘉木商超门店,,job_ref_043543,1,1,1,否,0,0,0,0
商超,3,2,J市嘉木商超门店,2026-05-02,enterprise_ref_184656,合成运营主体_184656,store_ref_624828,J市,J市嘉木商超门店,,job_ref_778489,1,1,1,否,0,0,0,0
商超,3,2,J市嘉木商超门店,2026-05-02,enterprise_ref_184656,合成运营主体_184656,store_ref_624828,J市,J市嘉木商超门店,,job_ref_517563,1,1,1,否,0,0,0,0
商超,3,2,J市嘉木商超门店,2026-05-02,enterprise_ref_184656,合成运营主体_184656,store_ref_624828,J市,J市嘉木商超门店,,job_ref_517563,1,1,1,否,0,0,0,0
商超,3,2,J市嘉木商超门店,2026-05-02,enterprise_ref_184656,合成运营主体_184656,store_ref_624828,J市,J市嘉木商超门店,,job_ref_278560,1,1,1,否,0,0,0,0
商超,3,2,J市嘉木商超门店,2026-05-02,enterprise_ref_184656,合成运营主体_184656,store_ref_624828,J市,J市嘉木商超门店,,job_ref_079263,1,1,1,否,0,0,0,0
商超,3,2,J市嘉木商超门店,2026-05-02,enterprise_ref_184656,合成运营主体_184656,store_ref_624828,J市,J市嘉木商超门店,,job_ref_517563,1,1,1,否,0,0,0,0
商超,3,2,J市嘉木商超门店,2026-05-02,enterprise_ref_184656,合成运营主体_184656,store_ref_624828,J市,J市嘉木商超门店,,job_ref_625337,1,1,1,否,0,0,0,0
商超,3,2,J市嘉木商超门店,2026-05-02,enterprise_ref_184656,合成运营主体_184656,store_ref_624828,J市,J市嘉木商超门店,,job_ref_860072,1,1,1,否,0,0,0,0
商超,3,2,J市嘉木商超门店,2026-05-02,enterprise_ref_184656,合成运营主体_184656,store_ref_624828,J市,J市嘉木商超门店,,job_ref_379949,1,1,1,否,0,0,0,0
商超,3,2,J市嘉木商超门店,2026-05-02,enterprise_ref_184656,合成运营主体_184656,store_ref_624828,J市,J市嘉木商超门店,,job_ref_227104,1,1,1,否,0,0,0,0
商超,3,2,J市嘉木商超门店,2026-05-02,enterprise_ref_184656,合成运营主体_184656,store_ref_624828,J市,J市嘉木商超门店,,job_ref_860072,1,1,1,否,0,0,0,0
商超,3,2,J市嘉木商超门店,2026-05-02,enterprise_ref_184656,合成运营主体_184656,store_ref_624828,J市,J市嘉木商超门店,,job_ref_517563,0,1,1,否,0,0,0,0
商超,3,2,J市嘉木商超门店,2026-05-02,enterprise_ref_184656,合成运营主体_184656,store_ref_624828,J市,J市嘉木商超门店,,job_ref_860072,1,1,1,否,0,0,0,0
商超,3,2,J市嘉木商超门店,2026-05-02,enterprise_ref_184656,合成运营主体_184656,store_ref_624828,J市,J市嘉木商超门店,,job_ref_860072,1,1,1,否,0,0,0,0
商超,3,2,J市嘉木商超门店,2026-05-02,enterprise_ref_184656,合成运营主体_184656,store_ref_624828,J市,J市嘉木商超门店,,job_ref_625337,0,1,1,否,0,0,0,0
商超,3,2,J市嘉木商超门店,2026-05-02,enterprise_ref_184656,合成运营主体_184656,store_ref_624828,J市,J市嘉木商超门店,,job_ref_820894,1,1,1,否,0,0,0,0
商超,3,2,J市嘉木商超门店,2026-05-02,enterprise_ref_184656,合成运营主体_184656,store_ref_624828,J市,J市嘉木商超门店,,job_ref_860072,1,1,1,否,0,0,0,0
商超,3,2,J市嘉木商超门店,2026-05-02,enterprise_ref_184656,合成运营主体_184656,store_ref_624828,J市,J市嘉木商超门店,,job_ref_391389,1,1,1,否,0,0,0,0
商超,3,2,J市嘉木商超门店,2026-05-02,enterprise_ref_184656,合成运营主体_184656,store_ref_624828,J市,J市嘉木商超门店,,job_ref_860072,1,1,1,否,0,0,0,0
商超,3,2,J市嘉木商超门店,2026-05-02,enterprise_ref_184656,合成运营主体_184656,store_ref_624828,J市,J市嘉木商超门店,,job_ref_391389,1,1,1,否,0,0,0,0
商超,3,2,J市嘉木商超门店,2026-05-02,enterprise_ref_184656,合成运营主体_184656,store_ref_624828,J市,J市嘉木商超门店,,job_ref_391389,0,1,1,否,0,0,0,0
商超,3,2,J市嘉木商超门店,2026-05-02,enterprise_ref_184656,合成运营主体_184656,store_ref_624828,J市,J市嘉木商超门店,,job_ref_860072,1,1,1,否,0,0,0,0
商超,3,2,J市嘉木商超门店,2026-05-02,enterprise_ref_184656,合成运营主体_184656,store_ref_624828,J市,J市嘉木商超门店,,job_ref_391389,1,1,1,否,0,0,0,0
商超,3,2,J市嘉木商超门店,2026-05-02,enterprise_ref_184656,合成运营主体_184656,store_ref_624828,J市,J市嘉木商超门店,,job_ref_399817,1,1,1,否,0,0,0,0
商超,3,2,J市嘉木商超门店,2026-05-02,enterprise_ref_184656,合成运营主体_184656,store_ref_624828,J市,J市嘉木商超门店,,job_ref_517563,1,1,1,否,0,0,0,0
商超,3,2,J市嘉木商超门店,2026-05-02,enterprise_ref_184656,合成运营主体_184656,store_ref_624828,J市,J市嘉木商超门店,,job_ref_860072,1,1,1,否,0,0,0,0
商超,3,2,J市嘉木商超门店,2026-05-02,enterprise_ref_184656,合成运营主体_184656,store_ref_624828,J市,J市嘉木商超门店,,job_ref_860072,1,1,1,否,0,0,0,0
商超,3,2,J市嘉木商超门店,2026-05-02,enterprise_ref_184656,合成运营主体_184656,store_ref_624828,J市,J市嘉木商超门店,,job_ref_270146,1,1,1,否,0,0,0,0
商超,3,2,J市嘉木商超门店,2026-05-02,enterprise_ref_184656,合成运营主体_184656,store_ref_624828,J市,J市嘉木商超门店,,job_ref_278560,1,1,1,否,0,0,0,0
商超,3,2,J市嘉木商超门店,2026-05-02,enterprise_ref_184656,合成运营主体_184656,store_ref_624828,J市,J市嘉木商超门店,,job_ref_278560,2,2,2,否,0,0,0,0
商超,3,2,J市嘉木商超门店,2026-05-02,enterprise_ref_184656,合成运营主体_184656,store_ref_624828,J市,J市嘉木商超门店,,job_ref_227104,1,1,1,否,0,0,0,0
商超,3,2,J市嘉木商超门店,2026-05-02,enterprise_ref_184656,合成运营主体_184656,store_ref_624828,J市,J市嘉木商超门店,,job_ref_379949,1,1,1,否,0,0,0,0
商超,3,2,J市嘉木商超门店,2026-05-02,enterprise_ref_184656,合成运营主体_184656,store_ref_624828,J市,J市嘉木商超门店,,job_ref_043543,1,1,1,否,0,0,0,0
商超,3,2,J市嘉木商超门店,2026-05-02,enterprise_ref_184656,合成运营主体_184656,store_ref_624828,J市,J市嘉木商超门店,,job_ref_495695,1,1,1,否,0,0,0,0
商超,3,2,J市嘉木商超门店,2026-05-03,enterprise_ref_184656,合成运营主体_184656,store_ref_624828,J市,J市嘉木商超门店,,job_ref_860072,1,1,1,否,0,0,0,0
商超,3,2,J市嘉木商超门店,2026-05-03,enterprise_ref_184656,合成运营主体_184656,store_ref_624828,J市,J市嘉木商超门店,,job_ref_043543,1,1,1,否,0,0,0,0
商超,3,2,J市嘉木商超门店,2026-05-03,enterprise_ref_184656,合成运营主体_184656,store_ref_624828,J市,J市嘉木商超门店,,job_ref_399817,1,1,1,否,0,0,0,0
商超,3,2,J市嘉木商超门店,2026-05-03,enterprise_ref_184656,合成运营主体_184656,store_ref_624828,J市,J市嘉木商超门店,,job_ref_399817,1,1,1,否,0,0,0,0
商超,3,2,J市嘉木商超门店,2026-05-03,enterprise_ref_184656,合成运营主体_184656,store_ref_624828,J市,J市嘉木商超门店,,job_ref_495695,1,1,1,否,0,0,0,0
商超,3,2,J市嘉木商超门店,2026-05-03,enterprise_ref_184656,合成运营主体_184656,store_ref_624828,J市,J市嘉木商超门店,,job_ref_391389,1,1,1,否,0,0,0,0
商超,3,2,J市嘉木商超门店,2026-05-03,enterprise_ref_184656,合成运营主体_184656,store_ref_624828,J市,J市嘉木商超门店,,job_ref_391389,1,1,1,否,0,0,0,0
商超,3,2,J市嘉木商超门店,2026-05-03,enterprise_ref_184656,合成运营主体_184656,store_ref_624828,J市,J市嘉木商超门店,,job_ref_278560,2,2,2,否,0,0,0,0
商超,3,2,J市嘉木商超门店,2026-05-03,enterprise_ref_184656,合成运营主体_184656,store_ref_624828,J市,J市嘉木商超门店,,job_ref_278560,0,1,1,否,0,0,0,0
商超,3,2,J市嘉木商超门店,2026-05-03,enterprise_ref_184656,合成运营主体_184656,store_ref_624828,J市,J市嘉木商超门店,,job_ref_227104,1,1,1,否,0,0,0,0
商超,3,2,J市嘉木商超门店,2026-05-03,enterprise_ref_184656,合成运营主体_184656,store_ref_624828,J市,J市嘉木商超门店,,job_ref_227104,1,1,1,否,0,0,0,0
商超,3,2,J市嘉木商超门店,2026-05-03,enterprise_ref_184656,合成运营主体_184656,store_ref_624828,J市,J市嘉木商超门店,,job_ref_227104,1,1,1,否,0,0,0,0
商超,3,2,J市嘉木商超门店,2026-05-03,enterprise_ref_184656,合成运营主体_184656,store_ref_624828,J市,J市嘉木商超门店,,job_ref_625337,1,1,1,否,0,0,0,0
商超,3,2,J市嘉木商超门店,2026-05-03,enterprise_ref_184656,合成运营主体_184656,store_ref_624828,J市,J市嘉木商超门店,,job_ref_391389,1,1,1,否,0,0,0,0
商超,3,2,J市嘉木商超门店,2026-05-03,enterprise_ref_184656,合成运营主体_184656,store_ref_624828,J市,J市嘉木商超门店,,job_ref_399817,1,1,1,否,0,0,0,0
商超,3,2,J市嘉木商超门店,2026-05-03,enterprise_ref_184656,合成运营主体_184656,store_ref_624828,J市,J市嘉木商超门店,,job_ref_517563,1,1,1,否,0,0,0,0
商超,3,2,J市嘉木商超门店,2026-05-03,enterprise_ref_184656,合成运营主体_184656,store_ref_624828,J市,J市嘉木商超门店,,job_ref_860072,1,1,1,否,0,0,0,0
商超,3,2,J市嘉木商超门店,2026-05-03,enterprise_ref_184656,合成运营主体_184656,store_ref_624828,J市,J市嘉木商超门店,,job_ref_399817,1,1,1,否,0,0,0,0
商超,3,2,J市嘉木商超门店,2026-05-03,enterprise_ref_184656,合成运营主体_184656,store_ref_624828,J市,J市嘉木商超门店,,job_ref_391389,1,1,1,否,0,0,0,0
商超,3,2,J市嘉木商超门店,2026-05-03,enterprise_ref_184656,合成运营主体_184656,store_ref_624828,J市,J市嘉木商超门店,,job_ref_860072,1,1,1,否,0,0,0,0
商超,3,2,J市嘉木商超门店,2026-05-03,enterprise_ref_184656,合成运营主体_184656,store_ref_624828,J市,J市嘉木商超门店,,job_ref_860072,1,1,1,否,0,0,0,0
商超,3,2,J市嘉木商超门店,2026-05-03,enterprise_ref_184656,合成运营主体_184656,store_ref_624828,J市,J市嘉木商超门店,,job_ref_391389,1,1,1,否,0,0,0,0
商超,3,2,J市嘉木商超门店,2026-05-03,enterprise_ref_184656,合成运营主体_184656,store_ref_624828,J市,J市嘉木商超门店,,job_ref_043543,1,1,1,否,0,0,0,0
商超,3,2,J市嘉木商超门店,2026-05-03,enterprise_ref_184656,合成运营主体_184656,store_ref_624828,J市,J市嘉木商超门店,,job_ref_227104,1,1,1,否,0,0,0,0
商超,3,2,J市嘉木商超门店,2026-05-03,enterprise_ref_184656,合成运营主体_184656,store_ref_624828,J市,J市嘉木商超门店,,job_ref_391389,1,1,1,否,0,0,0,0
商超,3,2,J市嘉木商超门店,2026-05-03,enterprise_ref_184656,合成运营主体_184656,store_ref_624828,J市,J市嘉木商超门店,,job_ref_517563,1,1,1,否,0,0,0,0
商超,3,2,J市嘉木商超门店,2026-05-03,enterprise_ref_184656,合成运营主体_184656,store_ref_624828,J市,J市嘉木商超门店,,job_ref_270146,1,1,1,否,0,0,0,0
商超,3,2,J市嘉木商超门店,2026-05-03,enterprise_ref_184656,合成运营主体_184656,store_ref_624828,J市,J市嘉木商超门店,,job_ref_820894,1,1,1,否,0,0,0,0
商超,3,2,J市嘉木商超门店,2026-05-03,enterprise_ref_184656,合成运营主体_184656,store_ref_624828,J市,J市嘉木商超门店,,job_ref_517563,1,1,1,否,0,0,0,0
商超,3,2,J市嘉木商超门店,2026-05-03,enterprise_ref_184656,合成运营主体_184656,store_ref_624828,J市,J市嘉木商超门店,,job_ref_517563,0,1,1,否,0,0,0,0
商超,3,2,J市嘉木商超门店,2026-05-03,enterprise_ref_184656,合成运营主体_184656,store_ref_624828,J市,J市嘉木商超门店,,job_ref_278560,1,1,1,否,0,0,0,0
商超,3,2,J市嘉木商超门店,2026-05-03,enterprise_ref_184656,合成运营主体_184656,store_ref_624828,J市,J市嘉木商超门店,,job_ref_625337,4,4,4,否,0,0,0,0
商超,3,2,J市嘉木商超门店,2026-05-03,enterprise_ref_184656,合成运营主体_184656,store_ref_624828,J市,J市嘉木商超门店,,job_ref_860072,1,1,1,否,0,0,0,0
商超,3,2,J市嘉木商超门店,2026-05-03,enterprise_ref_184656,合成运营主体_184656,store_ref_624828,J市,J市嘉木商超门店,,job_ref_778489,1,1,1,否,0,0,0,0
商超,3,2,J市嘉木商超门店,2026-05-03,enterprise_ref_184656,合成运营主体_184656,store_ref_624828,J市,J市嘉木商超门店,,job_ref_860072,1,1,1,否,0,0,0,0
商超,3,2,J市嘉木商超门店,2026-05-03,enterprise_ref_184656,合成运营主体_184656,store_ref_624828,J市,J市嘉木商超门店,,job_ref_860072,1,1,1,否,0,0,0,0
商超,3,2,J市嘉木商超门店,2026-05-03,enterprise_ref_184656,合成运营主体_184656,store_ref_624828,J市,J市嘉木商超门店,,job_ref_709051,1,1,1,否,0,0,0,0
商超,3,2,J市嘉木商超门店,2026-05-03,enterprise_ref_184656,合成运营主体_184656,store_ref_624828,J市,J市嘉木商超门店,,job_ref_379949,1,1,1,否,0,0,0,0
商超,3,2,J市嘉木商超门店,2026-05-03,enterprise_ref_184656,合成运营主体_184656,store_ref_624828,J市,J市嘉木商超门店,,job_ref_391389,0,1,1,否,0,0,0,0
商超,3,2,J市嘉木商超门店,2026-05-03,enterprise_ref_184656,合成运营主体_184656,store_ref_624828,J市,J市嘉木商超门店,,job_ref_860072,1,1,1,否,0,0,0,0
商超,3,2,J市嘉木商超门店,2026-05-03,enterprise_ref_184656,合成运营主体_184656,store_ref_624828,J市,J市嘉木商超门店,,job_ref_391389,1,1,1,否,0,0,0,0
商超,3,2,J市嘉木商超门店,2026-05-03,enterprise_ref_184656,合成运营主体_184656,store_ref_624828,J市,J市嘉木商超门店,,job_ref_860072,1,1,1,否,0,0,0,0
商超,3,2,J市嘉木商超门店,2026-05-03,enterprise_ref_184656,合成运营主体_184656,store_ref_624828,J市,J市嘉木商超门店,,job_ref_517563,0,1,1,否,0,0,0,0
商超,3,2,J市嘉木商超门店,2026-05-03,enterprise_ref_184656,合成运营主体_184656,store_ref_624828,J市,J市嘉木商超门店,,job_ref_043543,1,1,1,否,0,0,0,0
商超,3,2,J市嘉木商超门店,2026-05-03,enterprise_ref_184656,合成运营主体_184656,store_ref_624828,J市,J市嘉木商超门店,,job_ref_227104,1,1,1,否,0,0,0,0
商超,3,2,J市嘉木商超门店,2026-05-03,enterprise_ref_184656,合成运营主体_184656,store_ref_624828,J市,J市嘉木商超门店,,job_ref_278560,3,3,3,否,0,0,0,0
商超,3,2,J市嘉木商超门店,2026-05-04,enterprise_ref_184656,合成运营主体_184656,store_ref_624828,J市,J市嘉木商超门店,,job_ref_363393,1,1,1,否,0,0,0,0
商超,3,2,J市嘉木商超门店,2026-05-04,enterprise_ref_184656,合成运营主体_184656,store_ref_624828,J市,J市嘉木商超门店,,job_ref_227104,1,1,1,否,0,0,0,0
商超,3,2,J市嘉木商超门店,2026-05-04,enterprise_ref_184656,合成运营主体_184656,store_ref_624828,J市,J市嘉木商超门店,,job_ref_709051,1,1,1,否,0,0,0,0
商超,3,2,J市嘉木商超门店,2026-05-04,enterprise_ref_184656,合成运营主体_184656,store_ref_624828,J市,J市嘉木商超门店,,job_ref_391389,1,1,1,否,0,0,0,0
商超,3,2,J市嘉木商超门店,2026-05-04,enterprise_ref_184656,合成运营主体_184656,store_ref_624828,J市,J市嘉木商超门店,,job_ref_043543,1,1,1,否,0,0,0,0
商超,3,2,J市嘉木商超门店,2026-05-04,enterprise_ref_184656,合成运营主体_184656,store_ref_624828,J市,J市嘉木商超门店,,job_ref_391389,1,1,1,否,0,0,0,0
商超,3,2,J市嘉木商超门店,2026-05-04,enterprise_ref_184656,合成运营主体_184656,store_ref_624828,J市,J市嘉木商超门店,,job_ref_399817,1,1,1,否,0,0,0,0
商超,3,2,J市嘉木商超门店,2026-05-04,enterprise_ref_184656,合成运营主体_184656,store_ref_624828,J市,J市嘉木商超门店,,job_ref_495695,1,1,1,否,0,0,0,0
商超,3,2,J市嘉木商超门店,2026-05-04,enterprise_ref_184656,合成运营主体_184656,store_ref_624828,J市,J市嘉木商超门店,,job_ref_399817,1,1,1,否,0,0,0,0
商超,3,2,J市嘉木商超门店,2026-05-04,enterprise_ref_184656,合成运营主体_184656,store_ref_624828,J市,J市嘉木商超门店,,job_ref_278560,1,1,1,否,0,0,0,0
商超,3,2,J市嘉木商超门店,2026-05-04,enterprise_ref_184656,合成运营主体_184656,store_ref_624828,J市,J市嘉木商超门店,,job_ref_391389,1,1,1,否,0,0,0,0
商超,3,2,J市嘉木商超门店,2026-05-04,enterprise_ref_184656,合成运营主体_184656,store_ref_624828,J市,J市嘉木商超门店,,job_ref_391389,1,1,1,否,0,0,0,0
商超,3,2,J市嘉木商超门店,2026-05-04,enterprise_ref_184656,合成运营主体_184656,store_ref_624828,J市,J市嘉木商超门店,,job_ref_399817,1,1,1,否,0,0,0,0
商超,3,2,J市嘉木商超门店,2026-05-04,enterprise_ref_184656,合成运营主体_184656,store_ref_624828,J市,J市嘉木商超门店,,job_ref_517563,0,1,1,否,0,0,0,0
商超,3,2,J市嘉木商超门店,2026-05-04,enterprise_ref_184656,合成运营主体_184656,store_ref_624828,J市,J市嘉木商超门店,,job_ref_043543,1,1,1,否,0,0,0,0
商超,3,2,J市嘉木商超门店,2026-05-04,enterprise_ref_184656,合成运营主体_184656,store_ref_624828,J市,J市嘉木商超门店,,job_ref_860072,1,1,1,否,0,0,0,0
商超,3,2,J市嘉木商超门店,2026-05-04,enterprise_ref_184656,合成运营主体_184656,store_ref_624828,J市,J市嘉木商超门店,,job_ref_278560,2,2,2,否,0,0,0,0
商超,3,2,J市嘉木商超门店,2026-05-04,enterprise_ref_184656,合成运营主体_184656,store_ref_624828,J市,J市嘉木商超门店,,job_ref_517563,1,1,1,否,0,0,0,0
商超,3,2,J市嘉木商超门店,2026-05-04,enterprise_ref_184656,合成运营主体_184656,store_ref_624828,J市,J市嘉木商超门店,,job_ref_860072,1,1,1,否,0,0,0,0
商超,3,2,J市嘉木商超门店,2026-05-04,enterprise_ref_184656,合成运营主体_184656,store_ref_624828,J市,J市嘉木商超门店,,job_ref_379949,1,1,1,否,0,0,0,0
商超,3,2,J市嘉木商超门店,2026-05-04,enterprise_ref_184656,合成运营主体_184656,store_ref_624828,J市,J市嘉木商超门店,,job_ref_278560,2,2,2,否,0,0,0,0
商超,3,2,J市嘉木商超门店,2026-05-04,enterprise_ref_184656,合成运营主体_184656,store_ref_624828,J市,J市嘉木商超门店,,job_ref_860072,1,1,1,否,0,0,0,0
商超,3,2,J市嘉木商超门店,2026-05-04,enterprise_ref_184656,合成运营主体_184656,store_ref_624828,J市,J市嘉木商超门店,,job_ref_860072,1,1,1,否,0,0,0,0
商超,3,2,J市嘉木商超门店,2026-05-04,enterprise_ref_184656,合成运营主体_184656,store_ref_624828,J市,J市嘉木商超门店,,job_ref_391389,1,1,1,否,0,0,0,0
商超,3,2,J市嘉木商超门店,2026-05-04,enterprise_ref_184656,合成运营主体_184656,store_ref_624828,J市,J市嘉木商超门店,,job_ref_860072,1,1,1,否,0,0,0,0
商超,3,2,J市嘉木商超门店,2026-05-04,enterprise_ref_184656,合成运营主体_184656,store_ref_624828,J市,J市嘉木商超门店,,job_ref_625337,3,4,4,否,0,0,0,0
商超,3,2,J市嘉木商超门店,2026-05-04,enterprise_ref_184656,合成运营主体_184656,store_ref_624828,J市,J市嘉木商超门店,,job_ref_379949,1,1,1,否,0,0,0,0
商超,3,2,J市嘉木商超门店,2026-05-04,enterprise_ref_184656,合成运营主体_184656,store_ref_624828,J市,J市嘉木商超门店,,job_ref_517563,1,1,1,否,0,0,0,0
商超,3,2,J市嘉木商超门店,2026-05-04,enterprise_ref_184656,合成运营主体_184656,store_ref_624828,J市,J市嘉木商超门店,,job_ref_517563,1,1,1,否,0,0,0,0
商超,3,2,J市嘉木商超门店,2026-05-04,enterprise_ref_184656,合成运营主体_184656,store_ref_624828,J市,J市嘉木商超门店,,job_ref_227104,1,1,1,否,0,0,0,0
商超,3,2,J市嘉木商超门店,2026-05-04,enterprise_ref_184656,合成运营主体_184656,store_ref_624828,J市,J市嘉木商超门店,,job_ref_860072,1,1,1,否,0,0,0,0
商超,3,2,J市嘉木商超门店,2026-05-04,enterprise_ref_184656,合成运营主体_184656,store_ref_624828,J市,J市嘉木商超门店,,job_ref_270146,1,1,1,否,0,0,0,0
商超,3,2,J市嘉木商超门店,2026-05-04,enterprise_ref_184656,合成运营主体_184656,store_ref_624828,J市,J市嘉木商超门店,,job_ref_820894,1,1,1,否,0,0,0,0
商超,3,2,J市嘉木商超门店,2026-05-04,enterprise_ref_184656,合成运营主体_184656,store_ref_624828,J市,J市嘉木商超门店,,job_ref_517563,1,1,1,否,0,0,0,0
商超,3,2,J市嘉木商超门店,2026-05-04,enterprise_ref_184656,合成运营主体_184656,store_ref_624828,J市,J市嘉木商超门店,,job_ref_860072,1,1,1,否,0,0,0,0
商超,3,2,J市嘉木商超门店,2026-05-04,enterprise_ref_184656,合成运营主体_184656,store_ref_624828,J市,J市嘉木商超门店,,job_ref_517563,1,1,1,否,0,0,0,0
商超,3,2,J市嘉木商超门店,2026-05-04,enterprise_ref_184656,合成运营主体_184656,store_ref_624828,J市,J市嘉木商超门店,,job_ref_227104,1,1,1,否,0,0,0,0
商超,3,2,J市嘉木商超门店,2026-05-04,enterprise_ref_184656,合成运营主体_184656,store_ref_624828,J市,J市嘉木商超门店,,job_ref_860072,1,1,1,否,0,0,0,0
商超,3,2,J市嘉木商超门店,2026-05-04,enterprise_ref_184656,合成运营主体_184656,store_ref_624828,J市,J市嘉木商超门店,,job_ref_399817,1,1,1,否,0,0,0,0
商超,3,2,J市嘉木商超门店,2026-05-04,enterprise_ref_184656,合成运营主体_184656,store_ref_624828,J市,J市嘉木商超门店,,job_ref_778489,1,1,1,否,0,0,0,0
商超,3,2,J市嘉木商超门店,2026-05-04,enterprise_ref_184656,合成运营主体_184656,store_ref_624828,J市,J市嘉木商超门店,,job_ref_227104,1,1,1,否,0,0,0,0
商超,3,2,J市嘉木商超门店,2026-05-04,enterprise_ref_184656,合成运营主体_184656,store_ref_624828,J市,J市嘉木商超门店,,job_ref_227104,1,1,1,否,0,0,0,0
商超,3,2,J市嘉木商超门店,2026-05-04,enterprise_ref_184656,合成运营主体_184656,store_ref_624828,J市,J市嘉木商超门店,,job_ref_391389,1,1,1,否,0,0,0,0
商超,3,2,J市嘉木商超门店,2026-05-04,enterprise_ref_184656,合成运营主体_184656,store_ref_624828,J市,J市嘉木商超门店,,job_ref_625337,1,1,1,否,0,0,0,0
商超,3,2,J市嘉木商超门店,2026-05-04,enterprise_ref_184656,合成运营主体_184656,store_ref_624828,J市,J市嘉木商超门店,,job_ref_227104,1,1,1,否,0,0,0,0
商超,3,2,J市嘉木商超门店,2026-05-04,enterprise_ref_184656,合成运营主体_184656,store_ref_624828,J市,J市嘉木商超门店,,job_ref_517563,0,1,1,否,0,0,0,0
商超,3,2,J市嘉木商超门店,2026-05-04,enterprise_ref_184656,合成运营主体_184656,store_ref_624828,J市,J市嘉木商超门店,,job_ref_079263,1,1,1,否,0,0,0,0
商超,3,2,J市嘉木商超门店,2026-05-04,enterprise_ref_184656,合成运营主体_184656,store_ref_624828,J市,J市嘉木商超门店,,job_ref_278560,2,2,2,否,0,0,0,0
商超,3,2,J市嘉木商超门店,2026-05-04,enterprise_ref_184656,合成运营主体_184656,store_ref_624828,J市,J市嘉木商超门店,,job_ref_778489,1,1,1,否,0,0,0,0
商超,3,2,J市嘉木商超门店,2026-05-04,enterprise_ref_184656,合成运营主体_184656,store_ref_624828,J市,J市嘉木商超门店,,job_ref_043543,1,1,1,否,0,0,0,0
商超,3,2,J市嘉木商超门店,2026-05-05,enterprise_ref_184656,合成运营主体_184656,store_ref_624828,J市,J市嘉木商超门店,,job_ref_495695,1,1,1,否,0,0,0,0
商超,3,2,J市嘉木商超门店,2026-05-05,enterprise_ref_184656,合成运营主体_184656,store_ref_624828,J市,J市嘉木商超门店,,job_ref_625337,4,4,4,否,0,0,0,0
商超,3,2,J市嘉木商超门店,2026-05-05,enterprise_ref_184656,合成运营主体_184656,store_ref_624828,J市,J市嘉木商超门店,,job_ref_079263,1,1,1,否,0,0,0,0
商超,3,2,J市嘉木商超门店,2026-05-05,enterprise_ref_184656,合成运营主体_184656,store_ref_624828,J市,J市嘉木商超门店,,job_ref_391389,1,1,1,否,0,0,0,0
商超,3,2,J市嘉木商超门店,2026-05-05,enterprise_ref_184656,合成运营主体_184656,store_ref_624828,J市,J市嘉木商超门店,,job_ref_270146,1,1,1,否,0,0,0,0
商超,3,2,J市嘉木商超门店,2026-05-05,enterprise_ref_184656,合成运营主体_184656,store_ref_624828,J市,J市嘉木商超门店,,job_ref_391389,1,1,1,否,0,0,0,0
商超,3,2,J市嘉木商超门店,2026-05-05,enterprise_ref_184656,合成运营主体_184656,store_ref_624828,J市,J市嘉木商超门店,,job_ref_227104,1,1,1,否,0,0,0,0
商超,3,2,J市嘉木商超门店,2026-05-05,enterprise_ref_184656,合成运营主体_184656,store_ref_624828,J市,J市嘉木商超门店,,job_ref_709051,1,1,1,否,0,0,0,0
商超,3,2,J市嘉木商超门店,2026-05-05,enterprise_ref_184656,合成运营主体_184656,store_ref_624828,J市,J市嘉木商超门店,,job_ref_391389,1,1,1,否,0,0,0,0
商超,3,2,J市嘉木商超门店,2026-05-05,enterprise_ref_184656,合成运营主体_184656,store_ref_624828,J市,J市嘉木商超门店,,job_ref_860072,1,1,1,否,0,0,0,0
商超,3,2,J市嘉木商超门店,2026-05-05,enterprise_ref_184656,合成运营主体_184656,store_ref_624828,J市,J市嘉木商超门店,,job_ref_495695,1,1,1,否,0,0,0,0
商超,3,2,J市嘉木商超门店,2026-05-05,enterprise_ref_184656,合成运营主体_184656,store_ref_624828,J市,J市嘉木商超门店,,job_ref_860072,1,1,1,否,0,0,0,0
商超,3,2,J市嘉木商超门店,2026-05-05,enterprise_ref_184656,合成运营主体_184656,store_ref_624828,J市,J市嘉木商超门店,,job_ref_043543,1,1,1,否,0,0,0,0
商超,3,2,J市嘉木商超门店,2026-05-05,enterprise_ref_184656,合成运营主体_184656,store_ref_624828,J市,J市嘉木商超门店,,job_ref_043543,1,1,1,否,0,0,0,0
商超,3,2,J市嘉木商超门店,2026-05-05,enterprise_ref_184656,合成运营主体_184656,store_ref_624828,J市,J市嘉木商超门店,,job_ref_860072,1,1,1,否,0,0,0,0
商超,3,2,J市嘉木商超门店,2026-05-05,enterprise_ref_184656,合成运营主体_184656,store_ref_624828,J市,J市嘉木商超门店,,job_ref_517563,1,1,1,否,0,0,0,0
商超,3,2,J市嘉木商超门店,2026-05-05,enterprise_ref_184656,合成运营主体_184656,store_ref_624828,J市,J市嘉木商超门店,,job_ref_043543,1,1,1,否,0,0,0,0
商超,3,2,J市嘉木商超门店,2026-05-05,enterprise_ref_184656,合成运营主体_184656,store_ref_624828,J市,J市嘉木商超门店,,job_ref_517563,1,1,1,否,0,0,0,0
商超,3,2,J市嘉木商超门店,2026-05-05,enterprise_ref_184656,合成运营主体_184656,store_ref_624828,J市,J市嘉木商超门店,,job_ref_517563,1,1,1,否,0,0,0,0
商超,3,2,J市嘉木商超门店,2026-05-05,enterprise_ref_184656,合成运营主体_184656,store_ref_624828,J市,J市嘉木商超门店,,job_ref_517563,0,1,1,否,0,0,0,0
商超,3,2,J市嘉木商超门店,2026-05-05,enterprise_ref_184656,合成运营主体_184656,store_ref_624828,J市,J市嘉木商超门店,,job_ref_227104,1,1,1,否,0,0,0,0
商超,3,2,J市嘉木商超门店,2026-05-05,enterprise_ref_184656,合成运营主体_184656,store_ref_624828,J市,J市嘉木商超门店,,job_ref_278560,2,2,2,否,0,0,0,0
商超,3,2,J市嘉木商超门店,2026-05-05,enterprise_ref_184656,合成运营主体_184656,store_ref_624828,J市,J市嘉木商超门店,,job_ref_399817,1,1,1,否,0,0,0,0
商超,3,2,J市嘉木商超门店,2026-05-05,enterprise_ref_184656,合成运营主体_184656,store_ref_624828,J市,J市嘉木商超门店,,job_ref_391389,0,1,1,否,0,0,0,0
商超,3,2,J市嘉木商超门店,2026-05-05,enterprise_ref_184656,合成运营主体_184656,store_ref_624828,J市,J市嘉木商超门店,,job_ref_227104,1,1,1,否,0,0,0,0
商超,3,2,J市嘉木商超门店,2026-05-05,enterprise_ref_184656,合成运营主体_184656,store_ref_624828,J市,J市嘉木商超门店,,job_ref_860072,1,1,1,否,0,0,0,0
商超,3,2,J市嘉木商超门店,2026-05-05,enterprise_ref_184656,合成运营主体_184656,store_ref_624828,J市,J市嘉木商超门店,,job_ref_860072,1,1,1,否,0,0,0,0
商超,3,2,J市嘉木商超门店,2026-05-05,enterprise_ref_184656,合成运营主体_184656,store_ref_624828,J市,J市嘉木商超门店,,job_ref_278560,3,3,3,否,0,0,0,0
商超,3,2,J市嘉木商超门店,2026-05-05,enterprise_ref_184656,合成运营主体_184656,store_ref_624828,J市,J市嘉木商超门店,,job_ref_860072,1,1,1,否,0,0,0,0
商超,3,2,J市嘉木商超门店,2026-05-05,enterprise_ref_184656,合成运营主体_184656,store_ref_624828,J市,J市嘉木商超门店,,job_ref_278560,1,1,1,否,0,0,0,0
商超,3,2,J市嘉木商超门店,2026-05-05,enterprise_ref_184656,合成运营主体_184656,store_ref_624828,J市,J市嘉木商超门店,,job_ref_227104,0,1,1,否,0,0,0,0
商超,3,2,J市嘉木商超门店,2026-05-05,enterprise_ref_184656,合成运营主体_184656,store_ref_624828,J市,J市嘉木商超门店,,job_ref_391389,1,1,1,否,0,0,0,0
商超,3,2,J市嘉木商超门店,2026-05-05,enterprise_ref_184656,合成运营主体_184656,store_ref_624828,J市,J市嘉木商超门店,,job_ref_391389,1,1,1,否,0,0,0,0
商超,3,2,J市嘉木商超门店,2026-05-05,enterprise_ref_184656,合成运营主体_184656,store_ref_624828,J市,J市嘉木商超门店,,job_ref_379949,1,1,1,否,0,0,0,0
商超,3,2,J市嘉木商超门店,2026-05-05,enterprise_ref_184656,合成运营主体_184656,store_ref_624828,J市,J市嘉木商超门店,,job_ref_399817,1,1,1,否,0,0,0,0
商超,3,2,J市嘉木商超门店,2026-05-05,enterprise_ref_184656,合成运营主体_184656,store_ref_624828,J市,J市嘉木商超门店,,job_ref_391389,1,1,1,否,0,0,0,0
商超,3,2,J市嘉木商超门店,2026-05-05,enterprise_ref_184656,合成运营主体_184656,store_ref_624828,J市,J市嘉木商超门店,,job_ref_399817,1,1,1,否,0,0,0,0
商超,3,2,J市嘉木商超门店,2026-05-05,enterprise_ref_184656,合成运营主体_184656,store_ref_624828,J市,J市嘉木商超门店,,job_ref_860072,1,1,1,否,0,0,0,0
商超,3,2,J市嘉木商超门店,2026-05-05,enterprise_ref_184656,合成运营主体_184656,store_ref_624828,J市,J市嘉木商超门店,,job_ref_227104,1,1,1,否,0,0,0,0
商超,3,2,J市嘉木商超门店,2026-05-05,enterprise_ref_184656,合成运营主体_184656,store_ref_624828,J市,J市嘉木商超门店,,job_ref_278560,1,1,1,否,0,0,0,0
商超,3,2,J市嘉木商超门店,2026-05-05,enterprise_ref_184656,合成运营主体_184656,store_ref_624828,J市,J市嘉木商超门店,,job_ref_820894,1,1,1,否,0,0,0,0
商超,3,2,J市嘉木商超门店,2026-05-05,enterprise_ref_184656,合成运营主体_184656,store_ref_624828,J市,J市嘉木商超门店,,job_ref_391389,1,1,1,否,0,0,0,0
商超,3,2,J市嘉木商超门店,2026-05-05,enterprise_ref_184656,合成运营主体_184656,store_ref_624828,J市,J市嘉木商超门店,,job_ref_517563,0,1,1,否,0,0,0,0
商超,3,2,J市嘉木商超门店,2026-05-05,enterprise_ref_184656,合成运营主体_184656,store_ref_624828,J市,J市嘉木商超门店,,job_ref_860072,1,1,1,否,0,0,0,0
商超,3,2,J市嘉木商超门店,2026-05-05,enterprise_ref_184656,合成运营主体_184656,store_ref_624828,J市,J市嘉木商超门店,,job_ref_227104,1,1,1,否,0,0,0,0
商超,3,2,J市嘉木商超门店,2026-05-05,enterprise_ref_184656,合成运营主体_184656,store_ref_624828,J市,J市嘉木商超门店,,job_ref_625337,1,1,1,否,0,0,0,0
商超,3,2,J市嘉木商超门店,2026-05-05,enterprise_ref_184656,合成运营主体_184656,store_ref_624828,J市,J市嘉木商超门店,,job_ref_363393,1,1,1,否,0,0,0,0
商超,3,2,J市嘉木商超门店,2026-05-05,enterprise_ref_184656,合成运营主体_184656,store_ref_624828,J市,J市嘉木商超门店,,job_ref_379949,1,1,1,否,0,0,0,0
商超,3,2,J市嘉木商超门店,2026-05-05,enterprise_ref_184656,合成运营主体_184656,store_ref_624828,J市,J市嘉木商超门店,,job_ref_860072,1,1,1,否,0,0,0,0
商超,3,2,J市嘉木商超门店,2026-05-06,enterprise_ref_184656,合成运营主体_184656,store_ref_624828,J市,J市嘉木商超门店,,job_ref_778489,1,1,1,否,0,0,0,0
商超,3,2,J市嘉木商超门店,2026-05-06,enterprise_ref_184656,合成运营主体_184656,store_ref_624828,J市,J市嘉木商超门店,,job_ref_391389,1,1,1,否,0,0,0,0
商超,3,2,J市嘉木商超门店,2026-05-06,enterprise_ref_184656,合成运营主体_184656,store_ref_624828,J市,J市嘉木商超门店,,job_ref_227104,1,1,1,否,0,0,0,0
商超,3,2,J市嘉木商超门店,2026-05-06,enterprise_ref_184656,合成运营主体_184656,store_ref_624828,J市,J市嘉木商超门店,,job_ref_860072,1,1,1,否,0,0,0,0
商超,3,2,J市嘉木商超门店,2026-05-06,enterprise_ref_184656,合成运营主体_184656,store_ref_624828,J市,J市嘉木商超门店,,job_ref_860072,1,1,1,否,0,0,0,0
商超,3,2,J市嘉木商超门店,2026-05-06,enterprise_ref_184656,合成运营主体_184656,store_ref_624828,J市,J市嘉木商超门店,,job_ref_860072,1,1,1,否,0,0,0,0
商超,3,2,J市嘉木商超门店,2026-05-06,enterprise_ref_184656,合成运营主体_184656,store_ref_624828,J市,J市嘉木商超门店,,job_ref_391389,0,1,1,否,0,0,0,0
商超,3,2,J市嘉木商超门店,2026-05-06,enterprise_ref_184656,合成运营主体_184656,store_ref_624828,J市,J市嘉木商超门店,,job_ref_079263,1,1,1,否,0,0,0,0
商超,3,2,J市嘉木商超门店,2026-05-06,enterprise_ref_184656,合成运营主体_184656,store_ref_624828,J市,J市嘉木商超门店,,job_ref_391389,1,1,1,否,0,0,0,0
商超,3,2,J市嘉木商超门店,2026-05-06,enterprise_ref_184656,合成运营主体_184656,store_ref_624828,J市,J市嘉木商超门店,,job_ref_391389,1,1,1,否,0,0,0,0
商超,3,2,J市嘉木商超门店,2026-05-06,enterprise_ref_184656,合成运营主体_184656,store_ref_624828,J市,J市嘉木商超门店,,job_ref_625337,1,1,1,否,0,0,0,0
商超,3,2,J市嘉木商超门店,2026-05-06,enterprise_ref_184656,合成运营主体_184656,store_ref_624828,J市,J市嘉木商超门店,,job_ref_860072,1,1,1,否,0,0,0,0
商超,3,2,J市嘉木商超门店,2026-05-06,enterprise_ref_184656,合成运营主体_184656,store_ref_624828,J市,J市嘉木商超门店,,job_ref_517563,1,1,1,否,0,0,0,0
商超,3,2,J市嘉木商超门店,2026-05-06,enterprise_ref_184656,合成运营主体_184656,store_ref_624828,J市,J市嘉木商超门店,,job_ref_227104,1,1,1,否,0,0,0,0
商超,3,2,J市嘉木商超门店,2026-05-06,enterprise_ref_184656,合成运营主体_184656,store_ref_624828,J市,J市嘉木商超门店,,job_ref_709051,1,1,1,否,0,0,0,0
商超,3,2,J市嘉木商超门店,2026-05-06,enterprise_ref_184656,合成运营主体_184656,store_ref_624828,J市,J市嘉木商超门店,,job_ref_495695,1,1,1,否,0,0,0,0
商超,3,2,J市嘉木商超门店,2026-05-06,enterprise_ref_184656,合成运营主体_184656,store_ref_624828,J市,J市嘉木商超门店,,job_ref_517563,0,1,1,否,0,0,0,0
商超,3,2,J市嘉木商超门店,2026-05-06,enterprise_ref_184656,合成运营主体_184656,store_ref_624828,J市,J市嘉木商超门店,,job_ref_517563,1,1,1,否,0,0,0,0
商超,3,2,J市嘉木商超门店,2026-05-06,enterprise_ref_184656,合成运营主体_184656,store_ref_624828,J市,J市嘉木商超门店,,job_ref_517563,1,1,1,否,0,0,0,0
商超,3,2,J市嘉木商超门店,2026-05-06,enterprise_ref_184656,合成运营主体_184656,store_ref_624828,J市,J市嘉木商超门店,,job_ref_379949,1,1,1,否,0,0,0,0
商超,3,2,J市嘉木商超门店,2026-05-06,enterprise_ref_184656,合成运营主体_184656,store_ref_624828,J市,J市嘉木商超门店,,job_ref_379949,1,1,1,否,0,0,0,0
商超,3,2,J市嘉木商超门店,2026-05-06,enterprise_ref_184656,合成运营主体_184656,store_ref_624828,J市,J市嘉木商超门店,,job_ref_391389,1,1,1,否,0,0,0,0
商超,3,2,J市嘉木商超门店,2026-05-06,enterprise_ref_184656,合成运营主体_184656,store_ref_624828,J市,J市嘉木商超门店,,job_ref_278560,3,3,3,否,0,0,0,0
商超,3,2,J市嘉木商超门店,2026-05-06,enterprise_ref_184656,合成运营主体_184656,store_ref_624828,J市,J市嘉木商超门店,,job_ref_517563,1,1,1,否,0,0,0,0
商超,3,2,J市嘉木商超门店,2026-05-06,enterprise_ref_184656,合成运营主体_184656,store_ref_624828,J市,J市嘉木商超门店,,job_ref_860072,1,1,1,否,0,0,0,0
商超,3,2,J市嘉木商超门店,2026-05-06,enterprise_ref_184656,合成运营主体_184656,store_ref_624828,J市,J市嘉木商超门店,,job_ref_227104,1,1,1,否,0,0,0,0
商超,3,2,J市嘉木商超门店,2026-05-06,enterprise_ref_184656,合成运营主体_184656,store_ref_624828,J市,J市嘉木商超门店,,job_ref_860072,1,1,1,否,0,0,0,0
商超,3,2,J市嘉木商超门店,2026-05-06,enterprise_ref_184656,合成运营主体_184656,store_ref_624828,J市,J市嘉木商超门店,,job_ref_363393,1,1,1,否,0,0,0,0
商超,3,2,J市嘉木商超门店,2026-05-06,enterprise_ref_184656,合成运营主体_184656,store_ref_624828,J市,J市嘉木商超门店,,job_ref_391389,1,1,1,否,0,0,0,0
商超,3,2,J市嘉木商超门店,2026-05-06,enterprise_ref_184656,合成运营主体_184656,store_ref_624828,J市,J市嘉木商超门店,,job_ref_399817,1,1,1,否,0,0,0,0
商超,3,2,J市嘉木商超门店,2026-05-06,enterprise_ref_184656,合成运营主体_184656,store_ref_624828,J市,J市嘉木商超门店,,job_ref_778489,1,1,1,否,0,0,0,0
商超,3,2,J市嘉木商超门店,2026-05-06,enterprise_ref_184656,合成运营主体_184656,store_ref_624828,J市,J市嘉木商超门店,,job_ref_860072,1,1,1,否,0,0,0,0
商超,3,2,J市嘉木商超门店,2026-05-06,enterprise_ref_184656,合成运营主体_184656,store_ref_624828,J市,J市嘉木商超门店,,job_ref_227104,1,1,1,否,0,0,0,0
商超,3,2,J市嘉木商超门店,2026-05-06,enterprise_ref_184656,合成运营主体_184656,store_ref_624828,J市,J市嘉木商超门店,,job_ref_043543,1,1,1,否,0,0,0,0
商超,3,2,J市嘉木商超门店,2026-05-06,enterprise_ref_184656,合成运营主体_184656,store_ref_624828,J市,J市嘉木商超门店,,job_ref_820894,1,1,1,否,0,0,0,0
商超,3,2,J市嘉木商超门店,2026-05-06,enterprise_ref_184656,合成运营主体_184656,store_ref_624828,J市,J市嘉木商超门店,,job_ref_625337,4,4,4,否,0,0,0,0
商超,3,2,J市嘉木商超门店,2026-05-06,enterprise_ref_184656,合成运营主体_184656,store_ref_624828,J市,J市嘉木商超门店,,job_ref_495695,1,1,1,否,0,0,0,0
商超,3,2,J市嘉木商超门店,2026-05-06,enterprise_ref_184656,合成运营主体_184656,store_ref_624828,J市,J市嘉木商超门店,,job_ref_391389,1,1,1,否,0,0,0,0
商超,3,2,J市嘉木商超门店,2026-05-06,enterprise_ref_184656,合成运营主体_184656,store_ref_624828,J市,J市嘉木商超门店,,job_ref_391389,1,1,1,否,0,0,0,0
商超,3,2,J市嘉木商超门店,2026-05-06,enterprise_ref_184656,合成运营主体_184656,store_ref_624828,J市,J市嘉木商超门店,,job_ref_399817,1,1,1,否,0,0,0,0
商超,3,2,J市嘉木商超门店,2026-05-06,enterprise_ref_184656,合成运营主体_184656,store_ref_624828,J市,J市嘉木商超门店,,job_ref_278560,1,1,1,否,0,0,0,0
商超,3,2,J市嘉木商超门店,2026-05-06,enterprise_ref_184656,合成运营主体_184656,store_ref_624828,J市,J市嘉木商超门店,,job_ref_517563,0,1,1,否,0,0,0,0
商超,3,2,J市嘉木商超门店,2026-05-06,enterprise_ref_184656,合成运营主体_184656,store_ref_624828,J市,J市嘉木商超门店,,job_ref_227104,1,1,1,否,0,0,0,0
商超,3,2,J市嘉木商超门店,2026-05-06,enterprise_ref_184656,合成运营主体_184656,store_ref_624828,J市,J市嘉木商超门店,,job_ref_860072,1,1,1,否,0,0,0,0
商超,3,2,J市嘉木商超门店,2026-05-06,enterprise_ref_184656,合成运营主体_184656,store_ref_624828,J市,J市嘉木商超门店,,job_ref_043543,1,1,1,否,0,0,0,0
商超,3,2,J市嘉木商超门店,2026-05-06,enterprise_ref_184656,合成运营主体_184656,store_ref_624828,J市,J市嘉木商超门店,,job_ref_625337,1,1,1,否,0,0,0,0
商超,3,2,J市嘉木商超门店,2026-05-06,enterprise_ref_184656,合成运营主体_184656,store_ref_624828,J市,J市嘉木商超门店,,job_ref_278560,1,1,1,否,0,0,0,0
商超,3,2,J市嘉木商超门店,2026-05-06,enterprise_ref_184656,合成运营主体_184656,store_ref_624828,J市,J市嘉木商超门店,,job_ref_860072,1,1,1,否,0,0,0,0
商超,3,2,J市嘉木商超门店,2026-05-06,enterprise_ref_184656,合成运营主体_184656,store_ref_624828,J市,J市嘉木商超门店,,job_ref_860072,1,1,1,否,0,0,0,0
商超,3,2,J市嘉木商超门店,2026-05-07,enterprise_ref_184656,合成运营主体_184656,store_ref_624828,J市,J市嘉木商超门店,,job_ref_043543,1,1,1,否,0,0,0,0
商超,3,2,J市嘉木商超门店,2026-05-07,enterprise_ref_184656,合成运营主体_184656,store_ref_624828,J市,J市嘉木商超门店,,job_ref_227104,1,1,1,否,0,0,0,0
商超,3,2,J市嘉木商超门店,2026-05-07,enterprise_ref_184656,合成运营主体_184656,store_ref_624828,J市,J市嘉木商超门店,,job_ref_820894,1,1,1,否,0,0,0,0
商超,3,2,J市嘉木商超门店,2026-05-07,enterprise_ref_184656,合成运营主体_184656,store_ref_624828,J市,J市嘉木商超门店,,job_ref_270146,1,1,1,否,0,0,0,0
商超,3,2,J市嘉木商超门店,2026-05-07,enterprise_ref_184656,合成运营主体_184656,store_ref_624828,J市,J市嘉木商超门店,,job_ref_227104,1,1,1,否,0,0,0,0
商超,3,2,J市嘉木商超门店,2026-05-07,enterprise_ref_184656,合成运营主体_184656,store_ref_624828,J市,J市嘉木商超门店,,job_ref_043543,1,1,1,否,0,0,0,0
商超,3,2,J市嘉木商超门店,2026-05-07,enterprise_ref_184656,合成运营主体_184656,store_ref_624828,J市,J市嘉木商超门店,,job_ref_860072,1,1,1,否,0,0,0,0
商超,3,2,J市嘉木商超门店,2026-05-07,enterprise_ref_184656,合成运营主体_184656,store_ref_624828,J市,J市嘉木商超门店,,job_ref_860072,1,1,1,否,0,0,0,0
商超,3,2,J市嘉木商超门店,2026-05-07,enterprise_ref_184656,合成运营主体_184656,store_ref_624828,J市,J市嘉木商超门店,,job_ref_391389,1,1,1,否,0,0,0,0
商超,3,2,J市嘉木商超门店,2026-05-07,enterprise_ref_184656,合成运营主体_184656,store_ref_624828,J市,J市嘉木商超门店,,job_ref_391389,1,1,1,否,0,0,0,0
商超,3,2,J市嘉木商超门店,2026-05-07,enterprise_ref_184656,合成运营主体_184656,store_ref_624828,J市,J市嘉木商超门店,,job_ref_625337,4,4,4,否,0,0,0,0
商超,3,2,J市嘉木商超门店,2026-05-07,enterprise_ref_184656,合成运营主体_184656,store_ref_624828,J市,J市嘉木商超门店,,job_ref_399817,1,1,1,否,0,0,0,0
商超,3,2,J市嘉木商超门店,2026-05-07,enterprise_ref_184656,合成运营主体_184656,store_ref_624828,J市,J市嘉木商超门店,,job_ref_379949,1,1,1,否,0,0,0,0
商超,3,2,J市嘉木商超门店,2026-05-07,enterprise_ref_184656,合成运营主体_184656,store_ref_624828,J市,J市嘉木商超门店,,job_ref_227104,1,1,1,否,0,0,0,0
商超,3,2,J市嘉木商超门店,2026-05-07,enterprise_ref_184656,合成运营主体_184656,store_ref_624828,J市,J市嘉木商超门店,,job_ref_860072,1,1,1,否,0,0,0,0
商超,3,2,J市嘉木商超门店,2026-05-07,enterprise_ref_184656,合成运营主体_184656,store_ref_624828,J市,J市嘉木商超门店,,job_ref_860072,1,1,1,否,0,0,0,0
商超,3,2,J市嘉木商超门店,2026-05-07,enterprise_ref_184656,合成运营主体_184656,store_ref_624828,J市,J市嘉木商超门店,,job_ref_227104,1,1,1,否,0,0,0,0
商超,3,2,J市嘉木商超门店,2026-05-07,enterprise_ref_184656,合成运营主体_184656,store_ref_624828,J市,J市嘉木商超门店,,job_ref_079263,1,1,1,否,0,0,0,0
商超,3,2,J市嘉木商超门店,2026-05-07,enterprise_ref_184656,合成运营主体_184656,store_ref_624828,J市,J市嘉木商超门店,,job_ref_363393,1,1,1,否,0,0,0,0
商超,3,2,J市嘉木商超门店,2026-05-07,enterprise_ref_184656,合成运营主体_184656,store_ref_624828,J市,J市嘉木商超门店,,job_ref_379949,1,1,1,否,0,0,0,0
商超,3,2,J市嘉木商超门店,2026-05-07,enterprise_ref_184656,合成运营主体_184656,store_ref_624828,J市,J市嘉木商超门店,,job_ref_278560,2,2,2,否,0,0,0,0
商超,3,2,J市嘉木商超门店,2026-05-07,enterprise_ref_184656,合成运营主体_184656,store_ref_624828,J市,J市嘉木商超门店,,job_ref_860072,1,1,1,否,0,0,0,0
商超,3,2,J市嘉木商超门店,2026-05-07,enterprise_ref_184656,合成运营主体_184656,store_ref_624828,J市,J市嘉木商超门店,,job_ref_278560,1,1,1,否,0,0,0,0
商超,3,2,J市嘉木商超门店,2026-05-07,enterprise_ref_184656,合成运营主体_184656,store_ref_624828,J市,J市嘉木商超门店,,job_ref_399817,1,1,1,否,0,0,0,0
商超,3,2,J市嘉木商超门店,2026-05-07,enterprise_ref_184656,合成运营主体_184656,store_ref_624828,J市,J市嘉木商超门店,,job_ref_391389,1,1,1,否,0,0,0,0
商超,3,2,J市嘉木商超门店,2026-05-07,enterprise_ref_184656,合成运营主体_184656,store_ref_624828,J市,J市嘉木商超门店,,job_ref_517563,1,1,1,否,0,0,0,0
商超,3,2,J市嘉木商超门店,2026-05-07,enterprise_ref_184656,合成运营主体_184656,store_ref_624828,J市,J市嘉木商超门店,,job_ref_778489,0,1,1,否,0,0,0,0
商超,3,2,J市嘉木商超门店,2026-05-07,enterprise_ref_184656,合成运营主体_184656,store_ref_624828,J市,J市嘉木商超门店,,job_ref_391389,1,1,1,否,0,0,0,0
商超,3,2,J市嘉木商超门店,2026-05-07,enterprise_ref_184656,合成运营主体_184656,store_ref_624828,J市,J市嘉木商超门店,,job_ref_517563,1,1,1,否,0,0,0,0
商超,3,2,J市嘉木商超门店,2026-05-07,enterprise_ref_184656,合成运营主体_184656,store_ref_624828,J市,J市嘉木商超门店,,job_ref_043543,1,1,1,否,0,0,0,0
商超,3,2,J市嘉木商超门店,2026-05-07,enterprise_ref_184656,合成运营主体_184656,store_ref_624828,J市,J市嘉木商超门店,,job_ref_391389,1,1,1,否,0,0,0,0
商超,3,2,J市嘉木商超门店,2026-05-07,enterprise_ref_184656,合成运营主体_184656,store_ref_624828,J市,J市嘉木商超门店,,job_ref_860072,1,1,1,否,0,0,0,0
商超,3,2,J市嘉木商超门店,2026-05-07,enterprise_ref_184656,合成运营主体_184656,store_ref_624828,J市,J市嘉木商超门店,,job_ref_860072,1,1,1,否,0,0,0,0
商超,3,2,J市嘉木商超门店,2026-05-07,enterprise_ref_184656,合成运营主体_184656,store_ref_624828,J市,J市嘉木商超门店,,job_ref_625337,1,1,1,否,0,0,0,0
商超,3,2,J市嘉木商超门店,2026-05-07,enterprise_ref_184656,合成运营主体_184656,store_ref_624828,J市,J市嘉木商超门店,,job_ref_495695,1,1,1,否,0,0,0,0
商超,3,2,J市嘉木商超门店,2026-05-07,enterprise_ref_184656,合成运营主体_184656,store_ref_624828,J市,J市嘉木商超门店,,job_ref_860072,1,1,1,否,0,0,0,0
商超,3,2,J市嘉木商超门店,2026-05-07,enterprise_ref_184656,合成运营主体_184656,store_ref_624828,J市,J市嘉木商超门店,,job_ref_227104,1,1,1,否,0,0,0,0
商超,3,2,J市嘉木商超门店,2026-05-07,enterprise_ref_184656,合成运营主体_184656,store_ref_624828,J市,J市嘉木商超门店,,job_ref_391389,1,1,1,否,0,0,0,0
商超,3,2,J市嘉木商超门店,2026-05-07,enterprise_ref_184656,合成运营主体_184656,store_ref_624828,J市,J市嘉木商超门店,,job_ref_625337,1,1,1,否,0,0,0,0
商超,3,2,J市嘉木商超门店,2026-05-07,enterprise_ref_184656,合成运营主体_184656,store_ref_624828,J市,J市嘉木商超门店,,job_ref_860072,1,1,1,否,0,0,0,0
商超,3,2,J市嘉木商超门店,2026-05-07,enterprise_ref_184656,合成运营主体_184656,store_ref_624828,J市,J市嘉木商超门店,,job_ref_391389,1,1,1,否,0,0,0,0
商超,3,2,J市嘉木商超门店,2026-05-07,enterprise_ref_184656,合成运营主体_184656,store_ref_624828,J市,J市嘉木商超门店,,job_ref_278560,1,1,1,否,0,0,0,0
商超,3,2,J市嘉木商超门店,2026-05-08,enterprise_ref_184656,合成运营主体_184656,store_ref_624828,J市,J市嘉木商超门店,,job_ref_517563,1,1,1,否,0,0,0,0
商超,3,2,J市嘉木商超门店,2026-05-08,enterprise_ref_184656,合成运营主体_184656,store_ref_624828,J市,J市嘉木商超门店,,job_ref_278560,1,1,1,否,0,0,0,0
商超,3,2,J市嘉木商超门店,2026-05-08,enterprise_ref_184656,合成运营主体_184656,store_ref_624828,J市,J市嘉木商超门店,,job_ref_495695,1,1,1,否,0,0,0,0
商超,3,2,J市嘉木商超门店,2026-05-08,enterprise_ref_184656,合成运营主体_184656,store_ref_624828,J市,J市嘉木商超门店,,job_ref_043543,1,1,1,否,0,0,0,0
商超,3,2,J市嘉木商超门店,2026-05-08,enterprise_ref_184656,合成运营主体_184656,store_ref_624828,J市,J市嘉木商超门店,,job_ref_227104,1,1,1,否,0,0,0,0
商超,3,2,J市嘉木商超门店,2026-05-08,enterprise_ref_184656,合成运营主体_184656,store_ref_624828,J市,J市嘉木商超门店,,job_ref_709051,1,1,1,否,0,0,0,0
商超,3,2,J市嘉木商超门店,2026-05-08,enterprise_ref_184656,合成运营主体_184656,store_ref_624828,J市,J市嘉木商超门店,,job_ref_379949,1,1,1,否,0,0,0,0
商超,3,2,J市嘉木商超门店,2026-05-08,enterprise_ref_184656,合成运营主体_184656,store_ref_624828,J市,J市嘉木商超门店,,job_ref_270146,1,1,1,否,0,0,0,0
商超,3,2,J市嘉木商超门店,2026-05-08,enterprise_ref_184656,合成运营主体_184656,store_ref_624828,J市,J市嘉木商超门店,,job_ref_227104,1,1,1,否,0,0,0,0
商超,3,2,J市嘉木商超门店,2026-05-08,enterprise_ref_184656,合成运营主体_184656,store_ref_624828,J市,J市嘉木商超门店,,job_ref_363393,1,1,1,否,0,0,0,0
商超,3,2,J市嘉木商超门店,2026-05-08,enterprise_ref_184656,合成运营主体_184656,store_ref_624828,J市,J市嘉木商超门店,,job_ref_625337,1,1,1,否,0,0,0,0
商超,3,2,J市嘉木商超门店,2026-05-08,enterprise_ref_184656,合成运营主体_184656,store_ref_624828,J市,J市嘉木商超门店,,job_ref_778489,1,1,1,否,0,0,0,0
商超,3,2,J市嘉木商超门店,2026-05-08,enterprise_ref_184656,合成运营主体_184656,store_ref_624828,J市,J市嘉木商超门店,,job_ref_399817,1,1,1,否,0,0,0,0
商超,3,2,J市嘉木商超门店,2026-05-08,enterprise_ref_184656,合成运营主体_184656,store_ref_624828,J市,J市嘉木商超门店,,job_ref_043543,1,1,1,否,0,0,0,0
商超,3,2,J市嘉木商超门店,2026-05-08,enterprise_ref_184656,合成运营主体_184656,store_ref_624828,J市,J市嘉木商超门店,,job_ref_860072,1,1,1,否,0,0,0,0
商超,3,2,J市嘉木商超门店,2026-05-08,enterprise_ref_184656,合成运营主体_184656,store_ref_624828,J市,J市嘉木商超门店,,job_ref_391389,1,1,1,否,0,0,0,0
商超,3,2,J市嘉木商超门店,2026-05-08,enterprise_ref_184656,合成运营主体_184656,store_ref_624828,J市,J市嘉木商超门店,,job_ref_778489,0,1,1,否,0,0,0,0
商超,3,2,J市嘉木商超门店,2026-05-08,enterprise_ref_184656,合成运营主体_184656,store_ref_624828,J市,J市嘉木商超门店,,job_ref_517563,1,1,1,否,0,0,0,0
商超,3,2,J市嘉木商超门店,2026-05-08,enterprise_ref_184656,合成运营主体_184656,store_ref_624828,J市,J市嘉木商超门店,,job_ref_227104,1,1,1,否,0,0,0,0
商超,3,2,J市嘉木商超门店,2026-05-08,enterprise_ref_184656,合成运营主体_184656,store_ref_624828,J市,J市嘉木商超门店,,job_ref_778489,1,1,1,否,0,0,0,0
商超,3,2,J市嘉木商超门店,2026-05-08,enterprise_ref_184656,合成运营主体_184656,store_ref_624828,J市,J市嘉木商超门店,,job_ref_227104,1,1,1,否,0,0,0,0
商超,3,2,J市嘉木商超门店,2026-05-08,enterprise_ref_184656,合成运营主体_184656,store_ref_624828,J市,J市嘉木商超门店,,job_ref_399817,1,1,1,否,0,0,0,0
商超,3,2,J市嘉木商超门店,2026-05-08,enterprise_ref_184656,合成运营主体_184656,store_ref_624828,J市,J市嘉木商超门店,,job_ref_391389,1,1,1,否,0,0,0,0
商超,3,2,J市嘉木商超门店,2026-05-08,enterprise_ref_184656,合成运营主体_184656,store_ref_624828,J市,J市嘉木商超门店,,job_ref_820894,1,1,1,否,0,0,0,0
商超,3,2,J市嘉木商超门店,2026-05-08,enterprise_ref_184656,合成运营主体_184656,store_ref_624828,J市,J市嘉木商超门店,,job_ref_860072,1,1,1,否,0,0,0,0
商超,3,2,J市嘉木商超门店,2026-05-08,enterprise_ref_184656,合成运营主体_184656,store_ref_624828,J市,J市嘉木商超门店,,job_ref_391389,1,1,1,否,0,0,0,0
商超,3,2,J市嘉木商超门店,2026-05-08,enterprise_ref_184656,合成运营主体_184656,store_ref_624828,J市,J市嘉木商超门店,,job_ref_517563,1,1,1,否,0,0,0,0
商超,3,2,J市嘉木商超门店,2026-05-08,enterprise_ref_184656,合成运营主体_184656,store_ref_624828,J市,J市嘉木商超门店,,job_ref_860072,1,1,1,否,0,0,0,0
商超,3,2,J市嘉木商超门店,2026-05-08,enterprise_ref_184656,合成运营主体_184656,store_ref_624828,J市,J市嘉木商超门店,,job_ref_391389,1,1,1,否,0,0,0,0
商超,3,2,J市嘉木商超门店,2026-05-08,enterprise_ref_184656,合成运营主体_184656,store_ref_624828,J市,J市嘉木商超门店,,job_ref_860072,1,1,1,否,0,0,0,0
商超,3,2,J市嘉木商超门店,2026-05-08,enterprise_ref_184656,合成运营主体_184656,store_ref_624828,J市,J市嘉木商超门店,,job_ref_625337,1,1,1,否,0,0,0,0
商超,3,2,J市嘉木商超门店,2026-05-08,enterprise_ref_184656,合成运营主体_184656,store_ref_624828,J市,J市嘉木商超门店,,job_ref_517563,1,1,1,否,0,0,0,0
商超,3,2,J市嘉木商超门店,2026-05-08,enterprise_ref_184656,合成运营主体_184656,store_ref_624828,J市,J市嘉木商超门店,,job_ref_399817,1,1,1,否,0,0,0,0
商超,3,2,J市嘉木商超门店,2026-05-08,enterprise_ref_184656,合成运营主体_184656,store_ref_624828,J市,J市嘉木商超门店,,job_ref_860072,1,1,1,否,0,0,0,0
商超,3,2,J市嘉木商超门店,2026-05-08,enterprise_ref_184656,合成运营主体_184656,store_ref_624828,J市,J市嘉木商超门店,,job_ref_860072,1,1,1,否,0,0,0,0
商超,3,2,J市嘉木商超门店,2026-05-08,enterprise_ref_184656,合成运营主体_184656,store_ref_624828,J市,J市嘉木商超门店,,job_ref_278560,3,3,3,否,0,0,0,0
商超,3,2,J市嘉木商超门店,2026-05-08,enterprise_ref_184656,合成运营主体_184656,store_ref_624828,J市,J市嘉木商超门店,,job_ref_379949,1,1,1,否,0,0,0,0
商超,3,2,J市嘉木商超门店,2026-05-08,enterprise_ref_184656,合成运营主体_184656,store_ref_624828,J市,J市嘉木商超门店,,job_ref_860072,1,1,1,否,0,0,0,0
商超,3,2,J市嘉木商超门店,2026-05-08,enterprise_ref_184656,合成运营主体_184656,store_ref_624828,J市,J市嘉木商超门店,,job_ref_391389,1,1,1,否,0,0,0,0
商超,3,2,J市嘉木商超门店,2026-05-08,enterprise_ref_184656,合成运营主体_184656,store_ref_624828,J市,J市嘉木商超门店,,job_ref_278560,3,3,3,否,0,0,0,0
商超,3,2,J市嘉木商超门店,2026-05-08,enterprise_ref_184656,合成运营主体_184656,store_ref_624828,J市,J市嘉木商超门店,,job_ref_860072,1,1,1,否,0,0,0,0
商超,3,2,J市嘉木商超门店,2026-05-08,enterprise_ref_184656,合成运营主体_184656,store_ref_624828,J市,J市嘉木商超门店,,job_ref_517563,1,1,1,否,0,0,0,0
商超,3,2,J市嘉木商超门店,2026-05-08,enterprise_ref_184656,合成运营主体_184656,store_ref_624828,J市,J市嘉木商超门店,,job_ref_079263,1,1,1,否,0,0,0,0
商超,3,2,J市嘉木商超门店,2026-05-08,enterprise_ref_184656,合成运营主体_184656,store_ref_624828,J市,J市嘉木商超门店,,job_ref_043543,0,1,1,否,0,0,0,0
商超,3,2,J市嘉木商超门店,2026-05-08,enterprise_ref_184656,合成运营主体_184656,store_ref_624828,J市,J市嘉木商超门店,,job_ref_391389,1,1,1,否,0,0,0,0
商超,3,2,J市嘉木商超门店,2026-05-08,enterprise_ref_184656,合成运营主体_184656,store_ref_624828,J市,J市嘉木商超门店,,job_ref_860072,1,1,1,否,0,0,0,0
商超,3,2,J市嘉木商超门店,2026-05-08,enterprise_ref_184656,合成运营主体_184656,store_ref_624828,J市,J市嘉木商超门店,,job_ref_227104,1,1,1,否,0,0,0,0
商超,3,2,J市嘉木商超门店,2026-05-08,enterprise_ref_184656,合成运营主体_184656,store_ref_624828,J市,J市嘉木商超门店,,job_ref_625337,4,4,4,否,0,0,0,0
商超,3,2,J市嘉木商超门店,2026-05-08,enterprise_ref_184656,合成运营主体_184656,store_ref_624828,J市,J市嘉木商超门店,,job_ref_399817,1,1,1,否,0,0,0,0
商超,3,2,J市嘉木商超门店,2026-05-08,enterprise_ref_184656,合成运营主体_184656,store_ref_624828,J市,J市嘉木商超门店,,job_ref_391389,0,1,1,否,0,0,0,0
商超,3,2,J市嘉木商超门店,2026-05-08,enterprise_ref_184656,合成运营主体_184656,store_ref_624828,J市,J市嘉木商超门店,,job_ref_625337,1,1,1,否,0,0,0,0
商超,3,2,J市嘉木商超门店,2026-05-08,enterprise_ref_184656,合成运营主体_184656,store_ref_624828,J市,J市嘉木商超门店,,job_ref_517563,0,1,1,否,0,0,0,0
商超,3,2,J市嘉木商超门店,2026-05-09,enterprise_ref_184656,合成运营主体_184656,store_ref_624828,J市,J市嘉木商超门店,,job_ref_860072,1,1,1,否,0,0,0,0
商超,3,2,J市嘉木商超门店,2026-05-09,enterprise_ref_184656,合成运营主体_184656,store_ref_624828,J市,J市嘉木商超门店,,job_ref_391389,1,1,1,否,0,0,0,0
商超,3,2,J市嘉木商超门店,2026-05-09,enterprise_ref_184656,合成运营主体_184656,store_ref_624828,J市,J市嘉木商超门店,,job_ref_860072,1,1,1,否,0,0,0,0
商超,3,2,J市嘉木商超门店,2026-05-09,enterprise_ref_184656,合成运营主体_184656,store_ref_624828,J市,J市嘉木商超门店,,job_ref_625337,4,4,4,否,0,0,0,0
商超,3,2,J市嘉木商超门店,2026-05-09,enterprise_ref_184656,合成运营主体_184656,store_ref_624828,J市,J市嘉木商超门店,,job_ref_860072,1,1,1,否,0,0,0,0
商超,3,2,J市嘉木商超门店,2026-05-09,enterprise_ref_184656,合成运营主体_184656,store_ref_624828,J市,J市嘉木商超门店,,job_ref_278560,2,2,2,否,0,0,0,0
商超,3,2,J市嘉木商超门店,2026-05-09,enterprise_ref_184656,合成运营主体_184656,store_ref_624828,J市,J市嘉木商超门店,,job_ref_043543,1,1,1,否,0,0,0,0
商超,3,2,J市嘉木商超门店,2026-05-09,enterprise_ref_184656,合成运营主体_184656,store_ref_624828,J市,J市嘉木商超门店,,job_ref_860072,1,1,1,否,0,0,0,0
商超,3,2,J市嘉木商超门店,2026-05-09,enterprise_ref_184656,合成运营主体_184656,store_ref_624828,J市,J市嘉木商超门店,,job_ref_278560,2,2,2,否,0,0,0,0
商超,3,2,J市嘉木商超门店,2026-05-09,enterprise_ref_184656,合成运营主体_184656,store_ref_624828,J市,J市嘉木商超门店,,job_ref_391389,1,1,1,否,0,0,0,0
商超,3,2,J市嘉木商超门店,2026-05-09,enterprise_ref_184656,合成运营主体_184656,store_ref_624828,J市,J市嘉木商超门店,,job_ref_227104,1,1,1,否,0,0,0,0
商超,3,2,J市嘉木商超门店,2026-05-09,enterprise_ref_184656,合成运营主体_184656,store_ref_624828,J市,J市嘉木商超门店,,job_ref_079263,1,1,1,否,0,0,0,0
商超,3,2,J市嘉木商超门店,2026-05-09,enterprise_ref_184656,合成运营主体_184656,store_ref_624828,J市,J市嘉木商超门店,,job_ref_270146,1,1,1,否,0,0,0,0
商超,3,2,J市嘉木商超门店,2026-05-09,enterprise_ref_184656,合成运营主体_184656,store_ref_624828,J市,J市嘉木商超门店,,job_ref_860072,1,1,1,否,0,0,0,0
商超,3,2,J市嘉木商超门店,2026-05-09,enterprise_ref_184656,合成运营主体_184656,store_ref_624828,J市,J市嘉木商超门店,,job_ref_860072,1,1,1,否,0,0,0,0
商超,3,2,J市嘉木商超门店,2026-05-09,enterprise_ref_184656,合成运营主体_184656,store_ref_624828,J市,J市嘉木商超门店,,job_ref_517563,1,1,1,否,0,0,0,0
商超,3,2,J市嘉木商超门店,2026-05-09,enterprise_ref_184656,合成运营主体_184656,store_ref_624828,J市,J市嘉木商超门店,,job_ref_778489,1,1,1,否,0,0,0,0
商超,3,2,J市嘉木商超门店,2026-05-09,enterprise_ref_184656,合成运营主体_184656,store_ref_624828,J市,J市嘉木商超门店,,job_ref_399817,1,1,1,否,0,0,0,0
商超,3,2,J市嘉木商超门店,2026-05-09,enterprise_ref_184656,合成运营主体_184656,store_ref_624828,J市,J市嘉木商超门店,,job_ref_227104,1,1,1,否,0,0,0,0
商超,3,2,J市嘉木商超门店,2026-05-09,enterprise_ref_184656,合成运营主体_184656,store_ref_624828,J市,J市嘉木商超门店,,job_ref_227104,1,1,1,否,0,0,0,0
商超,3,2,J市嘉木商超门店,2026-05-09,enterprise_ref_184656,合成运营主体_184656,store_ref_624828,J市,J市嘉木商超门店,,job_ref_860072,1,1,1,否,0,0,0,0
商超,3,2,J市嘉木商超门店,2026-05-09,enterprise_ref_184656,合成运营主体_184656,store_ref_624828,J市,J市嘉木商超门店,,job_ref_278560,0,1,1,否,0,0,0,0
商超,3,2,J市嘉木商超门店,2026-05-09,enterprise_ref_184656,合成运营主体_184656,store_ref_624828,J市,J市嘉木商超门店,,job_ref_391389,1,1,1,否,0,0,0,0
商超,3,2,J市嘉木商超门店,2026-05-09,enterprise_ref_184656,合成运营主体_184656,store_ref_624828,J市,J市嘉木商超门店,,job_ref_391389,1,1,1,否,0,0,0,0
商超,3,2,J市嘉木商超门店,2026-05-09,enterprise_ref_184656,合成运营主体_184656,store_ref_624828,J市,J市嘉木商超门店,,job_ref_227104,1,1,1,否,0,0,0,0
商超,3,2,J市嘉木商超门店,2026-05-09,enterprise_ref_184656,合成运营主体_184656,store_ref_624828,J市,J市嘉木商超门店,,job_ref_391389,0,1,1,否,0,0,0,0
商超,3,2,J市嘉木商超门店,2026-05-09,enterprise_ref_184656,合成运营主体_184656,store_ref_624828,J市,J市嘉木商超门店,,job_ref_399817,1,1,1,否,0,0,0,0
商超,3,2,J市嘉木商超门店,2026-05-09,enterprise_ref_184656,合成运营主体_184656,store_ref_624828,J市,J市嘉木商超门店,,job_ref_399817,1,1,1,否,0,0,0,0
商超,3,2,J市嘉木商超门店,2026-05-09,enterprise_ref_184656,合成运营主体_184656,store_ref_624828,J市,J市嘉木商超门店,,job_ref_517563,1,1,1,否,0,0,0,0
商超,3,2,J市嘉木商超门店,2026-05-09,enterprise_ref_184656,合成运营主体_184656,store_ref_624828,J市,J市嘉木商超门店,,job_ref_625337,1,1,1,否,0,0,0,0
商超,3,2,J市嘉木商超门店,2026-05-09,enterprise_ref_184656,合成运营主体_184656,store_ref_624828,J市,J市嘉木商超门店,,job_ref_391389,1,1,1,否,0,0,0,0
商超,3,2,J市嘉木商超门店,2026-05-09,enterprise_ref_184656,合成运营主体_184656,store_ref_624828,J市,J市嘉木商超门店,,job_ref_278560,1,1,1,否,0,0,0,0
商超,3,2,J市嘉木商超门店,2026-05-09,enterprise_ref_184656,合成运营主体_184656,store_ref_624828,J市,J市嘉木商超门店,,job_ref_379949,1,1,1,否,0,0,0,0
商超,3,2,J市嘉木商超门店,2026-05-09,enterprise_ref_184656,合成运营主体_184656,store_ref_624828,J市,J市嘉木商超门店,,job_ref_399817,1,1,1,否,0,0,0,0
商超,3,2,J市嘉木商超门店,2026-05-09,enterprise_ref_184656,合成运营主体_184656,store_ref_624828,J市,J市嘉木商超门店,,job_ref_043543,1,1,1,否,0,0,0,0
商超,3,2,J市嘉木商超门店,2026-05-09,enterprise_ref_184656,合成运营主体_184656,store_ref_624828,J市,J市嘉木商超门店,,job_ref_391389,1,1,1,否,0,0,0,0
商超,3,2,J市嘉木商超门店,2026-05-09,enterprise_ref_184656,合成运营主体_184656,store_ref_624828,J市,J市嘉木商超门店,,job_ref_227104,1,1,1,否,0,0,0,0
商超,3,2,J市嘉木商超门店,2026-05-09,enterprise_ref_184656,合成运营主体_184656,store_ref_624828,J市,J市嘉木商超门店,,job_ref_043543,1,1,1,否,0,0,0,0
商超,3,2,J市嘉木商超门店,2026-05-09,enterprise_ref_184656,合成运营主体_184656,store_ref_624828,J市,J市嘉木商超门店,,job_ref_391389,1,1,1,否,0,0,0,0
商超,3,2,J市嘉木商超门店,2026-05-09,enterprise_ref_184656,合成运营主体_184656,store_ref_624828,J市,J市嘉木商超门店,,job_ref_495695,1,1,1,否,0,0,0,0
商超,3,2,J市嘉木商超门店,2026-05-09,enterprise_ref_184656,合成运营主体_184656,store_ref_624828,J市,J市嘉木商超门店,,job_ref_379949,1,1,1,否,0,0,0,0
商超,3,2,J市嘉木商超门店,2026-05-09,enterprise_ref_184656,合成运营主体_184656,store_ref_624828,J市,J市嘉木商超门店,,job_ref_860072,1,1,1,否,0,0,0,0
商超,3,2,J市嘉木商超门店,2026-05-09,enterprise_ref_184656,合成运营主体_184656,store_ref_624828,J市,J市嘉木商超门店,,job_ref_625337,1,1,1,否,0,0,0,0
商超,3,2,J市嘉木商超门店,2026-05-09,enterprise_ref_184656,合成运营主体_184656,store_ref_624828,J市,J市嘉木商超门店,,job_ref_709051,1,1,1,否,0,0,0,0
商超,3,2,J市嘉木商超门店,2026-05-09,enterprise_ref_184656,合成运营主体_184656,store_ref_624828,J市,J市嘉木商超门店,,job_ref_495695,1,1,1,否,0,0,0,0
商超,3,2,J市嘉木商超门店,2026-05-09,enterprise_ref_184656,合成运营主体_184656,store_ref_624828,J市,J市嘉木商超门店,,job_ref_043543,1,1,1,否,0,0,0,0
商超,3,2,J市嘉木商超门店,2026-05-09,enterprise_ref_184656,合成运营主体_184656,store_ref_624828,J市,J市嘉木商超门店,,job_ref_860072,1,1,1,否,0,0,0,0
商超,3,2,J市嘉木商超门店,2026-05-09,enterprise_ref_184656,合成运营主体_184656,store_ref_624828,J市,J市嘉木商超门店,,job_ref_391389,1,1,1,否,0,0,0,0
商超,3,2,J市嘉木商超门店,2026-05-09,enterprise_ref_184656,合成运营主体_184656,store_ref_624828,J市,J市嘉木商超门店,,job_ref_517563,0,1,1,否,0,0,0,0
商超,3,2,J市嘉木商超门店,2026-05-09,enterprise_ref_184656,合成运营主体_184656,store_ref_624828,J市,J市嘉木商超门店,,job_ref_625337,1,1,1,否,0,0,0,0
商超,3,2,J市嘉木商超门店,2026-05-10,enterprise_ref_184656,合成运营主体_184656,store_ref_624828,J市,J市嘉木商超门店,,job_ref_227104,0,1,1,否,0,0,0,0
商超,3,2,J市嘉木商超门店,2026-05-10,enterprise_ref_184656,合成运营主体_184656,store_ref_624828,J市,J市嘉木商超门店,,job_ref_391389,0,1,1,否,0,0,0,0
商超,3,2,J市嘉木商超门店,2026-05-10,enterprise_ref_184656,合成运营主体_184656,store_ref_624828,J市,J市嘉木商超门店,,job_ref_043543,1,1,1,否,0,0,0,0
商超,3,2,J市嘉木商超门店,2026-05-10,enterprise_ref_184656,合成运营主体_184656,store_ref_624828,J市,J市嘉木商超门店,,job_ref_391389,1,1,1,否,0,0,0,0
商超,3,2,J市嘉木商超门店,2026-05-10,enterprise_ref_184656,合成运营主体_184656,store_ref_624828,J市,J市嘉木商超门店,,job_ref_227104,0,1,1,否,0,0,0,0
商超,3,2,J市嘉木商超门店,2026-05-10,enterprise_ref_184656,合成运营主体_184656,store_ref_624828,J市,J市嘉木商超门店,,job_ref_227104,1,1,1,否,0,0,0,0
商超,3,2,J市嘉木商超门店,2026-05-10,enterprise_ref_184656,合成运营主体_184656,store_ref_624828,J市,J市嘉木商超门店,,job_ref_278560,2,2,2,否,0,0,0,0
商超,3,2,J市嘉木商超门店,2026-05-10,enterprise_ref_184656,合成运营主体_184656,store_ref_624828,J市,J市嘉木商超门店,,job_ref_227104,1,1,1,否,0,0,0,0
商超,3,2,J市嘉木商超门店,2026-05-10,enterprise_ref_184656,合成运营主体_184656,store_ref_624828,J市,J市嘉木商超门店,,job_ref_495695,1,1,1,否,0,0,0,0
商超,3,2,J市嘉木商超门店,2026-05-10,enterprise_ref_184656,合成运营主体_184656,store_ref_624828,J市,J市嘉木商超门店,,job_ref_820894,1,1,1,否,0,0,0,0
商超,3,2,J市嘉木商超门店,2026-05-10,enterprise_ref_184656,合成运营主体_184656,store_ref_624828,J市,J市嘉木商超门店,,job_ref_227104,1,1,1,否,0,0,0,0
商超,3,2,J市嘉木商超门店,2026-05-10,enterprise_ref_184656,合成运营主体_184656,store_ref_624828,J市,J市嘉木商超门店,,job_ref_391389,1,1,1,否,0,0,0,0
商超,3,2,J市嘉木商超门店,2026-05-10,enterprise_ref_184656,合成运营主体_184656,store_ref_624828,J市,J市嘉木商超门店,,job_ref_860072,1,1,1,否,0,0,0,0
商超,3,2,J市嘉木商超门店,2026-05-10,enterprise_ref_184656,合成运营主体_184656,store_ref_624828,J市,J市嘉木商超门店,,job_ref_778489,1,1,1,否,0,0,0,0
商超,3,2,J市嘉木商超门店,2026-05-10,enterprise_ref_184656,合成运营主体_184656,store_ref_624828,J市,J市嘉木商超门店,,job_ref_399817,1,1,1,否,0,0,0,0
商超,3,2,J市嘉木商超门店,2026-05-10,enterprise_ref_184656,合成运营主体_184656,store_ref_624828,J市,J市嘉木商超门店,,job_ref_363393,1,1,1,否,0,0,0,0
商超,3,2,J市嘉木商超门店,2026-05-10,enterprise_ref_184656,合成运营主体_184656,store_ref_624828,J市,J市嘉木商超门店,,job_ref_278560,1,1,1,否,0,0,0,0
商超,3,2,J市嘉木商超门店,2026-05-10,enterprise_ref_184656,合成运营主体_184656,store_ref_624828,J市,J市嘉木商超门店,,job_ref_391389,1,1,1,否,0,0,0,0
商超,3,2,J市嘉木商超门店,2026-05-10,enterprise_ref_184656,合成运营主体_184656,store_ref_624828,J市,J市嘉木商超门店,,job_ref_625337,1,1,1,否,0,0,0,0
商超,3,2,J市嘉木商超门店,2026-05-10,enterprise_ref_184656,合成运营主体_184656,store_ref_624828,J市,J市嘉木商超门店,,job_ref_227104,0,1,1,否,0,0,0,0
商超,3,2,J市嘉木商超门店,2026-05-10,enterprise_ref_184656,合成运营主体_184656,store_ref_624828,J市,J市嘉木商超门店,,job_ref_860072,1,1,1,否,0,0,0,0
商超,3,2,J市嘉木商超门店,2026-05-10,enterprise_ref_184656,合成运营主体_184656,store_ref_624828,J市,J市嘉木商超门店,,job_ref_227104,1,1,1,否,0,0,0,0
商超,3,2,J市嘉木商超门店,2026-05-10,enterprise_ref_184656,合成运营主体_184656,store_ref_624828,J市,J市嘉木商超门店,,job_ref_227104,0,1,1,否,0,0,0,0
商超,3,2,J市嘉木商超门店,2026-05-10,enterprise_ref_184656,合成运营主体_184656,store_ref_624828,J市,J市嘉木商超门店,,job_ref_495695,1,1,1,否,0,0,0,0
商超,3,2,J市嘉木商超门店,2026-05-10,enterprise_ref_184656,合成运营主体_184656,store_ref_624828,J市,J市嘉木商超门店,,job_ref_860072,1,1,1,否,0,0,0,0
商超,3,2,J市嘉木商超门店,2026-05-10,enterprise_ref_184656,合成运营主体_184656,store_ref_624828,J市,J市嘉木商超门店,,job_ref_391389,1,1,1,否,0,0,0,0
商超,3,2,J市嘉木商超门店,2026-05-10,enterprise_ref_184656,合成运营主体_184656,store_ref_624828,J市,J市嘉木商超门店,,job_ref_391389,1,1,1,否,0,0,0,0
商超,3,2,J市嘉木商超门店,2026-05-10,enterprise_ref_184656,合成运营主体_184656,store_ref_624828,J市,J市嘉木商超门店,,job_ref_391389,1,1,1,否,0,0,0,0
商超,3,2,J市嘉木商超门店,2026-05-10,enterprise_ref_184656,合成运营主体_184656,store_ref_624828,J市,J市嘉木商超门店,,job_ref_043543,1,1,1,否,0,0,0,0
商超,3,2,J市嘉木商超门店,2026-05-10,enterprise_ref_184656,合成运营主体_184656,store_ref_624828,J市,J市嘉木商超门店,,job_ref_278560,2,2,2,否,0,0,0,0
商超,3,2,J市嘉木商超门店,2026-05-10,enterprise_ref_184656,合成运营主体_184656,store_ref_624828,J市,J市嘉木商超门店,,job_ref_517563,1,1,1,否,0,0,0,0
商超,3,2,J市嘉木商超门店,2026-05-10,enterprise_ref_184656,合成运营主体_184656,store_ref_624828,J市,J市嘉木商超门店,,job_ref_227104,0,1,1,否,0,0,0,0
商超,3,2,J市嘉木商超门店,2026-05-10,enterprise_ref_184656,合成运营主体_184656,store_ref_624828,J市,J市嘉木商超门店,,job_ref_043543,1,1,1,否,0,0,0,0
商超,3,2,J市嘉木商超门店,2026-05-10,enterprise_ref_184656,合成运营主体_184656,store_ref_624828,J市,J市嘉木商超门店,,job_ref_391389,1,1,1,否,0,0,0,0
商超,3,2,J市嘉木商超门店,2026-05-10,enterprise_ref_184656,合成运营主体_184656,store_ref_624828,J市,J市嘉木商超门店,,job_ref_860072,1,1,1,否,0,0,0,0
商超,3,2,J市嘉木商超门店,2026-05-10,enterprise_ref_184656,合成运营主体_184656,store_ref_624828,J市,J市嘉木商超门店,,job_ref_517563,1,1,1,否,0,0,0,0
商超,3,2,J市嘉木商超门店,2026-05-10,enterprise_ref_184656,合成运营主体_184656,store_ref_624828,J市,J市嘉木商超门店,,job_ref_278560,1,1,1,否,0,0,0,0
商超,3,2,J市嘉木商超门店,2026-05-10,enterprise_ref_184656,合成运营主体_184656,store_ref_624828,J市,J市嘉木商超门店,,job_ref_227104,1,1,1,否,0,0,0,0
商超,3,2,J市嘉木商超门店,2026-05-10,enterprise_ref_184656,合成运营主体_184656,store_ref_624828,J市,J市嘉木商超门店,,job_ref_517563,0,1,1,否,0,0,0,0
商超,3,2,J市嘉木商超门店,2026-05-10,enterprise_ref_184656,合成运营主体_184656,store_ref_624828,J市,J市嘉木商超门店,,job_ref_778489,1,1,1,否,0,0,0,0
商超,3,2,J市嘉木商超门店,2026-05-10,enterprise_ref_184656,合成运营主体_184656,store_ref_624828,J市,J市嘉木商超门店,,job_ref_860072,1,1,1,否,0,0,0,0
商超,3,2,J市嘉木商超门店,2026-05-10,enterprise_ref_184656,合成运营主体_184656,store_ref_624828,J市,J市嘉木商超门店,,job_ref_860072,1,1,1,否,0,0,0,0
商超,3,2,J市嘉木商超门店,2026-05-10,enterprise_ref_184656,合成运营主体_184656,store_ref_624828,J市,J市嘉木商超门店,,job_ref_399817,1,1,1,否,0,0,0,0
商超,3,2,J市嘉木商超门店,2026-05-10,enterprise_ref_184656,合成运营主体_184656,store_ref_624828,J市,J市嘉木商超门店,,job_ref_625337,4,4,4,否,0,0,0,0
商超,3,2,J市嘉木商超门店,2026-05-10,enterprise_ref_184656,合成运营主体_184656,store_ref_624828,J市,J市嘉木商超门店,,job_ref_517563,1,1,1,否,0,0,0,0
商超,3,2,J市嘉木商超门店,2026-05-10,enterprise_ref_184656,合成运营主体_184656,store_ref_624828,J市,J市嘉木商超门店,,job_ref_517563,1,1,1,否,0,0,0,0
商超,3,2,J市嘉木商超门店,2026-05-10,enterprise_ref_184656,合成运营主体_184656,store_ref_624828,J市,J市嘉木商超门店,,job_ref_517563,1,1,1,否,0,0,0,0
商超,3,2,J市嘉木商超门店,2026-05-10,enterprise_ref_184656,合成运营主体_184656,store_ref_624828,J市,J市嘉木商超门店,,job_ref_625337,0,4,4,否,0,0,0,0
商超,3,2,J市嘉木商超门店,2026-05-10,enterprise_ref_184656,合成运营主体_184656,store_ref_624828,J市,J市嘉木商超门店,,job_ref_270146,1,1,1,否,0,0,0,0
商超,3,2,J市嘉木商超门店,2026-05-10,enterprise_ref_184656,合成运营主体_184656,store_ref_624828,J市,J市嘉木商超门店,,job_ref_227104,1,1,1,否,0,0,0,0
商超,3,2,J市嘉木商超门店,2026-05-10,enterprise_ref_184656,合成运营主体_184656,store_ref_624828,J市,J市嘉木商超门店,,job_ref_399817,1,1,1,否,0,0,0,0
商超,3,2,J市嘉木商超门店,2026-05-10,enterprise_ref_184656,合成运营主体_184656,store_ref_624828,J市,J市嘉木商超门店,,job_ref_625337,1,1,1,否,0,0,0,0
商超,3,2,J市嘉木商超门店,2026-05-10,enterprise_ref_184656,合成运营主体_184656,store_ref_624828,J市,J市嘉木商超门店,,job_ref_860072,1,1,1,否,0,0,0,0
商超,3,2,J市嘉木商超门店,2026-05-10,enterprise_ref_184656,合成运营主体_184656,store_ref_624828,J市,J市嘉木商超门店,,job_ref_379949,1,1,1,否,0,0,0,0
商超,3,2,J市嘉木商超门店,2026-05-10,enterprise_ref_184656,合成运营主体_184656,store_ref_624828,J市,J市嘉木商超门店,,job_ref_625337,1,1,1,否,0,0,0,0
商超,3,2,J市嘉木商超门店,2026-05-10,enterprise_ref_184656,合成运营主体_184656,store_ref_624828,J市,J市嘉木商超门店,,job_ref_391389,1,1,1,否,0,0,0,0
商超,3,2,J市嘉木商超门店,2026-05-10,enterprise_ref_184656,合成运营主体_184656,store_ref_624828,J市,J市嘉木商超门店,,job_ref_860072,1,1,1,否,0,0,0,0
商超,3,2,J市嘉木商超门店,2026-05-11,enterprise_ref_184656,合成运营主体_184656,store_ref_624828,J市,J市嘉木商超门店,,job_ref_227104,1,1,1,否,0,0,0,0
商超,3,2,J市嘉木商超门店,2026-05-11,enterprise_ref_184656,合成运营主体_184656,store_ref_624828,J市,J市嘉木商超门店,,job_ref_778489,1,1,1,否,0,0,0,0
商超,3,2,J市嘉木商超门店,2026-05-11,enterprise_ref_184656,合成运营主体_184656,store_ref_624828,J市,J市嘉木商超门店,,job_ref_379949,1,1,1,否,0,0,0,0
商超,3,2,J市嘉木商超门店,2026-05-11,enterprise_ref_184656,合成运营主体_184656,store_ref_624828,J市,J市嘉木商超门店,,job_ref_709051,1,1,1,否,0,0,0,0
商超,3,2,J市嘉木商超门店,2026-05-11,enterprise_ref_184656,合成运营主体_184656,store_ref_624828,J市,J市嘉木商超门店,,job_ref_043543,1,1,1,否,0,0,0,0
商超,3,2,J市嘉木商超门店,2026-05-11,enterprise_ref_184656,合成运营主体_184656,store_ref_624828,J市,J市嘉木商超门店,,job_ref_391389,1,1,1,否,0,0,0,0
商超,3,2,J市嘉木商超门店,2026-05-11,enterprise_ref_184656,合成运营主体_184656,store_ref_624828,J市,J市嘉木商超门店,,job_ref_391389,1,1,1,否,0,0,0,0
商超,3,2,J市嘉木商超门店,2026-05-11,enterprise_ref_184656,合成运营主体_184656,store_ref_624828,J市,J市嘉木商超门店,,job_ref_860072,1,1,1,否,0,0,0,0
商超,3,2,J市嘉木商超门店,2026-05-11,enterprise_ref_184656,合成运营主体_184656,store_ref_624828,J市,J市嘉木商超门店,,job_ref_517563,0,1,1,否,0,0,0,0
商超,3,2,J市嘉木商超门店,2026-05-11,enterprise_ref_184656,合成运营主体_184656,store_ref_624828,J市,J市嘉木商超门店,,job_ref_860072,1,1,1,否,0,0,0,0
商超,3,2,J市嘉木商超门店,2026-05-11,enterprise_ref_184656,合成运营主体_184656,store_ref_624828,J市,J市嘉木商超门店,,job_ref_860072,1,1,1,否,0,0,0,0
商超,3,2,J市嘉木商超门店,2026-05-11,enterprise_ref_184656,合成运营主体_184656,store_ref_624828,J市,J市嘉木商超门店,,job_ref_278560,1,1,1,否,0,0,0,0
商超,3,2,J市嘉木商超门店,2026-05-11,enterprise_ref_184656,合成运营主体_184656,store_ref_624828,J市,J市嘉木商超门店,,job_ref_043543,1,1,1,否,0,0,0,0
商超,3,2,J市嘉木商超门店,2026-05-11,enterprise_ref_184656,合成运营主体_184656,store_ref_624828,J市,J市嘉木商超门店,,job_ref_517563,1,1,1,否,0,0,0,0
商超,3,2,J市嘉木商超门店,2026-05-11,enterprise_ref_184656,合成运营主体_184656,store_ref_624828,J市,J市嘉木商超门店,,job_ref_820894,1,1,1,否,0,0,0,0
商超,3,2,J市嘉木商超门店,2026-05-11,enterprise_ref_184656,合成运营主体_184656,store_ref_624828,J市,J市嘉木商超门店,,job_ref_860072,1,1,1,否,0,0,0,0
商超,3,2,J市嘉木商超门店,2026-05-11,enterprise_ref_184656,合成运营主体_184656,store_ref_624828,J市,J市嘉木商超门店,,job_ref_079263,1,1,1,否,0,0,0,0
商超,3,2,J市嘉木商超门店,2026-05-11,enterprise_ref_184656,合成运营主体_184656,store_ref_624828,J市,J市嘉木商超门店,,job_ref_391389,1,1,1,否,0,0,0,0
商超,3,2,J市嘉木商超门店,2026-05-11,enterprise_ref_184656,合成运营主体_184656,store_ref_624828,J市,J市嘉木商超门店,,job_ref_391389,1,1,1,否,0,0,0,0
商超,3,2,J市嘉木商超门店,2026-05-11,enterprise_ref_184656,合成运营主体_184656,store_ref_624828,J市,J市嘉木商超门店,,job_ref_278560,3,3,3,否,0,0,0,0
商超,3,2,J市嘉木商超门店,2026-05-11,enterprise_ref_184656,合成运营主体_184656,store_ref_624828,J市,J市嘉木商超门店,,job_ref_778489,0,1,1,否,0,0,0,0
商超,3,2,J市嘉木商超门店,2026-05-11,enterprise_ref_184656,合成运营主体_184656,store_ref_624828,J市,J市嘉木商超门店,,job_ref_227104,1,1,1,否,0,0,0,0
商超,3,2,J市嘉木商超门店,2026-05-11,enterprise_ref_184656,合成运营主体_184656,store_ref_624828,J市,J市嘉木商超门店,,job_ref_227104,1,1,1,否,0,0,0,0
商超,3,2,J市嘉木商超门店,2026-05-11,enterprise_ref_184656,合成运营主体_184656,store_ref_624828,J市,J市嘉木商超门店,,job_ref_625337,1,1,1,否,0,0,0,0
商超,3,2,J市嘉木商超门店,2026-05-11,enterprise_ref_184656,合成运营主体_184656,store_ref_624828,J市,J市嘉木商超门店,,job_ref_625337,1,1,1,否,0,0,0,0
商超,3,2,J市嘉木商超门店,2026-05-11,enterprise_ref_184656,合成运营主体_184656,store_ref_624828,J市,J市嘉木商超门店,,job_ref_391389,0,1,1,否,0,0,0,0
商超,3,2,J市嘉木商超门店,2026-05-11,enterprise_ref_184656,合成运营主体_184656,store_ref_624828,J市,J市嘉木商超门店,,job_ref_860072,1,1,1,否,0,0,0,0
商超,3,2,J市嘉木商超门店,2026-05-11,enterprise_ref_184656,合成运营主体_184656,store_ref_624828,J市,J市嘉木商超门店,,job_ref_860072,1,1,1,否,0,0,0,0
商超,3,2,J市嘉木商超门店,2026-05-11,enterprise_ref_184656,合成运营主体_184656,store_ref_624828,J市,J市嘉木商超门店,,job_ref_625337,0,1,1,否,0,0,0,0
商超,3,2,J市嘉木商超门店,2026-05-11,enterprise_ref_184656,合成运营主体_184656,store_ref_624828,J市,J市嘉木商超门店,,job_ref_625337,4,4,4,否,0,0,0,0
商超,3,2,J市嘉木商超门店,2026-05-11,enterprise_ref_184656,合成运营主体_184656,store_ref_624828,J市,J市嘉木商超门店,,job_ref_270146,1,1,1,否,0,0,0,0
商超,3,2,J市嘉木商超门店,2026-05-11,enterprise_ref_184656,合成运营主体_184656,store_ref_624828,J市,J市嘉木商超门店,,job_ref_391389,1,1,1,否,0,0,0,0
商超,3,2,J市嘉木商超门店,2026-05-11,enterprise_ref_184656,合成运营主体_184656,store_ref_624828,J市,J市嘉木商超门店,,job_ref_379949,1,1,1,否,0,0,0,0
商超,3,2,J市嘉木商超门店,2026-05-11,enterprise_ref_184656,合成运营主体_184656,store_ref_624828,J市,J市嘉木商超门店,,job_ref_517563,1,1,1,否,0,0,0,0
商超,3,2,J市嘉木商超门店,2026-05-11,enterprise_ref_184656,合成运营主体_184656,store_ref_624828,J市,J市嘉木商超门店,,job_ref_860072,1,1,1,否,0,0,0,0
商超,3,2,J市嘉木商超门店,2026-05-11,enterprise_ref_184656,合成运营主体_184656,store_ref_624828,J市,J市嘉木商超门店,,job_ref_363393,1,1,1,否,0,0,0,0
商超,3,2,J市嘉木商超门店,2026-05-11,enterprise_ref_184656,合成运营主体_184656,store_ref_624828,J市,J市嘉木商超门店,,job_ref_399817,1,1,1,否,0,0,0,0
商超,3,2,J市嘉木商超门店,2026-05-11,enterprise_ref_184656,合成运营主体_184656,store_ref_624828,J市,J市嘉木商超门店,,job_ref_391389,1,1,1,否,0,0,0,0
商超,3,2,J市嘉木商超门店,2026-05-11,enterprise_ref_184656,合成运营主体_184656,store_ref_624828,J市,J市嘉木商超门店,,job_ref_043543,0,1,1,否,0,0,0,0
商超,3,2,J市嘉木商超门店,2026-05-11,enterprise_ref_184656,合成运营主体_184656,store_ref_624828,J市,J市嘉木商超门店,,job_ref_391389,1,1,1,否,0,0,0,0
商超,3,2,J市嘉木商超门店,2026-05-11,enterprise_ref_184656,合成运营主体_184656,store_ref_624828,J市,J市嘉木商超门店,,job_ref_860072,0,1,1,否,0,0,0,0
商超,3,2,J市嘉木商超门店,2026-05-11,enterprise_ref_184656,合成运营主体_184656,store_ref_624828,J市,J市嘉木商超门店,,job_ref_391389,1,1,1,否,0,0,0,0
商超,3,2,J市嘉木商超门店,2026-05-11,enterprise_ref_184656,合成运营主体_184656,store_ref_624828,J市,J市嘉木商超门店,,job_ref_227104,1,1,1,否,0,0,0,0
商超,3,2,J市嘉木商超门店,2026-05-11,enterprise_ref_184656,合成运营主体_184656,store_ref_624828,J市,J市嘉木商超门店,,job_ref_043543,1,1,1,否,0,0,0,0
商超,3,2,J市嘉木商超门店,2026-05-11,enterprise_ref_184656,合成运营主体_184656,store_ref_624828,J市,J市嘉木商超门店,,job_ref_227104,1,1,1,否,0,0,0,0
商超,3,2,J市嘉木商超门店,2026-05-11,enterprise_ref_184656,合成运营主体_184656,store_ref_624828,J市,J市嘉木商超门店,,job_ref_517563,0,1,1,否,0,0,0,0
商超,3,2,J市嘉木商超门店,2026-05-11,enterprise_ref_184656,合成运营主体_184656,store_ref_624828,J市,J市嘉木商超门店,,job_ref_278560,2,2,2,否,0,0,0,0
商超,3,2,J市嘉木商超门店,2026-05-11,enterprise_ref_184656,合成运营主体_184656,store_ref_624828,J市,J市嘉木商超门店,,job_ref_399817,1,1,1,否,0,0,0,0
商超,3,2,J市嘉木商超门店,2026-05-11,enterprise_ref_184656,合成运营主体_184656,store_ref_624828,J市,J市嘉木商超门店,,job_ref_043543,1,1,1,否,0,0,0,0
商超,3,2,J市嘉木商超门店,2026-05-12,enterprise_ref_184656,合成运营主体_184656,store_ref_624828,J市,J市嘉木商超门店,,job_ref_860072,1,1,1,否,0,0,0,0
商超,3,2,J市嘉木商超门店,2026-05-12,enterprise_ref_184656,合成运营主体_184656,store_ref_624828,J市,J市嘉木商超门店,,job_ref_391389,1,1,1,否,0,0,0,0
商超,3,2,J市嘉木商超门店,2026-05-12,enterprise_ref_184656,合成运营主体_184656,store_ref_624828,J市,J市嘉木商超门店,,job_ref_517563,1,1,1,否,0,0,0,0
商超,3,2,J市嘉木商超门店,2026-05-12,enterprise_ref_184656,合成运营主体_184656,store_ref_624828,J市,J市嘉木商超门店,,job_ref_860072,1,1,1,否,0,0,0,0
商超,3,2,J市嘉木商超门店,2026-05-12,enterprise_ref_184656,合成运营主体_184656,store_ref_624828,J市,J市嘉木商超门店,,job_ref_860072,1,1,1,否,0,0,0,0
商超,3,2,J市嘉木商超门店,2026-05-12,enterprise_ref_184656,合成运营主体_184656,store_ref_624828,J市,J市嘉木商超门店,,job_ref_399817,1,1,1,否,0,0,0,0
商超,3,2,J市嘉木商超门店,2026-05-12,enterprise_ref_184656,合成运营主体_184656,store_ref_624828,J市,J市嘉木商超门店,,job_ref_517563,1,1,1,否,0,0,0,0
商超,3,2,J市嘉木商超门店,2026-05-12,enterprise_ref_184656,合成运营主体_184656,store_ref_624828,J市,J市嘉木商超门店,,job_ref_625337,4,4,4,否,0,0,0,0
商超,3,2,J市嘉木商超门店,2026-05-12,enterprise_ref_184656,合成运营主体_184656,store_ref_624828,J市,J市嘉木商超门店,,job_ref_043543,1,1,1,否,0,0,0,0
商超,3,2,J市嘉木商超门店,2026-05-12,enterprise_ref_184656,合成运营主体_184656,store_ref_624828,J市,J市嘉木商超门店,,job_ref_399817,1,1,1,否,0,0,0,0
商超,3,2,J市嘉木商超门店,2026-05-12,enterprise_ref_184656,合成运营主体_184656,store_ref_624828,J市,J市嘉木商超门店,,job_ref_391389,1,1,1,否,0,0,0,0
商超,3,2,J市嘉木商超门店,2026-05-12,enterprise_ref_184656,合成运营主体_184656,store_ref_624828,J市,J市嘉木商超门店,,job_ref_625337,1,1,1,否,0,0,0,0
商超,3,2,J市嘉木商超门店,2026-05-12,enterprise_ref_184656,合成运营主体_184656,store_ref_624828,J市,J市嘉木商超门店,,job_ref_227104,1,1,1,否,0,0,0,0
商超,3,2,J市嘉木商超门店,2026-05-12,enterprise_ref_184656,合成运营主体_184656,store_ref_624828,J市,J市嘉木商超门店,,job_ref_860072,1,1,1,否,0,0,0,0
商超,3,2,J市嘉木商超门店,2026-05-12,enterprise_ref_184656,合成运营主体_184656,store_ref_624828,J市,J市嘉木商超门店,,job_ref_278560,2,2,2,否,0,0,0,0
商超,3,2,J市嘉木商超门店,2026-05-12,enterprise_ref_184656,合成运营主体_184656,store_ref_624828,J市,J市嘉木商超门店,,job_ref_227104,1,1,1,否,0,0,0,0
商超,3,2,J市嘉木商超门店,2026-05-12,enterprise_ref_184656,合成运营主体_184656,store_ref_624828,J市,J市嘉木商超门店,,job_ref_820894,1,1,1,否,0,0,0,0
商超,3,2,J市嘉木商超门店,2026-05-12,enterprise_ref_184656,合成运营主体_184656,store_ref_624828,J市,J市嘉木商超门店,,job_ref_517563,1,1,1,否,0,0,0,0
商超,3,2,J市嘉木商超门店,2026-05-12,enterprise_ref_184656,合成运营主体_184656,store_ref_624828,J市,J市嘉木商超门店,,job_ref_363393,1,1,1,否,0,0,0,0
商超,3,2,J市嘉木商超门店,2026-05-12,enterprise_ref_184656,合成运营主体_184656,store_ref_624828,J市,J市嘉木商超门店,,job_ref_860072,1,1,1,否,0,0,0,0
商超,3,2,J市嘉木商超门店,2026-05-12,enterprise_ref_184656,合成运营主体_184656,store_ref_624828,J市,J市嘉木商超门店,,job_ref_778489,1,1,1,否,0,0,0,0
商超,3,2,J市嘉木商超门店,2026-05-12,enterprise_ref_184656,合成运营主体_184656,store_ref_624828,J市,J市嘉木商超门店,,job_ref_625337,1,1,1,否,0,0,0,0
商超,3,2,J市嘉木商超门店,2026-05-12,enterprise_ref_184656,合成运营主体_184656,store_ref_624828,J市,J市嘉木商超门店,,job_ref_860072,1,1,1,否,0,0,0,0
商超,3,2,J市嘉木商超门店,2026-05-12,enterprise_ref_184656,合成运营主体_184656,store_ref_624828,J市,J市嘉木商超门店,,job_ref_278560,1,1,1,否,0,0,0,0
商超,3,2,J市嘉木商超门店,2026-05-12,enterprise_ref_184656,合成运营主体_184656,store_ref_624828,J市,J市嘉木商超门店,,job_ref_043543,1,1,1,否,0,0,0,0
商超,3,2,J市嘉木商超门店,2026-05-12,enterprise_ref_184656,合成运营主体_184656,store_ref_624828,J市,J市嘉木商超门店,,job_ref_517563,0,1,1,否,0,0,0,0
商超,3,2,J市嘉木商超门店,2026-05-12,enterprise_ref_184656,合成运营主体_184656,store_ref_624828,J市,J市嘉木商超门店,,job_ref_391389,1,1,1,否,0,0,0,0
商超,3,2,J市嘉木商超门店,2026-05-12,enterprise_ref_184656,合成运营主体_184656,store_ref_624828,J市,J市嘉木商超门店,,job_ref_517563,0,1,1,否,0,0,0,0
商超,3,2,J市嘉木商超门店,2026-05-12,enterprise_ref_184656,合成运营主体_184656,store_ref_624828,J市,J市嘉木商超门店,,job_ref_495695,1,1,1,否,0,0,0,0
商超,3,2,J市嘉木商超门店,2026-05-12,enterprise_ref_184656,合成运营主体_184656,store_ref_624828,J市,J市嘉木商超门店,,job_ref_391389,1,1,1,否,0,0,0,0
商超,3,2,J市嘉木商超门店,2026-05-12,enterprise_ref_184656,合成运营主体_184656,store_ref_624828,J市,J市嘉木商超门店,,job_ref_517563,1,1,1,否,0,0,0,0
商超,3,2,J市嘉木商超门店,2026-05-12,enterprise_ref_184656,合成运营主体_184656,store_ref_624828,J市,J市嘉木商超门店,,job_ref_860072,1,1,1,否,0,0,0,0
商超,3,2,J市嘉木商超门店,2026-05-12,enterprise_ref_184656,合成运营主体_184656,store_ref_624828,J市,J市嘉木商超门店,,job_ref_860072,1,1,1,否,0,0,0,0
商超,3,2,J市嘉木商超门店,2026-05-12,enterprise_ref_184656,合成运营主体_184656,store_ref_624828,J市,J市嘉木商超门店,,job_ref_625337,1,1,1,否,0,0,0,0
商超,3,2,J市嘉木商超门店,2026-05-12,enterprise_ref_184656,合成运营主体_184656,store_ref_624828,J市,J市嘉木商超门店,,job_ref_043543,0,1,1,否,0,0,0,0
商超,3,2,J市嘉木商超门店,2026-05-12,enterprise_ref_184656,合成运营主体_184656,store_ref_624828,J市,J市嘉木商超门店,,job_ref_860072,1,1,1,否,0,0,0,0
商超,3,2,J市嘉木商超门店,2026-05-12,enterprise_ref_184656,合成运营主体_184656,store_ref_624828,J市,J市嘉木商超门店,,job_ref_391389,1,1,1,否,0,0,0,0
商超,3,2,J市嘉木商超门店,2026-05-12,enterprise_ref_184656,合成运营主体_184656,store_ref_624828,J市,J市嘉木商超门店,,job_ref_227104,1,1,1,否,0,0,0,0
商超,3,2,J市嘉木商超门店,2026-05-12,enterprise_ref_184656,合成运营主体_184656,store_ref_624828,J市,J市嘉木商超门店,,job_ref_043543,1,1,1,否,0,0,0,0
商超,3,2,J市嘉木商超门店,2026-05-12,enterprise_ref_184656,合成运营主体_184656,store_ref_624828,J市,J市嘉木商超门店,,job_ref_399817,1,1,1,否,0,0,0,0
商超,3,2,J市嘉木商超门店,2026-05-12,enterprise_ref_184656,合成运营主体_184656,store_ref_624828,J市,J市嘉木商超门店,,job_ref_391389,1,1,1,否,0,0,0,0
商超,3,2,J市嘉木商超门店,2026-05-12,enterprise_ref_184656,合成运营主体_184656,store_ref_624828,J市,J市嘉木商超门店,,job_ref_399817,1,1,1,否,0,0,0,0
商超,3,2,J市嘉木商超门店,2026-05-12,enterprise_ref_184656,合成运营主体_184656,store_ref_624828,J市,J市嘉木商超门店,,job_ref_270146,1,1,1,否,0,0,0,0
商超,3,2,J市嘉木商超门店,2026-05-12,enterprise_ref_184656,合成运营主体_184656,store_ref_624828,J市,J市嘉木商超门店,,job_ref_709051,1,1,1,否,0,0,0,0
商超,3,2,J市嘉木商超门店,2026-05-12,enterprise_ref_184656,合成运营主体_184656,store_ref_624828,J市,J市嘉木商超门店,,job_ref_227104,1,1,1,否,0,0,0,0
商超,3,2,J市嘉木商超门店,2026-05-12,enterprise_ref_184656,合成运营主体_184656,store_ref_624828,J市,J市嘉木商超门店,,job_ref_278560,2,2,2,否,0,0,0,0
商超,3,2,J市嘉木商超门店,2026-05-12,enterprise_ref_184656,合成运营主体_184656,store_ref_624828,J市,J市嘉木商超门店,,job_ref_517563,1,1,1,否,0,0,0,0
商超,3,2,J市嘉木商超门店,2026-05-12,enterprise_ref_184656,合成运营主体_184656,store_ref_624828,J市,J市嘉木商超门店,,job_ref_227104,1,1,1,否,0,0,0,0
商超,3,2,J市嘉木商超门店,2026-05-12,enterprise_ref_184656,合成运营主体_184656,store_ref_624828,J市,J市嘉木商超门店,,job_ref_495695,1,1,1,否,0,0,0,0
商超,3,2,J市嘉木商超门店,2026-05-12,enterprise_ref_184656,合成运营主体_184656,store_ref_624828,J市,J市嘉木商超门店,,job_ref_079263,1,1,1,否,0,0,0,0
商超,3,2,J市嘉木商超门店,2026-05-12,enterprise_ref_184656,合成运营主体_184656,store_ref_624828,J市,J市嘉木商超门店,,job_ref_379949,1,1,1,否,0,0,0,0
商超,3,2,J市嘉木商超门店,2026-05-13,enterprise_ref_184656,合成运营主体_184656,store_ref_624828,J市,J市嘉木商超门店,,job_ref_391389,0,1,1,否,0,0,0,0
商超,3,2,J市嘉木商超门店,2026-05-13,enterprise_ref_184656,合成运营主体_184656,store_ref_624828,J市,J市嘉木商超门店,,job_ref_043543,1,1,1,否,0,0,0,0
商超,3,2,J市嘉木商超门店,2026-05-13,enterprise_ref_184656,合成运营主体_184656,store_ref_624828,J市,J市嘉木商超门店,,job_ref_227104,1,1,1,否,0,0,0,0
商超,3,2,J市嘉木商超门店,2026-05-13,enterprise_ref_184656,合成运营主体_184656,store_ref_624828,J市,J市嘉木商超门店,,job_ref_227104,1,1,1,否,0,0,0,0
商超,3,2,J市嘉木商超门店,2026-05-13,enterprise_ref_184656,合成运营主体_184656,store_ref_624828,J市,J市嘉木商超门店,,job_ref_517563,1,1,1,否,0,0,0,0
商超,3,2,J市嘉木商超门店,2026-05-13,enterprise_ref_184656,合成运营主体_184656,store_ref_624828,J市,J市嘉木商超门店,,job_ref_278560,3,3,3,否,0,0,0,0
商超,3,2,J市嘉木商超门店,2026-05-13,enterprise_ref_184656,合成运营主体_184656,store_ref_624828,J市,J市嘉木商超门店,,job_ref_860072,1,1,1,否,0,0,0,0
商超,3,2,J市嘉木商超门店,2026-05-13,enterprise_ref_184656,合成运营主体_184656,store_ref_624828,J市,J市嘉木商超门店,,job_ref_278560,1,1,1,否,0,0,0,0
商超,3,2,J市嘉木商超门店,2026-05-13,enterprise_ref_184656,合成运营主体_184656,store_ref_624828,J市,J市嘉木商超门店,,job_ref_379949,1,1,1,否,0,0,0,0
商超,3,2,J市嘉木商超门店,2026-05-13,enterprise_ref_184656,合成运营主体_184656,store_ref_624828,J市,J市嘉木商超门店,,job_ref_513885,1,1,1,否,0,0,0,0
商超,3,2,J市嘉木商超门店,2026-05-13,enterprise_ref_184656,合成运营主体_184656,store_ref_624828,J市,J市嘉木商超门店,,job_ref_860072,1,1,1,否,0,0,0,0
商超,3,2,J市嘉木商超门店,2026-05-13,enterprise_ref_184656,合成运营主体_184656,store_ref_624828,J市,J市嘉木商超门店,,job_ref_227104,1,1,1,否,0,0,0,0
商超,3,2,J市嘉木商超门店,2026-05-13,enterprise_ref_184656,合成运营主体_184656,store_ref_624828,J市,J市嘉木商超门店,,job_ref_399817,1,1,1,否,0,0,0,0
商超,3,2,J市嘉木商超门店,2026-05-13,enterprise_ref_184656,合成运营主体_184656,store_ref_624828,J市,J市嘉木商超门店,,job_ref_278560,1,1,1,否,0,0,0,0
商超,3,2,J市嘉木商超门店,2026-05-13,enterprise_ref_184656,合成运营主体_184656,store_ref_624828,J市,J市嘉木商超门店,,job_ref_495695,1,1,1,否,0,0,0,0
商超,3,2,J市嘉木商超门店,2026-05-13,enterprise_ref_184656,合成运营主体_184656,store_ref_624828,J市,J市嘉木商超门店,,job_ref_399817,0,1,1,否,0,0,0,0
商超,3,2,J市嘉木商超门店,2026-05-13,enterprise_ref_184656,合成运营主体_184656,store_ref_624828,J市,J市嘉木商超门店,,job_ref_399817,1,1,1,否,0,0,0,0
商超,3,2,J市嘉木商超门店,2026-05-13,enterprise_ref_184656,合成运营主体_184656,store_ref_624828,J市,J市嘉木商超门店,,job_ref_043543,0,1,1,否,0,0,0,0
商超,3,2,J市嘉木商超门店,2026-05-13,enterprise_ref_184656,合成运营主体_184656,store_ref_624828,J市,J市嘉木商超门店,,job_ref_495695,1,1,1,否,0,0,0,0
商超,3,2,J市嘉木商超门店,2026-05-13,enterprise_ref_184656,合成运营主体_184656,store_ref_624828,J市,J市嘉木商超门店,,job_ref_391389,1,1,1,否,0,0,0,0
商超,3,2,J市嘉木商超门店,2026-05-13,enterprise_ref_184656,合成运营主体_184656,store_ref_624828,J市,J市嘉木商超门店,,job_ref_391389,1,1,1,否,0,0,0,0
商超,3,2,J市嘉木商超门店,2026-05-13,enterprise_ref_184656,合成运营主体_184656,store_ref_624828,J市,J市嘉木商超门店,,job_ref_391389,1,1,1,否,0,0,0,0
商超,3,2,J市嘉木商超门店,2026-05-13,enterprise_ref_184656,合成运营主体_184656,store_ref_624828,J市,J市嘉木商超门店,,job_ref_860072,1,1,1,否,0,0,0,0
商超,3,2,J市嘉木商超门店,2026-05-13,enterprise_ref_184656,合成运营主体_184656,store_ref_624828,J市,J市嘉木商超门店,,job_ref_860072,1,1,1,否,0,0,0,0
商超,3,2,J市嘉木商超门店,2026-05-13,enterprise_ref_184656,合成运营主体_184656,store_ref_624828,J市,J市嘉木商超门店,,job_ref_820894,1,1,1,否,0,0,0,0
商超,3,2,J市嘉木商超门店,2026-05-13,enterprise_ref_184656,合成运营主体_184656,store_ref_624828,J市,J市嘉木商超门店,,job_ref_860072,1,1,1,否,0,0,0,0
商超,3,2,J市嘉木商超门店,2026-05-13,enterprise_ref_184656,合成运营主体_184656,store_ref_624828,J市,J市嘉木商超门店,,job_ref_379949,1,1,1,否,0,0,0,0
商超,3,2,J市嘉木商超门店,2026-05-13,enterprise_ref_184656,合成运营主体_184656,store_ref_624828,J市,J市嘉木商超门店,,job_ref_227104,1,1,1,否,0,0,0,0
商超,3,2,J市嘉木商超门店,2026-05-13,enterprise_ref_184656,合成运营主体_184656,store_ref_624828,J市,J市嘉木商超门店,,job_ref_860072,1,1,1,否,0,0,0,0
商超,3,2,J市嘉木商超门店,2026-05-13,enterprise_ref_184656,合成运营主体_184656,store_ref_624828,J市,J市嘉木商超门店,,job_ref_625337,1,1,1,否,0,0,0,0
商超,3,2,J市嘉木商超门店,2026-05-13,enterprise_ref_184656,合成运营主体_184656,store_ref_624828,J市,J市嘉木商超门店,,job_ref_625337,4,4,4,否,0,0,0,0
商超,3,2,J市嘉木商超门店,2026-05-13,enterprise_ref_184656,合成运营主体_184656,store_ref_624828,J市,J市嘉木商超门店,,job_ref_778489,1,1,1,否,0,0,0,0
商超,3,2,J市嘉木商超门店,2026-05-13,enterprise_ref_184656,合成运营主体_184656,store_ref_624828,J市,J市嘉木商超门店,,job_ref_399817,1,1,1,否,0,0,0,0
商超,3,2,J市嘉木商超门店,2026-05-13,enterprise_ref_184656,合成运营主体_184656,store_ref_624828,J市,J市嘉木商超门店,,job_ref_391389,1,1,1,否,0,0,0,0
商超,3,2,J市嘉木商超门店,2026-05-13,enterprise_ref_184656,合成运营主体_184656,store_ref_624828,J市,J市嘉木商超门店,,job_ref_517563,1,1,1,否,0,0,0,0
商超,3,2,J市嘉木商超门店,2026-05-13,enterprise_ref_184656,合成运营主体_184656,store_ref_624828,J市,J市嘉木商超门店,,job_ref_363393,1,1,1,否,0,0,0,0
商超,3,2,J市嘉木商超门店,2026-05-13,enterprise_ref_184656,合成运营主体_184656,store_ref_624828,J市,J市嘉木商超门店,,job_ref_278560,0,1,1,否,0,0,0,0
商超,3,2,J市嘉木商超门店,2026-05-13,enterprise_ref_184656,合成运营主体_184656,store_ref_624828,J市,J市嘉木商超门店,,job_ref_391389,1,1,1,否,0,0,0,0
商超,3,2,J市嘉木商超门店,2026-05-13,enterprise_ref_184656,合成运营主体_184656,store_ref_624828,J市,J市嘉木商超门店,,job_ref_391389,1,1,1,否,0,0,0,0
商超,3,2,J市嘉木商超门店,2026-05-13,enterprise_ref_184656,合成运营主体_184656,store_ref_624828,J市,J市嘉木商超门店,,job_ref_391389,1,1,1,否,0,0,0,0
商超,3,2,J市嘉木商超门店,2026-05-13,enterprise_ref_184656,合成运营主体_184656,store_ref_624828,J市,J市嘉木商超门店,,job_ref_391389,1,1,1,否,0,0,0,0
商超,3,2,J市嘉木商超门店,2026-05-13,enterprise_ref_184656,合成运营主体_184656,store_ref_624828,J市,J市嘉木商超门店,,job_ref_399817,1,1,1,否,0,0,0,0
商超,3,2,J市嘉木商超门店,2026-05-13,enterprise_ref_184656,合成运营主体_184656,store_ref_624828,J市,J市嘉木商超门店,,job_ref_778489,0,1,1,否,0,0,0,0
商超,3,2,J市嘉木商超门店,2026-05-13,enterprise_ref_184656,合成运营主体_184656,store_ref_624828,J市,J市嘉木商超门店,,job_ref_625337,1,1,1,否,0,0,0,0
商超,3,2,J市嘉木商超门店,2026-05-13,enterprise_ref_184656,合成运营主体_184656,store_ref_624828,J市,J市嘉木商超门店,,job_ref_517563,1,1,1,否,0,0,0,0
商超,3,2,J市嘉木商超门店,2026-05-13,enterprise_ref_184656,合成运营主体_184656,store_ref_624828,J市,J市嘉木商超门店,,job_ref_860072,1,1,1,否,0,0,0,0
商超,3,2,J市嘉木商超门店,2026-05-13,enterprise_ref_184656,合成运营主体_184656,store_ref_624828,J市,J市嘉木商超门店,,job_ref_860072,1,1,1,否,0,0,0,0
商超,3,2,J市嘉木商超门店,2026-05-13,enterprise_ref_184656,合成运营主体_184656,store_ref_624828,J市,J市嘉木商超门店,,job_ref_043543,1,1,1,否,0,0,0,0
商超,3,2,J市嘉木商超门店,2026-05-13,enterprise_ref_184656,合成运营主体_184656,store_ref_624828,J市,J市嘉木商超门店,,job_ref_043543,1,1,1,否,0,0,0,0
商超,3,2,J市嘉木商超门店,2026-05-13,enterprise_ref_184656,合成运营主体_184656,store_ref_624828,J市,J市嘉木商超门店,,job_ref_043543,1,1,1,否,0,0,0,0
商超,3,2,J市嘉木商超门店,2026-05-13,enterprise_ref_184656,合成运营主体_184656,store_ref_624828,J市,J市嘉木商超门店,,job_ref_227104,1,1,1,否,0,0,0,0
商超,3,2,J市嘉木商超门店,2026-05-13,enterprise_ref_184656,合成运营主体_184656,store_ref_624828,J市,J市嘉木商超门店,,job_ref_709051,1,1,1,否,0,0,0,0
商超,3,2,J市嘉木商超门店,2026-05-13,enterprise_ref_184656,合成运营主体_184656,store_ref_624828,J市,J市嘉木商超门店,,job_ref_860072,1,1,1,否,0,0,0,0
商超,3,2,J市嘉木商超门店,2026-05-13,enterprise_ref_184656,合成运营主体_184656,store_ref_624828,J市,J市嘉木商超门店,,job_ref_517563,0,1,1,否,0,0,0,0
商超,3,2,J市嘉木商超门店,2026-05-14,enterprise_ref_184656,合成运营主体_184656,store_ref_624828,J市,J市嘉木商超门店,,job_ref_860072,1,1,1,否,0,0,0,0
商超,3,2,J市嘉木商超门店,2026-05-14,enterprise_ref_184656,合成运营主体_184656,store_ref_624828,J市,J市嘉木商超门店,,job_ref_043543,1,1,1,否,0,0,0,0
商超,3,2,J市嘉木商超门店,2026-05-14,enterprise_ref_184656,合成运营主体_184656,store_ref_624828,J市,J市嘉木商超门店,,job_ref_079263,1,1,1,否,0,0,0,0
商超,3,2,J市嘉木商超门店,2026-05-14,enterprise_ref_184656,合成运营主体_184656,store_ref_624828,J市,J市嘉木商超门店,,job_ref_625337,1,1,1,否,0,0,0,0
商超,3,2,J市嘉木商超门店,2026-05-14,enterprise_ref_184656,合成运营主体_184656,store_ref_624828,J市,J市嘉木商超门店,,job_ref_517563,0,1,1,否,0,0,0,0
商超,3,2,J市嘉木商超门店,2026-05-14,enterprise_ref_184656,合成运营主体_184656,store_ref_624828,J市,J市嘉木商超门店,,job_ref_517563,1,1,1,否,0,0,0,0
商超,3,2,J市嘉木商超门店,2026-05-14,enterprise_ref_184656,合成运营主体_184656,store_ref_624828,J市,J市嘉木商超门店,,job_ref_391389,1,1,1,否,0,0,0,0
商超,3,2,J市嘉木商超门店,2026-05-14,enterprise_ref_184656,合成运营主体_184656,store_ref_624828,J市,J市嘉木商超门店,,job_ref_363393,1,1,1,否,0,0,0,0
商超,3,2,J市嘉木商超门店,2026-05-14,enterprise_ref_184656,合成运营主体_184656,store_ref_624828,J市,J市嘉木商超门店,,job_ref_270146,1,1,1,否,0,0,0,0
商超,3,2,J市嘉木商超门店,2026-05-14,enterprise_ref_184656,合成运营主体_184656,store_ref_624828,J市,J市嘉木商超门店,,job_ref_495695,1,1,1,否,0,0,0,0
商超,3,2,J市嘉木商超门店,2026-05-14,enterprise_ref_184656,合成运营主体_184656,store_ref_624828,J市,J市嘉木商超门店,,job_ref_517563,1,1,1,否,0,0,0,0
商超,3,2,J市嘉木商超门店,2026-05-14,enterprise_ref_184656,合成运营主体_184656,store_ref_624828,J市,J市嘉木商超门店,,job_ref_860072,1,1,1,否,0,0,0,0
商超,3,2,J市嘉木商超门店,2026-05-14,enterprise_ref_184656,合成运营主体_184656,store_ref_624828,J市,J市嘉木商超门店,,job_ref_860072,1,1,1,否,0,0,0,0
商超,3,2,J市嘉木商超门店,2026-05-14,enterprise_ref_184656,合成运营主体_184656,store_ref_624828,J市,J市嘉木商超门店,,job_ref_860072,1,1,1,否,0,0,0,0
商超,3,2,J市嘉木商超门店,2026-05-14,enterprise_ref_184656,合成运营主体_184656,store_ref_624828,J市,J市嘉木商超门店,,job_ref_860072,1,1,1,否,0,0,0,0
商超,3,2,J市嘉木商超门店,2026-05-14,enterprise_ref_184656,合成运营主体_184656,store_ref_624828,J市,J市嘉木商超门店,,job_ref_043543,0,1,1,否,0,0,0,0
商超,3,2,J市嘉木商超门店,2026-05-14,enterprise_ref_184656,合成运营主体_184656,store_ref_624828,J市,J市嘉木商超门店,,job_ref_513885,1,1,1,否,0,0,0,0
商超,3,2,J市嘉木商超门店,2026-05-14,enterprise_ref_184656,合成运营主体_184656,store_ref_624828,J市,J市嘉木商超门店,,job_ref_391389,1,1,1,否,0,0,0,0
商超,3,2,J市嘉木商超门店,2026-05-14,enterprise_ref_184656,合成运营主体_184656,store_ref_624828,J市,J市嘉木商超门店,,job_ref_391389,1,1,1,否,0,0,0,0
商超,3,2,J市嘉木商超门店,2026-05-14,enterprise_ref_184656,合成运营主体_184656,store_ref_624828,J市,J市嘉木商超门店,,job_ref_778489,1,1,1,否,0,0,0,0
商超,3,2,J市嘉木商超门店,2026-05-14,enterprise_ref_184656,合成运营主体_184656,store_ref_624828,J市,J市嘉木商超门店,,job_ref_391389,1,1,1,否,0,0,0,0
商超,3,2,J市嘉木商超门店,2026-05-14,enterprise_ref_184656,合成运营主体_184656,store_ref_624828,J市,J市嘉木商超门店,,job_ref_860072,1,1,1,否,0,0,0,0
商超,3,2,J市嘉木商超门店,2026-05-14,enterprise_ref_184656,合成运营主体_184656,store_ref_624828,J市,J市嘉木商超门店,,job_ref_379949,1,1,1,否,0,0,0,0
商超,3,2,J市嘉木商超门店,2026-05-14,enterprise_ref_184656,合成运营主体_184656,store_ref_624828,J市,J市嘉木商超门店,,job_ref_227104,1,1,1,否,0,0,0,0
商超,3,2,J市嘉木商超门店,2026-05-14,enterprise_ref_184656,合成运营主体_184656,store_ref_624828,J市,J市嘉木商超门店,,job_ref_391389,1,1,1,否,0,0,0,0
商超,3,2,J市嘉木商超门店,2026-05-14,enterprise_ref_184656,合成运营主体_184656,store_ref_624828,J市,J市嘉木商超门店,,job_ref_625337,1,1,1,否,0,0,0,0
商超,3,2,J市嘉木商超门店,2026-05-14,enterprise_ref_184656,合成运营主体_184656,store_ref_624828,J市,J市嘉木商超门店,,job_ref_860072,1,1,1,否,0,0,0,0
商超,3,2,J市嘉木商超门店,2026-05-14,enterprise_ref_184656,合成运营主体_184656,store_ref_624828,J市,J市嘉木商超门店,,job_ref_391389,1,1,1,否,0,0,0,0
商超,3,2,J市嘉木商超门店,2026-05-14,enterprise_ref_184656,合成运营主体_184656,store_ref_624828,J市,J市嘉木商超门店,,job_ref_860072,1,1,1,否,0,0,0,0
商超,3,2,J市嘉木商超门店,2026-05-14,enterprise_ref_184656,合成运营主体_184656,store_ref_624828,J市,J市嘉木商超门店,,job_ref_778489,1,1,1,否,0,0,0,0
商超,3,2,J市嘉木商超门店,2026-05-14,enterprise_ref_184656,合成运营主体_184656,store_ref_624828,J市,J市嘉木商超门店,,job_ref_399817,1,1,1,否,0,0,0,0
商超,3,2,J市嘉木商超门店,2026-05-14,enterprise_ref_184656,合成运营主体_184656,store_ref_624828,J市,J市嘉木商超门店,,job_ref_227104,1,1,1,否,0,0,0,0
商超,3,2,J市嘉木商超门店,2026-05-14,enterprise_ref_184656,合成运营主体_184656,store_ref_624828,J市,J市嘉木商超门店,,job_ref_399817,1,1,1,否,0,0,0,0
商超,3,2,J市嘉木商超门店,2026-05-14,enterprise_ref_184656,合成运营主体_184656,store_ref_624828,J市,J市嘉木商超门店,,job_ref_391389,1,1,1,否,0,0,0,0
商超,3,2,J市嘉木商超门店,2026-05-14,enterprise_ref_184656,合成运营主体_184656,store_ref_624828,J市,J市嘉木商超门店,,job_ref_227104,1,1,1,否,0,0,0,0
商超,3,2,J市嘉木商超门店,2026-05-14,enterprise_ref_184656,合成运营主体_184656,store_ref_624828,J市,J市嘉木商超门店,,job_ref_517563,1,1,1,否,0,0,0,0
商超,3,2,J市嘉木商超门店,2026-05-14,enterprise_ref_184656,合成运营主体_184656,store_ref_624828,J市,J市嘉木商超门店,,job_ref_391389,0,1,1,否,0,0,0,0
商超,3,2,J市嘉木商超门店,2026-05-14,enterprise_ref_184656,合成运营主体_184656,store_ref_624828,J市,J市嘉木商超门店,,job_ref_278560,1,1,1,否,0,0,0,0
商超,3,2,J市嘉木商超门店,2026-05-14,enterprise_ref_184656,合成运营主体_184656,store_ref_624828,J市,J市嘉木商超门店,,job_ref_860072,1,1,1,否,0,0,0,0
商超,3,2,J市嘉木商超门店,2026-05-14,enterprise_ref_184656,合成运营主体_184656,store_ref_624828,J市,J市嘉木商超门店,,job_ref_278560,1,1,1,否,0,0,0,0
商超,3,2,J市嘉木商超门店,2026-05-14,enterprise_ref_184656,合成运营主体_184656,store_ref_624828,J市,J市嘉木商超门店,,job_ref_043543,1,1,1,否,0,0,0,0
商超,3,2,J市嘉木商超门店,2026-05-14,enterprise_ref_184656,合成运营主体_184656,store_ref_624828,J市,J市嘉木商超门店,,job_ref_860072,1,1,1,否,0,0,0,0
商超,3,2,J市嘉木商超门店,2026-05-14,enterprise_ref_184656,合成运营主体_184656,store_ref_624828,J市,J市嘉木商超门店,,job_ref_625337,3,3,3,否,0,0,0,0
商超,3,2,J市嘉木商超门店,2026-05-14,enterprise_ref_184656,合成运营主体_184656,store_ref_624828,J市,J市嘉木商超门店,,job_ref_517563,1,1,1,否,0,0,0,0
商超,3,2,J市嘉木商超门店,2026-05-14,enterprise_ref_184656,合成运营主体_184656,store_ref_624828,J市,J市嘉木商超门店,,job_ref_278560,3,3,3,否,0,0,0,0
商超,3,2,J市嘉木商超门店,2026-05-14,enterprise_ref_184656,合成运营主体_184656,store_ref_624828,J市,J市嘉木商超门店,,job_ref_227104,1,1,1,否,0,0,0,0
商超,3,2,J市嘉木商超门店,2026-05-14,enterprise_ref_184656,合成运营主体_184656,store_ref_624828,J市,J市嘉木商超门店,,job_ref_860072,0,1,1,否,0,0,0,0
商超,3,2,J市嘉木商超门店,2026-05-15,enterprise_ref_184656,合成运营主体_184656,store_ref_624828,J市,J市嘉木商超门店,,job_ref_270146,1,1,1,否,0,0,0,0
商超,3,2,J市嘉木商超门店,2026-05-15,enterprise_ref_184656,合成运营主体_184656,store_ref_624828,J市,J市嘉木商超门店,,job_ref_860072,1,1,1,否,0,0,0,0
商超,3,2,J市嘉木商超门店,2026-05-15,enterprise_ref_184656,合成运营主体_184656,store_ref_624828,J市,J市嘉木商超门店,,job_ref_517563,0,1,1,否,0,0,0,0
商超,3,2,J市嘉木商超门店,2026-05-15,enterprise_ref_184656,合成运营主体_184656,store_ref_624828,J市,J市嘉木商超门店,,job_ref_278560,1,1,1,否,0,0,0,0
商超,3,2,J市嘉木商超门店,2026-05-15,enterprise_ref_184656,合成运营主体_184656,store_ref_624828,J市,J市嘉木商超门店,,job_ref_363393,1,1,1,否,0,0,0,0
商超,3,2,J市嘉木商超门店,2026-05-15,enterprise_ref_184656,合成运营主体_184656,store_ref_624828,J市,J市嘉木商超门店,,job_ref_860072,0,1,1,否,0,0,0,0
商超,3,2,J市嘉木商超门店,2026-05-15,enterprise_ref_184656,合成运营主体_184656,store_ref_624828,J市,J市嘉木商超门店,,job_ref_860072,1,1,1,否,0,0,0,0
商超,3,2,J市嘉木商超门店,2026-05-15,enterprise_ref_184656,合成运营主体_184656,store_ref_624828,J市,J市嘉木商超门店,,job_ref_043543,1,1,1,否,0,0,0,0
商超,3,2,J市嘉木商超门店,2026-05-15,enterprise_ref_184656,合成运营主体_184656,store_ref_624828,J市,J市嘉木商超门店,,job_ref_278560,1,1,1,否,0,0,0,0
商超,3,2,J市嘉木商超门店,2026-05-15,enterprise_ref_184656,合成运营主体_184656,store_ref_624828,J市,J市嘉木商超门店,,job_ref_860072,0,1,1,否,0,0,0,0
商超,3,2,J市嘉木商超门店,2026-05-15,enterprise_ref_184656,合成运营主体_184656,store_ref_624828,J市,J市嘉木商超门店,,job_ref_860072,1,1,1,否,0,0,0,0
商超,3,2,J市嘉木商超门店,2026-05-15,enterprise_ref_184656,合成运营主体_184656,store_ref_624828,J市,J市嘉木商超门店,,job_ref_517563,0,1,1,否,0,0,0,0
商超,3,2,J市嘉木商超门店,2026-05-15,enterprise_ref_184656,合成运营主体_184656,store_ref_624828,J市,J市嘉木商超门店,,job_ref_709051,1,1,1,否,0,0,0,0
商超,3,2,J市嘉木商超门店,2026-05-15,enterprise_ref_184656,合成运营主体_184656,store_ref_624828,J市,J市嘉木商超门店,,job_ref_043543,1,1,1,否,0,0,0,0
商超,3,2,J市嘉木商超门店,2026-05-15,enterprise_ref_184656,合成运营主体_184656,store_ref_624828,J市,J市嘉木商超门店,,job_ref_278560,1,1,1,否,0,0,0,0
商超,3,2,J市嘉木商超门店,2026-05-15,enterprise_ref_184656,合成运营主体_184656,store_ref_624828,J市,J市嘉木商超门店,,job_ref_227104,1,1,1,否,0,0,0,0
商超,3,2,J市嘉木商超门店,2026-05-15,enterprise_ref_184656,合成运营主体_184656,store_ref_624828,J市,J市嘉木商超门店,,job_ref_625337,1,1,1,否,0,0,0,0
商超,3,2,J市嘉木商超门店,2026-05-15,enterprise_ref_184656,合成运营主体_184656,store_ref_624828,J市,J市嘉木商超门店,,job_ref_860072,1,1,1,否,0,0,0,0
商超,3,2,J市嘉木商超门店,2026-05-15,enterprise_ref_184656,合成运营主体_184656,store_ref_624828,J市,J市嘉木商超门店,,job_ref_399817,1,1,1,否,0,0,0,0
商超,3,2,J市嘉木商超门店,2026-05-15,enterprise_ref_184656,合成运营主体_184656,store_ref_624828,J市,J市嘉木商超门店,,job_ref_278560,1,1,1,否,0,0,0,0
商超,3,2,J市嘉木商超门店,2026-05-15,enterprise_ref_184656,合成运营主体_184656,store_ref_624828,J市,J市嘉木商超门店,,job_ref_391389,0,1,1,否,0,0,0,0
商超,3,2,J市嘉木商超门店,2026-05-15,enterprise_ref_184656,合成运营主体_184656,store_ref_624828,J市,J市嘉木商超门店,,job_ref_379949,0,1,1,否,0,0,0,0
商超,3,2,J市嘉木商超门店,2026-05-15,enterprise_ref_184656,合成运营主体_184656,store_ref_624828,J市,J市嘉木商超门店,,job_ref_079263,1,1,1,否,0,0,0,0
商超,3,2,J市嘉木商超门店,2026-05-15,enterprise_ref_184656,合成运营主体_184656,store_ref_624828,J市,J市嘉木商超门店,,job_ref_391389,1,1,1,否,0,0,0,0
商超,3,2,J市嘉木商超门店,2026-05-15,enterprise_ref_184656,合成运营主体_184656,store_ref_624828,J市,J市嘉木商超门店,,job_ref_278560,2,3,3,否,0,0,0,0
商超,3,2,J市嘉木商超门店,2026-05-15,enterprise_ref_184656,合成运营主体_184656,store_ref_624828,J市,J市嘉木商超门店,,job_ref_860072,1,1,1,否,0,0,0,0
商超,3,2,J市嘉木商超门店,2026-05-15,enterprise_ref_184656,合成运营主体_184656,store_ref_624828,J市,J市嘉木商超门店,,job_ref_778489,1,1,1,否,0,0,0,0
商超,3,2,J市嘉木商超门店,2026-05-15,enterprise_ref_184656,合成运营主体_184656,store_ref_624828,J市,J市嘉木商超门店,,job_ref_517563,1,1,1,否,0,0,0,0
商超,3,2,J市嘉木商超门店,2026-05-15,enterprise_ref_184656,合成运营主体_184656,store_ref_624828,J市,J市嘉木商超门店,,job_ref_625337,1,1,1,否,0,0,0,0
商超,3,2,J市嘉木商超门店,2026-05-15,enterprise_ref_184656,合成运营主体_184656,store_ref_624828,J市,J市嘉木商超门店,,job_ref_513885,1,1,1,否,0,0,0,0
商超,3,2,J市嘉木商超门店,2026-05-15,enterprise_ref_184656,合成运营主体_184656,store_ref_624828,J市,J市嘉木商超门店,,job_ref_043543,1,1,1,否,0,0,0,0
商超,3,2,J市嘉木商超门店,2026-05-15,enterprise_ref_184656,合成运营主体_184656,store_ref_624828,J市,J市嘉木商超门店,,job_ref_391389,1,1,1,否,0,0,0,0
商超,3,2,J市嘉木商超门店,2026-05-15,enterprise_ref_184656,合成运营主体_184656,store_ref_624828,J市,J市嘉木商超门店,,job_ref_860072,1,1,1,否,0,0,0,0
商超,3,2,J市嘉木商超门店,2026-05-15,enterprise_ref_184656,合成运营主体_184656,store_ref_624828,J市,J市嘉木商超门店,,job_ref_625337,4,4,4,否,0,0,0,0
商超,3,2,J市嘉木商超门店,2026-05-15,enterprise_ref_184656,合成运营主体_184656,store_ref_624828,J市,J市嘉木商超门店,,job_ref_495695,1,1,1,否,0,0,0,0
商超,3,2,J市嘉木商超门店,2026-05-15,enterprise_ref_184656,合成运营主体_184656,store_ref_624828,J市,J市嘉木商超门店,,job_ref_860072,1,1,1,否,0,0,0,0
商超,3,2,J市嘉木商超门店,2026-05-15,enterprise_ref_184656,合成运营主体_184656,store_ref_624828,J市,J市嘉木商超门店,,job_ref_227104,1,1,1,否,0,0,0,0
商超,3,2,J市嘉木商超门店,2026-05-15,enterprise_ref_184656,合成运营主体_184656,store_ref_624828,J市,J市嘉木商超门店,,job_ref_399817,1,1,1,否,0,0,0,0
商超,3,2,J市嘉木商超门店,2026-05-15,enterprise_ref_184656,合成运营主体_184656,store_ref_624828,J市,J市嘉木商超门店,,job_ref_860072,1,1,1,否,0,0,0,0
商超,3,2,J市嘉木商超门店,2026-05-15,enterprise_ref_184656,合成运营主体_184656,store_ref_624828,J市,J市嘉木商超门店,,job_ref_391389,1,1,1,否,0,0,0,0
商超,3,2,J市嘉木商超门店,2026-05-15,enterprise_ref_184656,合成运营主体_184656,store_ref_624828,J市,J市嘉木商超门店,,job_ref_391389,1,1,1,否,0,0,0,0
商超,3,2,J市嘉木商超门店,2026-05-15,enterprise_ref_184656,合成运营主体_184656,store_ref_624828,J市,J市嘉木商超门店,,job_ref_391389,1,1,1,否,0,0,0,0
商超,3,2,J市嘉木商超门店,2026-05-15,enterprise_ref_184656,合成运营主体_184656,store_ref_624828,J市,J市嘉木商超门店,,job_ref_820894,1,1,1,否,0,0,0,0
商超,3,2,J市嘉木商超门店,2026-05-15,enterprise_ref_184656,合成运营主体_184656,store_ref_624828,J市,J市嘉木商超门店,,job_ref_860072,1,1,1,否,0,0,0,0
商超,3,2,J市嘉木商超门店,2026-05-15,enterprise_ref_184656,合成运营主体_184656,store_ref_624828,J市,J市嘉木商超门店,,job_ref_625337,1,1,1,否,0,0,0,0
商超,3,2,J市嘉木商超门店,2026-05-15,enterprise_ref_184656,合成运营主体_184656,store_ref_624828,J市,J市嘉木商超门店,,job_ref_399817,1,1,1,否,0,0,0,0
商超,3,2,J市嘉木商超门店,2026-05-15,enterprise_ref_184656,合成运营主体_184656,store_ref_624828,J市,J市嘉木商超门店,,job_ref_227104,1,1,1,否,0,0,0,0
商超,3,2,J市嘉木商超门店,2026-05-15,enterprise_ref_184656,合成运营主体_184656,store_ref_624828,J市,J市嘉木商超门店,,job_ref_517563,1,1,1,否,0,0,0,0
商超,3,2,J市嘉木商超门店,2026-05-15,enterprise_ref_184656,合成运营主体_184656,store_ref_624828,J市,J市嘉木商超门店,,job_ref_379949,1,1,1,否,0,0,0,0
商超,3,2,J市嘉木商超门店,2026-05-15,enterprise_ref_184656,合成运营主体_184656,store_ref_624828,J市,J市嘉木商超门店,,job_ref_043543,0,1,1,否,0,0,0,0
商超,3,2,J市嘉木商超门店,2026-05-15,enterprise_ref_184656,合成运营主体_184656,store_ref_624828,J市,J市嘉木商超门店,,job_ref_227104,1,1,1,否,0,0,0,0
商超,3,2,J市嘉木商超门店,2026-05-15,enterprise_ref_184656,合成运营主体_184656,store_ref_624828,J市,J市嘉木商超门店,,job_ref_227104,1,1,1,否,0,0,0,0
商超,3,2,J市嘉木商超门店,2026-05-15,enterprise_ref_184656,合成运营主体_184656,store_ref_624828,J市,J市嘉木商超门店,,job_ref_391389,1,1,1,否,0,0,0,0
商超,3,2,J市嘉木商超门店,2026-05-16,enterprise_ref_184656,合成运营主体_184656,store_ref_624828,J市,J市嘉木商超门店,,job_ref_227104,1,1,1,否,0,0,0,0
商超,3,2,J市嘉木商超门店,2026-05-16,enterprise_ref_184656,合成运营主体_184656,store_ref_624828,J市,J市嘉木商超门店,,job_ref_379949,1,1,1,否,0,0,0,0
商超,3,2,J市嘉木商超门店,2026-05-16,enterprise_ref_184656,合成运营主体_184656,store_ref_624828,J市,J市嘉木商超门店,,job_ref_517563,1,1,1,否,0,0,0,0
商超,3,2,J市嘉木商超门店,2026-05-16,enterprise_ref_184656,合成运营主体_184656,store_ref_624828,J市,J市嘉木商超门店,,job_ref_860072,1,1,1,否,0,0,0,0
商超,3,2,J市嘉木商超门店,2026-05-16,enterprise_ref_184656,合成运营主体_184656,store_ref_624828,J市,J市嘉木商超门店,,job_ref_391389,1,1,1,否,0,0,0,0
商超,3,2,J市嘉木商超门店,2026-05-16,enterprise_ref_184656,合成运营主体_184656,store_ref_624828,J市,J市嘉木商超门店,,job_ref_778489,1,1,1,否,0,0,0,0
商超,3,2,J市嘉木商超门店,2026-05-16,enterprise_ref_184656,合成运营主体_184656,store_ref_624828,J市,J市嘉木商超门店,,job_ref_709051,1,1,1,否,0,0,0,0
商超,3,2,J市嘉木商超门店,2026-05-16,enterprise_ref_184656,合成运营主体_184656,store_ref_624828,J市,J市嘉木商超门店,,job_ref_391389,1,1,1,否,0,0,0,0
商超,3,2,J市嘉木商超门店,2026-05-16,enterprise_ref_184656,合成运营主体_184656,store_ref_624828,J市,J市嘉木商超门店,,job_ref_278560,2,2,2,否,0,0,0,0
商超,3,2,J市嘉木商超门店,2026-05-16,enterprise_ref_184656,合成运营主体_184656,store_ref_624828,J市,J市嘉木商超门店,,job_ref_860072,1,1,1,否,0,0,0,0
商超,3,2,J市嘉木商超门店,2026-05-16,enterprise_ref_184656,合成运营主体_184656,store_ref_624828,J市,J市嘉木商超门店,,job_ref_495695,1,1,1,否,0,0,0,0
商超,3,2,J市嘉木商超门店,2026-05-16,enterprise_ref_184656,合成运营主体_184656,store_ref_624828,J市,J市嘉木商超门店,,job_ref_278560,1,1,1,否,0,0,0,0
商超,3,2,J市嘉木商超门店,2026-05-16,enterprise_ref_184656,合成运营主体_184656,store_ref_624828,J市,J市嘉木商超门店,,job_ref_517563,1,1,1,否,0,0,0,0
商超,3,2,J市嘉木商超门店,2026-05-16,enterprise_ref_184656,合成运营主体_184656,store_ref_624828,J市,J市嘉木商超门店,,job_ref_860072,0,1,1,否,0,0,0,0
商超,3,2,J市嘉木商超门店,2026-05-16,enterprise_ref_184656,合成运营主体_184656,store_ref_624828,J市,J市嘉木商超门店,,job_ref_391389,1,1,1,否,0,0,0,0
商超,3,2,J市嘉木商超门店,2026-05-16,enterprise_ref_184656,合成运营主体_184656,store_ref_624828,J市,J市嘉木商超门店,,job_ref_517563,1,1,1,否,0,0,0,0
商超,3,2,J市嘉木商超门店,2026-05-16,enterprise_ref_184656,合成运营主体_184656,store_ref_624828,J市,J市嘉木商超门店,,job_ref_043543,0,1,1,否,0,0,0,0
商超,3,2,J市嘉木商超门店,2026-05-16,enterprise_ref_184656,合成运营主体_184656,store_ref_624828,J市,J市嘉木商超门店,,job_ref_860072,1,1,1,否,0,0,0,0
商超,3,2,J市嘉木商超门店,2026-05-16,enterprise_ref_184656,合成运营主体_184656,store_ref_624828,J市,J市嘉木商超门店,,job_ref_391389,0,1,1,否,0,0,0,0
商超,3,2,J市嘉木商超门店,2026-05-16,enterprise_ref_184656,合成运营主体_184656,store_ref_624828,J市,J市嘉木商超门店,,job_ref_391389,1,1,1,否,0,0,0,0
商超,3,2,J市嘉木商超门店,2026-05-16,enterprise_ref_184656,合成运营主体_184656,store_ref_624828,J市,J市嘉木商超门店,,job_ref_391389,1,1,1,否,0,0,0,0
商超,3,2,J市嘉木商超门店,2026-05-16,enterprise_ref_184656,合成运营主体_184656,store_ref_624828,J市,J市嘉木商超门店,,job_ref_495695,1,1,1,否,0,0,0,0
商超,3,2,J市嘉木商超门店,2026-05-16,enterprise_ref_184656,合成运营主体_184656,store_ref_624828,J市,J市嘉木商超门店,,job_ref_860072,1,1,1,否,0,0,0,0
商超,3,2,J市嘉木商超门店,2026-05-16,enterprise_ref_184656,合成运营主体_184656,store_ref_624828,J市,J市嘉木商超门店,,job_ref_391389,1,1,1,否,0,0,0,0
商超,3,2,J市嘉木商超门店,2026-05-16,enterprise_ref_184656,合成运营主体_184656,store_ref_624828,J市,J市嘉木商超门店,,job_ref_227104,1,1,1,否,0,0,0,0
商超,3,2,J市嘉木商超门店,2026-05-16,enterprise_ref_184656,合成运营主体_184656,store_ref_624828,J市,J市嘉木商超门店,,job_ref_625337,4,4,4,否,0,0,0,0
商超,3,2,J市嘉木商超门店,2026-05-16,enterprise_ref_184656,合成运营主体_184656,store_ref_624828,J市,J市嘉木商超门店,,job_ref_278560,1,1,1,否,0,0,0,0
商超,3,2,J市嘉木商超门店,2026-05-16,enterprise_ref_184656,合成运营主体_184656,store_ref_624828,J市,J市嘉木商超门店,,job_ref_391389,1,1,1,否,0,0,0,0
商超,3,2,J市嘉木商超门店,2026-05-16,enterprise_ref_184656,合成运营主体_184656,store_ref_624828,J市,J市嘉木商超门店,,job_ref_860072,1,1,1,否,0,0,0,0
商超,3,2,J市嘉木商超门店,2026-05-16,enterprise_ref_184656,合成运营主体_184656,store_ref_624828,J市,J市嘉木商超门店,,job_ref_278560,2,2,2,否,0,0,0,0
商超,3,2,J市嘉木商超门店,2026-05-16,enterprise_ref_184656,合成运营主体_184656,store_ref_624828,J市,J市嘉木商超门店,,job_ref_043543,1,1,1,否,0,0,0,0
商超,3,2,J市嘉木商超门店,2026-05-16,enterprise_ref_184656,合成运营主体_184656,store_ref_624828,J市,J市嘉木商超门店,,job_ref_391389,1,1,1,否,0,0,0,0
商超,3,2,J市嘉木商超门店,2026-05-16,enterprise_ref_184656,合成运营主体_184656,store_ref_624828,J市,J市嘉木商超门店,,job_ref_391389,1,1,1,否,0,0,0,0
商超,3,2,J市嘉木商超门店,2026-05-16,enterprise_ref_184656,合成运营主体_184656,store_ref_624828,J市,J市嘉木商超门店,,job_ref_227104,1,1,1,否,0,0,0,0
商超,3,2,J市嘉木商超门店,2026-05-16,enterprise_ref_184656,合成运营主体_184656,store_ref_624828,J市,J市嘉木商超门店,,job_ref_399817,1,1,1,否,0,0,0,0
商超,3,2,J市嘉木商超门店,2026-05-16,enterprise_ref_184656,合成运营主体_184656,store_ref_624828,J市,J市嘉木商超门店,,job_ref_860072,1,1,1,否,0,0,0,0
商超,3,2,J市嘉木商超门店,2026-05-16,enterprise_ref_184656,合成运营主体_184656,store_ref_624828,J市,J市嘉木商超门店,,job_ref_625337,1,1,1,否,0,0,0,0
商超,3,2,J市嘉木商超门店,2026-05-16,enterprise_ref_184656,合成运营主体_184656,store_ref_624828,J市,J市嘉木商超门店,,job_ref_399817,1,1,1,否,0,0,0,0
商超,3,2,J市嘉木商超门店,2026-05-16,enterprise_ref_184656,合成运营主体_184656,store_ref_624828,J市,J市嘉木商超门店,,job_ref_517563,1,1,1,否,0,0,0,0
商超,3,2,J市嘉木商超门店,2026-05-16,enterprise_ref_184656,合成运营主体_184656,store_ref_624828,J市,J市嘉木商超门店,,job_ref_043543,1,1,1,否,0,0,0,0
商超,3,2,J市嘉木商超门店,2026-05-16,enterprise_ref_184656,合成运营主体_184656,store_ref_624828,J市,J市嘉木商超门店,,job_ref_079263,1,1,1,否,0,0,0,0
商超,3,2,J市嘉木商超门店,2026-05-16,enterprise_ref_184656,合成运营主体_184656,store_ref_624828,J市,J市嘉木商超门店,,job_ref_270146,1,1,1,否,0,0,0,0
商超,3,2,J市嘉木商超门店,2026-05-16,enterprise_ref_184656,合成运营主体_184656,store_ref_624828,J市,J市嘉木商超门店,,job_ref_227104,1,1,1,否,0,0,0,0
商超,3,2,J市嘉木商超门店,2026-05-16,enterprise_ref_184656,合成运营主体_184656,store_ref_624828,J市,J市嘉木商超门店,,job_ref_227104,1,1,1,否,0,0,0,0
商超,3,2,J市嘉木商超门店,2026-05-16,enterprise_ref_184656,合成运营主体_184656,store_ref_624828,J市,J市嘉木商超门店,,job_ref_517563,1,1,1,否,0,0,0,0
商超,3,2,J市嘉木商超门店,2026-05-16,enterprise_ref_184656,合成运营主体_184656,store_ref_624828,J市,J市嘉木商超门店,,job_ref_860072,1,1,1,否,0,0,0,0
商超,3,2,J市嘉木商超门店,2026-05-16,enterprise_ref_184656,合成运营主体_184656,store_ref_624828,J市,J市嘉木商超门店,,job_ref_043543,1,1,1,否,0,0,0,0
商超,3,2,J市嘉木商超门店,2026-05-16,enterprise_ref_184656,合成运营主体_184656,store_ref_624828,J市,J市嘉木商超门店,,job_ref_820894,1,1,1,否,0,0,0,0
商超,3,2,J市嘉木商超门店,2026-05-16,enterprise_ref_184656,合成运营主体_184656,store_ref_624828,J市,J市嘉木商超门店,,job_ref_399817,1,1,1,否,0,0,0,0
商超,3,2,J市嘉木商超门店,2026-05-16,enterprise_ref_184656,合成运营主体_184656,store_ref_624828,J市,J市嘉木商超门店,,job_ref_778489,1,1,1,否,0,0,0,0
商超,3,2,J市嘉木商超门店,2026-05-16,enterprise_ref_184656,合成运营主体_184656,store_ref_624828,J市,J市嘉木商超门店,,job_ref_860072,1,1,1,否,0,0,0,0
商超,3,2,J市嘉木商超门店,2026-05-16,enterprise_ref_184656,合成运营主体_184656,store_ref_624828,J市,J市嘉木商超门店,,job_ref_517563,0,1,1,否,0,0,0,0
商超,3,2,J市嘉木商超门店,2026-05-16,enterprise_ref_184656,合成运营主体_184656,store_ref_624828,J市,J市嘉木商超门店,,job_ref_379949,1,1,1,否,0,0,0,0
商超,3,2,J市嘉木商超门店,2026-05-17,enterprise_ref_184656,合成运营主体_184656,store_ref_624828,J市,J市嘉木商超门店,,job_ref_363393,1,1,1,否,0,0,0,0
商超,3,2,J市嘉木商超门店,2026-05-17,enterprise_ref_184656,合成运营主体_184656,store_ref_624828,J市,J市嘉木商超门店,,job_ref_517563,0,1,1,否,0,0,0,0
商超,3,2,J市嘉木商超门店,2026-05-17,enterprise_ref_184656,合成运营主体_184656,store_ref_624828,J市,J市嘉木商超门店,,job_ref_860072,1,1,1,否,0,0,0,0
商超,3,2,J市嘉木商超门店,2026-05-17,enterprise_ref_184656,合成运营主体_184656,store_ref_624828,J市,J市嘉木商超门店,,job_ref_625337,4,4,4,否,0,0,0,0
商超,3,2,J市嘉木商超门店,2026-05-17,enterprise_ref_184656,合成运营主体_184656,store_ref_624828,J市,J市嘉木商超门店,,job_ref_399817,1,1,1,否,0,0,0,0
商超,3,2,J市嘉木商超门店,2026-05-17,enterprise_ref_184656,合成运营主体_184656,store_ref_624828,J市,J市嘉木商超门店,,job_ref_709051,1,1,1,否,0,0,0,0
商超,3,2,J市嘉木商超门店,2026-05-17,enterprise_ref_184656,合成运营主体_184656,store_ref_624828,J市,J市嘉木商超门店,,job_ref_043543,1,1,1,否,0,0,0,0
商超,3,2,J市嘉木商超门店,2026-05-17,enterprise_ref_184656,合成运营主体_184656,store_ref_624828,J市,J市嘉木商超门店,,job_ref_860072,1,1,1,否,0,0,0,0
商超,3,2,J市嘉木商超门店,2026-05-17,enterprise_ref_184656,合成运营主体_184656,store_ref_624828,J市,J市嘉木商超门店,,job_ref_399817,1,1,1,否,0,0,0,0
商超,3,2,J市嘉木商超门店,2026-05-17,enterprise_ref_184656,合成运营主体_184656,store_ref_624828,J市,J市嘉木商超门店,,job_ref_778489,1,1,1,否,0,0,0,0
商超,3,2,J市嘉木商超门店,2026-05-17,enterprise_ref_184656,合成运营主体_184656,store_ref_624828,J市,J市嘉木商超门店,,job_ref_391389,1,1,1,否,0,0,0,0
商超,3,2,J市嘉木商超门店,2026-05-17,enterprise_ref_184656,合成运营主体_184656,store_ref_624828,J市,J市嘉木商超门店,,job_ref_278560,1,1,1,否,0,0,0,0
商超,3,2,J市嘉木商超门店,2026-05-17,enterprise_ref_184656,合成运营主体_184656,store_ref_624828,J市,J市嘉木商超门店,,job_ref_391389,1,1,1,否,0,0,0,0
商超,3,2,J市嘉木商超门店,2026-05-17,enterprise_ref_184656,合成运营主体_184656,store_ref_624828,J市,J市嘉木商超门店,,job_ref_043543,1,1,1,否,0,0,0,0
商超,3,2,J市嘉木商超门店,2026-05-17,enterprise_ref_184656,合成运营主体_184656,store_ref_624828,J市,J市嘉木商超门店,,job_ref_820894,1,1,1,否,0,0,0,0
商超,3,2,J市嘉木商超门店,2026-05-17,enterprise_ref_184656,合成运营主体_184656,store_ref_624828,J市,J市嘉木商超门店,,job_ref_625337,1,1,1,否,0,0,0,0
商超,3,2,J市嘉木商超门店,2026-05-17,enterprise_ref_184656,合成运营主体_184656,store_ref_624828,J市,J市嘉木商超门店,,job_ref_517563,1,1,1,否,0,0,0,0
商超,3,2,J市嘉木商超门店,2026-05-17,enterprise_ref_184656,合成运营主体_184656,store_ref_624828,J市,J市嘉木商超门店,,job_ref_860072,1,1,1,否,0,0,0,0
商超,3,2,J市嘉木商超门店,2026-05-17,enterprise_ref_184656,合成运营主体_184656,store_ref_624828,J市,J市嘉木商超门店,,job_ref_625337,1,1,1,否,0,0,0,0
商超,3,2,J市嘉木商超门店,2026-05-17,enterprise_ref_184656,合成运营主体_184656,store_ref_624828,J市,J市嘉木商超门店,,job_ref_391389,1,1,1,否,0,0,0,0
商超,3,2,J市嘉木商超门店,2026-05-17,enterprise_ref_184656,合成运营主体_184656,store_ref_624828,J市,J市嘉木商超门店,,job_ref_278560,1,1,1,否,0,0,0,0
商超,3,2,J市嘉木商超门店,2026-05-17,enterprise_ref_184656,合成运营主体_184656,store_ref_624828,J市,J市嘉木商超门店,,job_ref_391389,0,1,1,否,0,0,0,0
商超,3,2,J市嘉木商超门店,2026-05-17,enterprise_ref_184656,合成运营主体_184656,store_ref_624828,J市,J市嘉木商超门店,,job_ref_043543,1,1,1,否,0,0,0,0
商超,3,2,J市嘉木商超门店,2026-05-17,enterprise_ref_184656,合成运营主体_184656,store_ref_624828,J市,J市嘉木商超门店,,job_ref_860072,1,1,1,否,0,0,0,0
商超,3,2,J市嘉木商超门店,2026-05-17,enterprise_ref_184656,合成运营主体_184656,store_ref_624828,J市,J市嘉木商超门店,,job_ref_043543,0,1,1,否,0,0,0,0
商超,3,2,J市嘉木商超门店,2026-05-17,enterprise_ref_184656,合成运营主体_184656,store_ref_624828,J市,J市嘉木商超门店,,job_ref_860072,1,1,1,否,0,0,0,0
商超,3,2,J市嘉木商超门店,2026-05-17,enterprise_ref_184656,合成运营主体_184656,store_ref_624828,J市,J市嘉木商超门店,,job_ref_391389,0,1,1,否,0,0,0,0
商超,3,2,J市嘉木商超门店,2026-05-17,enterprise_ref_184656,合成运营主体_184656,store_ref_624828,J市,J市嘉木商超门店,,job_ref_227104,1,1,1,否,0,0,0,0
商超,3,2,J市嘉木商超门店,2026-05-17,enterprise_ref_184656,合成运营主体_184656,store_ref_624828,J市,J市嘉木商超门店,,job_ref_517563,0,1,1,否,0,0,0,0
商超,3,2,J市嘉木商超门店,2026-05-17,enterprise_ref_184656,合成运营主体_184656,store_ref_624828,J市,J市嘉木商超门店,,job_ref_227104,1,1,1,否,0,0,0,0
商超,3,2,J市嘉木商超门店,2026-05-17,enterprise_ref_184656,合成运营主体_184656,store_ref_624828,J市,J市嘉木商超门店,,job_ref_278560,3,3,3,否,0,0,0,0
商超,3,2,J市嘉木商超门店,2026-05-17,enterprise_ref_184656,合成运营主体_184656,store_ref_624828,J市,J市嘉木商超门店,,job_ref_860072,1,1,1,否,0,0,0,0
商超,3,2,J市嘉木商超门店,2026-05-17,enterprise_ref_184656,合成运营主体_184656,store_ref_624828,J市,J市嘉木商超门店,,job_ref_860072,1,1,1,否,0,0,0,0
商超,3,2,J市嘉木商超门店,2026-05-17,enterprise_ref_184656,合成运营主体_184656,store_ref_624828,J市,J市嘉木商超门店,,job_ref_391389,1,1,1,否,0,0,0,0
商超,3,2,J市嘉木商超门店,2026-05-17,enterprise_ref_184656,合成运营主体_184656,store_ref_624828,J市,J市嘉木商超门店,,job_ref_495695,1,1,1,否,0,0,0,0
商超,3,2,J市嘉木商超门店,2026-05-17,enterprise_ref_184656,合成运营主体_184656,store_ref_624828,J市,J市嘉木商超门店,,job_ref_860072,1,1,1,否,0,0,0,0
商超,3,2,J市嘉木商超门店,2026-05-17,enterprise_ref_184656,合成运营主体_184656,store_ref_624828,J市,J市嘉木商超门店,,job_ref_278560,1,1,1,否,0,0,0,0
商超,3,2,J市嘉木商超门店,2026-05-17,enterprise_ref_184656,合成运营主体_184656,store_ref_624828,J市,J市嘉木商超门店,,job_ref_860072,1,1,1,否,0,0,0,0
商超,3,2,J市嘉木商超门店,2026-05-17,enterprise_ref_184656,合成运营主体_184656,store_ref_624828,J市,J市嘉木商超门店,,job_ref_227104,1,1,1,否,0,0,0,0
商超,3,2,J市嘉木商超门店,2026-05-17,enterprise_ref_184656,合成运营主体_184656,store_ref_624828,J市,J市嘉木商超门店,,job_ref_517563,1,1,1,否,0,0,0,0
商超,3,2,J市嘉木商超门店,2026-05-17,enterprise_ref_184656,合成运营主体_184656,store_ref_624828,J市,J市嘉木商超门店,,job_ref_391389,1,1,1,否,0,0,0,0
商超,3,2,J市嘉木商超门店,2026-05-17,enterprise_ref_184656,合成运营主体_184656,store_ref_624828,J市,J市嘉木商超门店,,job_ref_379949,1,1,1,否,0,0,0,0
商超,3,2,J市嘉木商超门店,2026-05-17,enterprise_ref_184656,合成运营主体_184656,store_ref_624828,J市,J市嘉木商超门店,,job_ref_391389,1,1,1,否,0,0,0,0
商超,3,2,J市嘉木商超门店,2026-05-17,enterprise_ref_184656,合成运营主体_184656,store_ref_624828,J市,J市嘉木商超门店,,job_ref_495695,1,1,1,否,0,0,0,0
商超,3,2,J市嘉木商超门店,2026-05-17,enterprise_ref_184656,合成运营主体_184656,store_ref_624828,J市,J市嘉木商超门店,,job_ref_227104,1,1,1,否,0,0,0,0
商超,3,2,J市嘉木商超门店,2026-05-17,enterprise_ref_184656,合成运营主体_184656,store_ref_624828,J市,J市嘉木商超门店,,job_ref_517563,1,1,1,否,0,0,0,0
商超,3,2,J市嘉木商超门店,2026-05-17,enterprise_ref_184656,合成运营主体_184656,store_ref_624828,J市,J市嘉木商超门店,,job_ref_860072,1,1,1,否,0,0,0,0
商超,3,2,J市嘉木商超门店,2026-05-17,enterprise_ref_184656,合成运营主体_184656,store_ref_624828,J市,J市嘉木商超门店,,job_ref_270146,1,1,1,否,0,0,0,0
商超,3,2,J市嘉木商超门店,2026-05-17,enterprise_ref_184656,合成运营主体_184656,store_ref_624828,J市,J市嘉木商超门店,,job_ref_391389,1,1,1,否,0,0,0,0
商超,3,2,J市嘉木商超门店,2026-05-17,enterprise_ref_184656,合成运营主体_184656,store_ref_624828,J市,J市嘉木商超门店,,job_ref_513885,1,1,1,否,0,0,0,0
商超,3,2,J市嘉木商超门店,2026-05-17,enterprise_ref_184656,合成运营主体_184656,store_ref_624828,J市,J市嘉木商超门店,,job_ref_399817,1,1,1,否,0,0,0,0
商超,3,2,J市嘉木商超门店,2026-05-17,enterprise_ref_184656,合成运营主体_184656,store_ref_624828,J市,J市嘉木商超门店,,job_ref_399817,1,1,1,否,0,0,0,0
商超,3,2,J市嘉木商超门店,2026-05-17,enterprise_ref_184656,合成运营主体_184656,store_ref_624828,J市,J市嘉木商超门店,,job_ref_227104,1,1,1,否,0,0,0,0
商超,3,2,J市嘉木商超门店,2026-05-17,enterprise_ref_184656,合成运营主体_184656,store_ref_624828,J市,J市嘉木商超门店,,job_ref_043543,1,1,1,否,0,0,0,0
商超,3,2,J市嘉木商超门店,2026-05-18,enterprise_ref_184656,合成运营主体_184656,store_ref_624828,J市,J市嘉木商超门店,,job_ref_227104,1,1,1,否,0,0,0,0
商超,3,2,J市嘉木商超门店,2026-05-18,enterprise_ref_184656,合成运营主体_184656,store_ref_624828,J市,J市嘉木商超门店,,job_ref_860072,1,1,1,否,0,0,0,0
商超,3,2,J市嘉木商超门店,2026-05-18,enterprise_ref_184656,合成运营主体_184656,store_ref_624828,J市,J市嘉木商超门店,,job_ref_043543,1,1,1,否,0,0,0,0
商超,3,2,J市嘉木商超门店,2026-05-18,enterprise_ref_184656,合成运营主体_184656,store_ref_624828,J市,J市嘉木商超门店,,job_ref_391389,0,1,1,否,0,0,0,0
商超,3,2,J市嘉木商超门店,2026-05-18,enterprise_ref_184656,合成运营主体_184656,store_ref_624828,J市,J市嘉木商超门店,,job_ref_391389,1,1,1,否,0,0,0,0
商超,3,2,J市嘉木商超门店,2026-05-18,enterprise_ref_184656,合成运营主体_184656,store_ref_624828,J市,J市嘉木商超门店,,job_ref_278560,4,4,4,否,0,0,0,0
商超,3,2,J市嘉木商超门店,2026-05-18,enterprise_ref_184656,合成运营主体_184656,store_ref_624828,J市,J市嘉木商超门店,,job_ref_860072,1,1,1,否,0,0,0,0
商超,3,2,J市嘉木商超门店,2026-05-18,enterprise_ref_184656,合成运营主体_184656,store_ref_624828,J市,J市嘉木商超门店,,job_ref_227104,1,1,1,否,0,0,0,0
商超,3,2,J市嘉木商超门店,2026-05-18,enterprise_ref_184656,合成运营主体_184656,store_ref_624828,J市,J市嘉木商超门店,,job_ref_391389,1,1,1,否,0,0,0,0
商超,3,2,J市嘉木商超门店,2026-05-18,enterprise_ref_184656,合成运营主体_184656,store_ref_624828,J市,J市嘉木商超门店,,job_ref_227104,1,1,1,否,0,0,0,0
商超,3,2,J市嘉木商超门店,2026-05-18,enterprise_ref_184656,合成运营主体_184656,store_ref_624828,J市,J市嘉木商超门店,,job_ref_625337,1,1,1,否,0,0,0,0
商超,3,2,J市嘉木商超门店,2026-05-18,enterprise_ref_184656,合成运营主体_184656,store_ref_624828,J市,J市嘉木商超门店,,job_ref_778489,1,1,1,否,0,0,0,0
商超,3,2,J市嘉木商超门店,2026-05-18,enterprise_ref_184656,合成运营主体_184656,store_ref_624828,J市,J市嘉木商超门店,,job_ref_709051,1,1,1,否,0,0,0,0
商超,3,2,J市嘉木商超门店,2026-05-18,enterprise_ref_184656,合成运营主体_184656,store_ref_624828,J市,J市嘉木商超门店,,job_ref_860072,1,1,1,否,0,0,0,0
商超,3,2,J市嘉木商超门店,2026-05-18,enterprise_ref_184656,合成运营主体_184656,store_ref_624828,J市,J市嘉木商超门店,,job_ref_517563,0,1,1,否,0,0,0,0
商超,3,2,J市嘉木商超门店,2026-05-18,enterprise_ref_184656,合成运营主体_184656,store_ref_624828,J市,J市嘉木商超门店,,job_ref_227104,1,1,1,否,0,0,0,0
商超,3,2,J市嘉木商超门店,2026-05-18,enterprise_ref_184656,合成运营主体_184656,store_ref_624828,J市,J市嘉木商超门店,,job_ref_820894,1,1,1,否,0,0,0,0
商超,3,2,J市嘉木商超门店,2026-05-18,enterprise_ref_184656,合成运营主体_184656,store_ref_624828,J市,J市嘉木商超门店,,job_ref_860072,1,1,1,否,0,0,0,0
商超,3,2,J市嘉木商超门店,2026-05-18,enterprise_ref_184656,合成运营主体_184656,store_ref_624828,J市,J市嘉木商超门店,,job_ref_391389,1,1,1,否,0,0,0,0
商超,3,2,J市嘉木商超门店,2026-05-18,enterprise_ref_184656,合成运营主体_184656,store_ref_624828,J市,J市嘉木商超门店,,job_ref_860072,1,1,1,否,0,0,0,0
商超,3,2,J市嘉木商超门店,2026-05-18,enterprise_ref_184656,合成运营主体_184656,store_ref_624828,J市,J市嘉木商超门店,,job_ref_778489,1,1,1,否,0,0,0,0
商超,3,2,J市嘉木商超门店,2026-05-18,enterprise_ref_184656,合成运营主体_184656,store_ref_624828,J市,J市嘉木商超门店,,job_ref_517563,1,1,1,否,0,0,0,0
商超,3,2,J市嘉木商超门店,2026-05-18,enterprise_ref_184656,合成运营主体_184656,store_ref_624828,J市,J市嘉木商超门店,,job_ref_860072,1,1,1,否,0,0,0,0
商超,3,2,J市嘉木商超门店,2026-05-18,enterprise_ref_184656,合成运营主体_184656,store_ref_624828,J市,J市嘉木商超门店,,job_ref_517563,1,1,1,否,0,0,0,0
商超,3,2,J市嘉木商超门店,2026-05-18,enterprise_ref_184656,合成运营主体_184656,store_ref_624828,J市,J市嘉木商超门店,,job_ref_860072,1,1,1,否,0,0,0,0
商超,3,2,J市嘉木商超门店,2026-05-18,enterprise_ref_184656,合成运营主体_184656,store_ref_624828,J市,J市嘉木商超门店,,job_ref_517563,0,1,1,否,0,0,0,0
商超,3,2,J市嘉木商超门店,2026-05-18,enterprise_ref_184656,合成运营主体_184656,store_ref_624828,J市,J市嘉木商超门店,,job_ref_517563,1,1,1,否,0,0,0,0
商超,3,2,J市嘉木商超门店,2026-05-18,enterprise_ref_184656,合成运营主体_184656,store_ref_624828,J市,J市嘉木商超门店,,job_ref_625337,1,1,1,否,0,0,0,0
商超,3,2,J市嘉木商超门店,2026-05-18,enterprise_ref_184656,合成运营主体_184656,store_ref_624828,J市,J市嘉木商超门店,,job_ref_379949,1,1,1,否,0,0,0,0
商超,3,2,J市嘉木商超门店,2026-05-18,enterprise_ref_184656,合成运营主体_184656,store_ref_624828,J市,J市嘉木商超门店,,job_ref_043543,1,1,1,否,0,0,0,0
商超,3,2,J市嘉木商超门店,2026-05-18,enterprise_ref_184656,合成运营主体_184656,store_ref_624828,J市,J市嘉木商超门店,,job_ref_391389,1,1,1,否,0,0,0,0
商超,3,2,J市嘉木商超门店,2026-05-18,enterprise_ref_184656,合成运营主体_184656,store_ref_624828,J市,J市嘉木商超门店,,job_ref_079263,1,1,1,否,0,0,0,0
商超,3,2,J市嘉木商超门店,2026-05-18,enterprise_ref_184656,合成运营主体_184656,store_ref_624828,J市,J市嘉木商超门店,,job_ref_625337,1,1,1,否,0,0,0,0
商超,3,2,J市嘉木商超门店,2026-05-18,enterprise_ref_184656,合成运营主体_184656,store_ref_624828,J市,J市嘉木商超门店,,job_ref_278560,2,2,2,否,0,0,0,0
商超,3,2,J市嘉木商超门店,2026-05-18,enterprise_ref_184656,合成运营主体_184656,store_ref_624828,J市,J市嘉木商超门店,,job_ref_391389,0,1,1,否,0,0,0,0
商超,3,2,J市嘉木商超门店,2026-05-18,enterprise_ref_184656,合成运营主体_184656,store_ref_624828,J市,J市嘉木商超门店,,job_ref_391389,1,1,1,否,0,0,0,0
商超,3,2,J市嘉木商超门店,2026-05-18,enterprise_ref_184656,合成运营主体_184656,store_ref_624828,J市,J市嘉木商超门店,,job_ref_278560,1,1,1,否,0,0,0,0
商超,3,2,J市嘉木商超门店,2026-05-18,enterprise_ref_184656,合成运营主体_184656,store_ref_624828,J市,J市嘉木商超门店,,job_ref_379949,1,1,1,否,0,0,0,0
商超,3,2,J市嘉木商超门店,2026-05-18,enterprise_ref_184656,合成运营主体_184656,store_ref_624828,J市,J市嘉木商超门店,,job_ref_043543,1,1,1,否,0,0,0,0
商超,3,2,J市嘉木商超门店,2026-05-18,enterprise_ref_184656,合成运营主体_184656,store_ref_624828,J市,J市嘉木商超门店,,job_ref_399817,1,1,1,否,0,0,0,0
商超,3,2,J市嘉木商超门店,2026-05-18,enterprise_ref_184656,合成运营主体_184656,store_ref_624828,J市,J市嘉木商超门店,,job_ref_270146,1,1,1,否,0,0,0,0
商超,3,2,J市嘉木商超门店,2026-05-18,enterprise_ref_184656,合成运营主体_184656,store_ref_624828,J市,J市嘉木商超门店,,job_ref_517563,0,1,1,否,0,0,0,0
商超,3,2,J市嘉木商超门店,2026-05-18,enterprise_ref_184656,合成运营主体_184656,store_ref_624828,J市,J市嘉木商超门店,,job_ref_860072,0,1,1,否,0,0,0,0
商超,3,2,J市嘉木商超门店,2026-05-18,enterprise_ref_184656,合成运营主体_184656,store_ref_624828,J市,J市嘉木商超门店,,job_ref_363393,1,1,1,否,0,0,0,0
商超,3,2,J市嘉木商超门店,2026-05-18,enterprise_ref_184656,合成运营主体_184656,store_ref_624828,J市,J市嘉木商超门店,,job_ref_399817,1,1,1,否,0,0,0,0
商超,3,2,J市嘉木商超门店,2026-05-18,enterprise_ref_184656,合成运营主体_184656,store_ref_624828,J市,J市嘉木商超门店,,job_ref_391389,1,1,1,否,0,0,0,0
商超,3,2,J市嘉木商超门店,2026-05-18,enterprise_ref_184656,合成运营主体_184656,store_ref_624828,J市,J市嘉木商超门店,,job_ref_513885,1,1,1,否,0,0,0,0
商超,3,2,J市嘉木商超门店,2026-05-18,enterprise_ref_184656,合成运营主体_184656,store_ref_624828,J市,J市嘉木商超门店,,job_ref_227104,1,1,1,否,0,0,0,0
商超,3,2,J市嘉木商超门店,2026-05-18,enterprise_ref_184656,合成运营主体_184656,store_ref_624828,J市,J市嘉木商超门店,,job_ref_860072,1,1,1,否,0,0,0,0
商超,3,2,J市嘉木商超门店,2026-05-18,enterprise_ref_184656,合成运营主体_184656,store_ref_624828,J市,J市嘉木商超门店,,job_ref_391389,1,1,1,否,0,0,0,0
商超,3,2,J市嘉木商超门店,2026-05-18,enterprise_ref_184656,合成运营主体_184656,store_ref_624828,J市,J市嘉木商超门店,,job_ref_625337,4,4,4,否,0,0,0,0
商超,3,2,J市嘉木商超门店,2026-05-19,enterprise_ref_184656,合成运营主体_184656,store_ref_624828,J市,J市嘉木商超门店,,job_ref_043543,1,1,1,否,0,0,0,0
商超,3,2,J市嘉木商超门店,2026-05-19,enterprise_ref_184656,合成运营主体_184656,store_ref_624828,J市,J市嘉木商超门店,,job_ref_227104,1,1,1,否,0,0,0,0
商超,3,2,J市嘉木商超门店,2026-05-19,enterprise_ref_184656,合成运营主体_184656,store_ref_624828,J市,J市嘉木商超门店,,job_ref_379949,1,1,1,否,0,0,0,0
商超,3,2,J市嘉木商超门店,2026-05-19,enterprise_ref_184656,合成运营主体_184656,store_ref_624828,J市,J市嘉木商超门店,,job_ref_495695,1,1,1,否,0,0,0,0
商超,3,2,J市嘉木商超门店,2026-05-19,enterprise_ref_184656,合成运营主体_184656,store_ref_624828,J市,J市嘉木商超门店,,job_ref_399817,1,1,1,否,0,0,0,0
商超,3,2,J市嘉木商超门店,2026-05-19,enterprise_ref_184656,合成运营主体_184656,store_ref_624828,J市,J市嘉木商超门店,,job_ref_227104,1,1,1,否,0,0,0,0
商超,3,2,J市嘉木商超门店,2026-05-19,enterprise_ref_184656,合成运营主体_184656,store_ref_624828,J市,J市嘉木商超门店,,job_ref_778489,1,1,1,否,0,0,0,0
商超,3,2,J市嘉木商超门店,2026-05-19,enterprise_ref_184656,合成运营主体_184656,store_ref_624828,J市,J市嘉木商超门店,,job_ref_860072,1,1,1,否,0,0,0,0
商超,3,2,J市嘉木商超门店,2026-05-19,enterprise_ref_184656,合成运营主体_184656,store_ref_624828,J市,J市嘉木商超门店,,job_ref_625337,1,1,1,否,0,0,0,0
商超,3,2,J市嘉木商超门店,2026-05-19,enterprise_ref_184656,合成运营主体_184656,store_ref_624828,J市,J市嘉木商超门店,,job_ref_860072,1,1,1,否,0,0,0,0
商超,3,2,J市嘉木商超门店,2026-05-19,enterprise_ref_184656,合成运营主体_184656,store_ref_624828,J市,J市嘉木商超门店,,job_ref_079263,1,1,1,否,0,0,0,0
商超,3,2,J市嘉木商超门店,2026-05-19,enterprise_ref_184656,合成运营主体_184656,store_ref_624828,J市,J市嘉木商超门店,,job_ref_860072,1,1,1,否,0,0,0,0
商超,3,2,J市嘉木商超门店,2026-05-19,enterprise_ref_184656,合成运营主体_184656,store_ref_624828,J市,J市嘉木商超门店,,job_ref_513885,1,1,1,否,0,0,0,0
商超,3,2,J市嘉木商超门店,2026-05-19,enterprise_ref_184656,合成运营主体_184656,store_ref_624828,J市,J市嘉木商超门店,,job_ref_517563,1,1,1,否,0,0,0,0
商超,3,2,J市嘉木商超门店,2026-05-19,enterprise_ref_184656,合成运营主体_184656,store_ref_624828,J市,J市嘉木商超门店,,job_ref_391389,1,1,1,否,0,0,0,0
商超,3,2,J市嘉木商超门店,2026-05-19,enterprise_ref_184656,合成运营主体_184656,store_ref_624828,J市,J市嘉木商超门店,,job_ref_391389,1,1,1,否,0,0,0,0
商超,3,2,J市嘉木商超门店,2026-05-19,enterprise_ref_184656,合成运营主体_184656,store_ref_624828,J市,J市嘉木商超门店,,job_ref_227104,1,1,1,否,0,0,0,0
商超,3,2,J市嘉木商超门店,2026-05-19,enterprise_ref_184656,合成运营主体_184656,store_ref_624828,J市,J市嘉木商超门店,,job_ref_517563,0,1,1,否,0,0,0,0
商超,3,2,J市嘉木商超门店,2026-05-19,enterprise_ref_184656,合成运营主体_184656,store_ref_624828,J市,J市嘉木商超门店,,job_ref_270146,1,1,1,否,0,0,0,0
商超,3,2,J市嘉木商超门店,2026-05-19,enterprise_ref_184656,合成运营主体_184656,store_ref_624828,J市,J市嘉木商超门店,,job_ref_860072,1,1,1,否,0,0,0,0
商超,3,2,J市嘉木商超门店,2026-05-19,enterprise_ref_184656,合成运营主体_184656,store_ref_624828,J市,J市嘉木商超门店,,job_ref_860072,1,1,1,否,0,0,0,0
商超,3,2,J市嘉木商超门店,2026-05-19,enterprise_ref_184656,合成运营主体_184656,store_ref_624828,J市,J市嘉木商超门店,,job_ref_625337,1,1,1,否,0,0,0,0
商超,3,2,J市嘉木商超门店,2026-05-19,enterprise_ref_184656,合成运营主体_184656,store_ref_624828,J市,J市嘉木商超门店,,job_ref_625337,4,4,4,否,0,0,0,0
商超,3,2,J市嘉木商超门店,2026-05-19,enterprise_ref_184656,合成运营主体_184656,store_ref_624828,J市,J市嘉木商超门店,,job_ref_399817,1,1,1,否,0,0,0,0
商超,3,2,J市嘉木商超门店,2026-05-19,enterprise_ref_184656,合成运营主体_184656,store_ref_624828,J市,J市嘉木商超门店,,job_ref_517563,1,1,1,否,0,0,0,0
商超,3,2,J市嘉木商超门店,2026-05-19,enterprise_ref_184656,合成运营主体_184656,store_ref_624828,J市,J市嘉木商超门店,,job_ref_278560,4,4,4,否,0,0,0,0
商超,3,2,J市嘉木商超门店,2026-05-19,enterprise_ref_184656,合成运营主体_184656,store_ref_624828,J市,J市嘉木商超门店,,job_ref_379949,1,1,1,否,0,0,0,0
商超,3,2,J市嘉木商超门店,2026-05-19,enterprise_ref_184656,合成运营主体_184656,store_ref_624828,J市,J市嘉木商超门店,,job_ref_043543,1,1,1,否,0,0,0,0
商超,3,2,J市嘉木商超门店,2026-05-19,enterprise_ref_184656,合成运营主体_184656,store_ref_624828,J市,J市嘉木商超门店,,job_ref_227104,1,1,1,否,0,0,0,0
商超,3,2,J市嘉木商超门店,2026-05-19,enterprise_ref_184656,合成运营主体_184656,store_ref_624828,J市,J市嘉木商超门店,,job_ref_517563,1,1,1,否,0,0,0,0
商超,3,2,J市嘉木商超门店,2026-05-19,enterprise_ref_184656,合成运营主体_184656,store_ref_624828,J市,J市嘉木商超门店,,job_ref_391389,1,1,1,否,0,0,0,0
商超,3,2,J市嘉木商超门店,2026-05-19,enterprise_ref_184656,合成运营主体_184656,store_ref_624828,J市,J市嘉木商超门店,,job_ref_860072,1,1,1,否,0,0,0,0
商超,3,2,J市嘉木商超门店,2026-05-19,enterprise_ref_184656,合成运营主体_184656,store_ref_624828,J市,J市嘉木商超门店,,job_ref_625337,1,1,1,否,0,0,0,0
商超,3,2,J市嘉木商超门店,2026-05-19,enterprise_ref_184656,合成运营主体_184656,store_ref_624828,J市,J市嘉木商超门店,,job_ref_860072,1,1,1,否,0,0,0,0
商超,3,2,J市嘉木商超门店,2026-05-19,enterprise_ref_184656,合成运营主体_184656,store_ref_624828,J市,J市嘉木商超门店,,job_ref_391389,1,1,1,否,0,0,0,0
商超,3,2,J市嘉木商超门店,2026-05-19,enterprise_ref_184656,合成运营主体_184656,store_ref_624828,J市,J市嘉木商超门店,,job_ref_399817,1,1,1,否,0,0,0,0
商超,3,2,J市嘉木商超门店,2026-05-19,enterprise_ref_184656,合成运营主体_184656,store_ref_624828,J市,J市嘉木商超门店,,job_ref_278560,0,1,1,否,0,0,0,0
商超,3,2,J市嘉木商超门店,2026-05-19,enterprise_ref_184656,合成运营主体_184656,store_ref_624828,J市,J市嘉木商超门店,,job_ref_391389,1,1,1,否,0,0,0,0
商超,3,2,J市嘉木商超门店,2026-05-19,enterprise_ref_184656,合成运营主体_184656,store_ref_624828,J市,J市嘉木商超门店,,job_ref_860072,1,1,1,否,0,0,0,0
商超,3,2,J市嘉木商超门店,2026-05-19,enterprise_ref_184656,合成运营主体_184656,store_ref_624828,J市,J市嘉木商超门店,,job_ref_778489,1,1,1,否,0,0,0,0
商超,3,2,J市嘉木商超门店,2026-05-19,enterprise_ref_184656,合成运营主体_184656,store_ref_624828,J市,J市嘉木商超门店,,job_ref_391389,1,1,1,否,0,0,0,0
商超,3,2,J市嘉木商超门店,2026-05-19,enterprise_ref_184656,合成运营主体_184656,store_ref_624828,J市,J市嘉木商超门店,,job_ref_278560,2,2,2,否,0,0,0,0
商超,3,2,J市嘉木商超门店,2026-05-19,enterprise_ref_184656,合成运营主体_184656,store_ref_624828,J市,J市嘉木商超门店,,job_ref_495695,1,1,1,否,0,0,0,0
商超,3,2,J市嘉木商超门店,2026-05-19,enterprise_ref_184656,合成运营主体_184656,store_ref_624828,J市,J市嘉木商超门店,,job_ref_391389,1,1,1,否,0,0,0,0
商超,3,2,J市嘉木商超门店,2026-05-19,enterprise_ref_184656,合成运营主体_184656,store_ref_624828,J市,J市嘉木商超门店,,job_ref_363393,1,1,1,否,0,0,0,0
商超,3,2,J市嘉木商超门店,2026-05-19,enterprise_ref_184656,合成运营主体_184656,store_ref_624828,J市,J市嘉木商超门店,,job_ref_709051,1,1,1,否,0,0,0,0
商超,3,2,J市嘉木商超门店,2026-05-19,enterprise_ref_184656,合成运营主体_184656,store_ref_624828,J市,J市嘉木商超门店,,job_ref_517563,1,1,1,否,0,0,0,0
商超,3,2,J市嘉木商超门店,2026-05-19,enterprise_ref_184656,合成运营主体_184656,store_ref_624828,J市,J市嘉木商超门店,,job_ref_227104,1,1,1,否,0,0,0,0
商超,3,2,J市嘉木商超门店,2026-05-19,enterprise_ref_184656,合成运营主体_184656,store_ref_624828,J市,J市嘉木商超门店,,job_ref_860072,1,1,1,否,0,0,0,0
商超,3,2,J市嘉木商超门店,2026-05-19,enterprise_ref_184656,合成运营主体_184656,store_ref_624828,J市,J市嘉木商超门店,,job_ref_517563,0,1,1,否,0,0,0,0
商超,3,2,J市嘉木商超门店,2026-05-19,enterprise_ref_184656,合成运营主体_184656,store_ref_624828,J市,J市嘉木商超门店,,job_ref_043543,1,1,1,否,0,0,0,0
商超,3,2,J市嘉木商超门店,2026-05-20,enterprise_ref_184656,合成运营主体_184656,store_ref_624828,J市,J市嘉木商超门店,,job_ref_391389,1,1,1,否,0,0,0,0
商超,3,2,J市嘉木商超门店,2026-05-20,enterprise_ref_184656,合成运营主体_184656,store_ref_624828,J市,J市嘉木商超门店,,job_ref_860072,0,1,1,否,0,0,0,0
商超,3,2,J市嘉木商超门店,2026-05-20,enterprise_ref_184656,合成运营主体_184656,store_ref_624828,J市,J市嘉木商超门店,,job_ref_517563,1,1,1,否,0,0,0,0
商超,3,2,J市嘉木商超门店,2026-05-20,enterprise_ref_184656,合成运营主体_184656,store_ref_624828,J市,J市嘉木商超门店,,job_ref_709051,1,1,1,否,0,0,0,0
商超,3,2,J市嘉木商超门店,2026-05-20,enterprise_ref_184656,合成运营主体_184656,store_ref_624828,J市,J市嘉木商超门店,,job_ref_860072,1,1,1,否,0,0,0,0
商超,3,2,J市嘉木商超门店,2026-05-20,enterprise_ref_184656,合成运营主体_184656,store_ref_624828,J市,J市嘉木商超门店,,job_ref_278560,1,1,1,否,0,0,0,0
商超,3,2,J市嘉木商超门店,2026-05-20,enterprise_ref_184656,合成运营主体_184656,store_ref_624828,J市,J市嘉木商超门店,,job_ref_227104,1,1,1,否,0,0,0,0
商超,3,2,J市嘉木商超门店,2026-05-20,enterprise_ref_184656,合成运营主体_184656,store_ref_624828,J市,J市嘉木商超门店,,job_ref_860072,1,1,1,否,0,0,0,0
商超,3,2,J市嘉木商超门店,2026-05-20,enterprise_ref_184656,合成运营主体_184656,store_ref_624828,J市,J市嘉木商超门店,,job_ref_391389,1,1,1,否,0,0,0,0
商超,3,2,J市嘉木商超门店,2026-05-20,enterprise_ref_184656,合成运营主体_184656,store_ref_624828,J市,J市嘉木商超门店,,job_ref_860072,1,1,1,否,0,0,0,0
商超,3,2,J市嘉木商超门店,2026-05-20,enterprise_ref_184656,合成运营主体_184656,store_ref_624828,J市,J市嘉木商超门店,,job_ref_778489,1,1,1,否,0,0,0,0
商超,3,2,J市嘉木商超门店,2026-05-20,enterprise_ref_184656,合成运营主体_184656,store_ref_624828,J市,J市嘉木商超门店,,job_ref_391389,1,1,1,否,0,0,0,0
商超,3,2,J市嘉木商超门店,2026-05-20,enterprise_ref_184656,合成运营主体_184656,store_ref_624828,J市,J市嘉木商超门店,,job_ref_278560,1,1,1,否,0,0,0,0
商超,3,2,J市嘉木商超门店,2026-05-20,enterprise_ref_184656,合成运营主体_184656,store_ref_624828,J市,J市嘉木商超门店,,job_ref_517563,0,1,1,否,0,0,0,0
商超,3,2,J市嘉木商超门店,2026-05-20,enterprise_ref_184656,合成运营主体_184656,store_ref_624828,J市,J市嘉木商超门店,,job_ref_517563,0,1,1,否,0,0,0,0
商超,3,2,J市嘉木商超门店,2026-05-20,enterprise_ref_184656,合成运营主体_184656,store_ref_624828,J市,J市嘉木商超门店,,job_ref_043543,1,1,1,否,0,0,0,0
商超,3,2,J市嘉木商超门店,2026-05-20,enterprise_ref_184656,合成运营主体_184656,store_ref_624828,J市,J市嘉木商超门店,,job_ref_778489,1,1,1,否,0,0,0,0
商超,3,2,J市嘉木商超门店,2026-05-20,enterprise_ref_184656,合成运营主体_184656,store_ref_624828,J市,J市嘉木商超门店,,job_ref_227104,1,1,1,否,0,0,0,0
商超,3,2,J市嘉木商超门店,2026-05-20,enterprise_ref_184656,合成运营主体_184656,store_ref_624828,J市,J市嘉木商超门店,,job_ref_860072,1,1,1,否,0,0,0,0
商超,3,2,J市嘉木商超门店,2026-05-20,enterprise_ref_184656,合成运营主体_184656,store_ref_624828,J市,J市嘉木商超门店,,job_ref_043543,1,1,1,否,0,0,0,0
商超,3,2,J市嘉木商超门店,2026-05-20,enterprise_ref_184656,合成运营主体_184656,store_ref_624828,J市,J市嘉木商超门店,,job_ref_860072,1,1,1,否,0,0,0,0
商超,3,2,J市嘉木商超门店,2026-05-20,enterprise_ref_184656,合成运营主体_184656,store_ref_624828,J市,J市嘉木商超门店,,job_ref_399817,1,1,1,否,0,0,0,0
商超,3,2,J市嘉木商超门店,2026-05-20,enterprise_ref_184656,合成运营主体_184656,store_ref_624828,J市,J市嘉木商超门店,,job_ref_820894,0,1,1,否,0,0,0,0
商超,3,2,J市嘉木商超门店,2026-05-20,enterprise_ref_184656,合成运营主体_184656,store_ref_624828,J市,J市嘉木商超门店,,job_ref_860072,1,1,1,否,0,0,0,0
商超,3,2,J市嘉木商超门店,2026-05-20,enterprise_ref_184656,合成运营主体_184656,store_ref_624828,J市,J市嘉木商超门店,,job_ref_820894,1,1,1,否,0,0,0,0
商超,3,2,J市嘉木商超门店,2026-05-20,enterprise_ref_184656,合成运营主体_184656,store_ref_624828,J市,J市嘉木商超门店,,job_ref_079263,1,1,1,否,0,0,0,0
商超,3,2,J市嘉木商超门店,2026-05-20,enterprise_ref_184656,合成运营主体_184656,store_ref_624828,J市,J市嘉木商超门店,,job_ref_399817,1,1,1,否,0,0,0,0
商超,3,2,J市嘉木商超门店,2026-05-20,enterprise_ref_184656,合成运营主体_184656,store_ref_624828,J市,J市嘉木商超门店,,job_ref_625337,1,1,1,否,0,0,0,0
商超,3,2,J市嘉木商超门店,2026-05-20,enterprise_ref_184656,合成运营主体_184656,store_ref_624828,J市,J市嘉木商超门店,,job_ref_625337,4,4,4,否,0,0,0,0
商超,3,2,J市嘉木商超门店,2026-05-20,enterprise_ref_184656,合成运营主体_184656,store_ref_624828,J市,J市嘉木商超门店,,job_ref_860072,1,1,1,否,0,0,0,0
商超,3,2,J市嘉木商超门店,2026-05-20,enterprise_ref_184656,合成运营主体_184656,store_ref_624828,J市,J市嘉木商超门店,,job_ref_379949,1,1,1,否,0,0,0,0
商超,3,2,J市嘉木商超门店,2026-05-20,enterprise_ref_184656,合成运营主体_184656,store_ref_624828,J市,J市嘉木商超门店,,job_ref_379949,1,1,1,否,0,0,0,0
商超,3,2,J市嘉木商超门店,2026-05-20,enterprise_ref_184656,合成运营主体_184656,store_ref_624828,J市,J市嘉木商超门店,,job_ref_278560,1,2,2,否,0,0,0,0
商超,3,2,J市嘉木商超门店,2026-05-20,enterprise_ref_184656,合成运营主体_184656,store_ref_624828,J市,J市嘉木商超门店,,job_ref_860072,0,1,1,否,0,0,0,0
商超,3,2,J市嘉木商超门店,2026-05-20,enterprise_ref_184656,合成运营主体_184656,store_ref_624828,J市,J市嘉木商超门店,,job_ref_399817,1,1,1,否,0,0,0,0
商超,3,2,J市嘉木商超门店,2026-05-20,enterprise_ref_184656,合成运营主体_184656,store_ref_624828,J市,J市嘉木商超门店,,job_ref_517563,1,1,1,否,0,0,0,0
商超,3,2,J市嘉木商超门店,2026-05-20,enterprise_ref_184656,合成运营主体_184656,store_ref_624828,J市,J市嘉木商超门店,,job_ref_513885,1,1,1,否,0,0,0,0
商超,3,2,J市嘉木商超门店,2026-05-20,enterprise_ref_184656,合成运营主体_184656,store_ref_624828,J市,J市嘉木商超门店,,job_ref_227104,1,1,1,否,0,0,0,0
商超,3,2,J市嘉木商超门店,2026-05-20,enterprise_ref_184656,合成运营主体_184656,store_ref_624828,J市,J市嘉木商超门店,,job_ref_227104,0,1,1,否,0,0,0,0
商超,3,2,J市嘉木商超门店,2026-05-20,enterprise_ref_184656,合成运营主体_184656,store_ref_624828,J市,J市嘉木商超门店,,job_ref_517563,1,1,1,否,0,0,0,0
商超,3,2,J市嘉木商超门店,2026-05-20,enterprise_ref_184656,合成运营主体_184656,store_ref_624828,J市,J市嘉木商超门店,,job_ref_517563,1,1,1,否,0,0,0,0
商超,3,2,J市嘉木商超门店,2026-05-20,enterprise_ref_184656,合成运营主体_184656,store_ref_624828,J市,J市嘉木商超门店,,job_ref_227104,1,1,1,否,0,0,0,0
商超,3,2,J市嘉木商超门店,2026-05-20,enterprise_ref_184656,合成运营主体_184656,store_ref_624828,J市,J市嘉木商超门店,,job_ref_778489,0,1,1,否,0,0,0,0
商超,3,2,J市嘉木商超门店,2026-05-20,enterprise_ref_184656,合成运营主体_184656,store_ref_624828,J市,J市嘉木商超门店,,job_ref_227104,1,1,1,否,0,0,0,0
商超,3,2,J市嘉木商超门店,2026-05-20,enterprise_ref_184656,合成运营主体_184656,store_ref_624828,J市,J市嘉木商超门店,,job_ref_860072,1,1,1,否,0,0,0,0
商超,3,2,J市嘉木商超门店,2026-05-20,enterprise_ref_184656,合成运营主体_184656,store_ref_624828,J市,J市嘉木商超门店,,job_ref_391389,1,1,1,否,0,0,0,0
商超,3,2,J市嘉木商超门店,2026-05-20,enterprise_ref_184656,合成运营主体_184656,store_ref_624828,J市,J市嘉木商超门店,,job_ref_363393,1,1,1,否,0,0,0,0
商超,3,2,J市嘉木商超门店,2026-05-20,enterprise_ref_184656,合成运营主体_184656,store_ref_624828,J市,J市嘉木商超门店,,job_ref_778489,1,1,1,否,0,0,0,0
商超,3,2,J市嘉木商超门店,2026-05-20,enterprise_ref_184656,合成运营主体_184656,store_ref_624828,J市,J市嘉木商超门店,,job_ref_495695,1,1,1,否,0,0,0,0
商超,3,2,J市嘉木商超门店,2026-05-20,enterprise_ref_184656,合成运营主体_184656,store_ref_624828,J市,J市嘉木商超门店,,job_ref_227104,1,1,1,否,0,0,0,0
商超,3,2,J市嘉木商超门店,2026-05-20,enterprise_ref_184656,合成运营主体_184656,store_ref_624828,J市,J市嘉木商超门店,,job_ref_778489,1,1,1,否,0,0,0,0
商超,3,2,J市嘉木商超门店,2026-05-20,enterprise_ref_184656,合成运营主体_184656,store_ref_624828,J市,J市嘉木商超门店,,job_ref_517563,1,1,1,否,0,0,0,0
商超,3,2,J市嘉木商超门店,2026-05-20,enterprise_ref_184656,合成运营主体_184656,store_ref_624828,J市,J市嘉木商超门店,,job_ref_495695,1,1,1,否,0,0,0,0
商超,3,2,J市嘉木商超门店,2026-05-20,enterprise_ref_184656,合成运营主体_184656,store_ref_624828,J市,J市嘉木商超门店,,job_ref_391389,1,1,1,否,0,0,0,0
商超,3,2,J市嘉木商超门店,2026-05-20,enterprise_ref_184656,合成运营主体_184656,store_ref_624828,J市,J市嘉木商超门店,,job_ref_391389,1,1,1,否,0,0,0,0
商超,3,2,J市嘉木商超门店,2026-05-20,enterprise_ref_184656,合成运营主体_184656,store_ref_624828,J市,J市嘉木商超门店,,job_ref_391389,1,1,1,否,0,0,0,0
商超,3,2,J市嘉木商超门店,2026-05-20,enterprise_ref_184656,合成运营主体_184656,store_ref_624828,J市,J市嘉木商超门店,,job_ref_391389,0,1,1,否,0,0,0,0
商超,3,2,J市嘉木商超门店,2026-05-20,enterprise_ref_184656,合成运营主体_184656,store_ref_624828,J市,J市嘉木商超门店,,job_ref_495695,1,1,1,否,0,0,0,0
商超,3,2,J市嘉木商超门店,2026-05-20,enterprise_ref_184656,合成运营主体_184656,store_ref_624828,J市,J市嘉木商超门店,,job_ref_278560,3,3,3,否,0,0,0,0
商超,3,2,J市嘉木商超门店,2026-05-21,enterprise_ref_184656,合成运营主体_184656,store_ref_624828,J市,J市嘉木商超门店,,job_ref_391389,1,1,1,否,0,0,0,0
商超,3,2,J市嘉木商超门店,2026-05-21,enterprise_ref_184656,合成运营主体_184656,store_ref_624828,J市,J市嘉木商超门店,,job_ref_860072,1,1,1,否,0,0,0,0
商超,3,2,J市嘉木商超门店,2026-05-21,enterprise_ref_184656,合成运营主体_184656,store_ref_624828,J市,J市嘉木商超门店,,job_ref_517563,1,1,1,否,0,0,0,0
商超,3,2,J市嘉木商超门店,2026-05-21,enterprise_ref_184656,合成运营主体_184656,store_ref_624828,J市,J市嘉木商超门店,,job_ref_399817,1,1,1,否,0,0,0,0
商超,3,2,J市嘉木商超门店,2026-05-21,enterprise_ref_184656,合成运营主体_184656,store_ref_624828,J市,J市嘉木商超门店,,job_ref_860072,1,1,1,否,0,0,0,0
商超,3,2,J市嘉木商超门店,2026-05-21,enterprise_ref_184656,合成运营主体_184656,store_ref_624828,J市,J市嘉木商超门店,,job_ref_860072,1,1,1,否,0,0,0,0
商超,3,2,J市嘉木商超门店,2026-05-21,enterprise_ref_184656,合成运营主体_184656,store_ref_624828,J市,J市嘉木商超门店,,job_ref_043543,1,1,1,否,0,0,0,0
商超,3,2,J市嘉木商超门店,2026-05-21,enterprise_ref_184656,合成运营主体_184656,store_ref_624828,J市,J市嘉木商超门店,,job_ref_391389,0,1,1,否,0,0,0,0
商超,3,2,J市嘉木商超门店,2026-05-21,enterprise_ref_184656,合成运营主体_184656,store_ref_624828,J市,J市嘉木商超门店,,job_ref_495695,1,1,1,否,0,0,0,0
商超,3,2,J市嘉木商超门店,2026-05-21,enterprise_ref_184656,合成运营主体_184656,store_ref_624828,J市,J市嘉木商超门店,,job_ref_270146,1,1,1,否,0,0,0,0
商超,3,2,J市嘉木商超门店,2026-05-21,enterprise_ref_184656,合成运营主体_184656,store_ref_624828,J市,J市嘉木商超门店,,job_ref_391389,1,1,1,否,0,0,0,0
商超,3,2,J市嘉木商超门店,2026-05-21,enterprise_ref_184656,合成运营主体_184656,store_ref_624828,J市,J市嘉木商超门店,,job_ref_860072,1,1,1,否,0,0,0,0
商超,3,2,J市嘉木商超门店,2026-05-21,enterprise_ref_184656,合成运营主体_184656,store_ref_624828,J市,J市嘉木商超门店,,job_ref_625337,1,1,1,否,0,0,0,0
商超,3,2,J市嘉木商超门店,2026-05-21,enterprise_ref_184656,合成运营主体_184656,store_ref_624828,J市,J市嘉木商超门店,,job_ref_043543,1,1,1,否,0,0,0,0
商超,3,2,J市嘉木商超门店,2026-05-21,enterprise_ref_184656,合成运营主体_184656,store_ref_624828,J市,J市嘉木商超门店,,job_ref_860072,1,1,1,否,0,0,0,0
商超,3,2,J市嘉木商超门店,2026-05-21,enterprise_ref_184656,合成运营主体_184656,store_ref_624828,J市,J市嘉木商超门店,,job_ref_513885,1,1,1,否,0,0,0,0
商超,3,2,J市嘉木商超门店,2026-05-21,enterprise_ref_184656,合成运营主体_184656,store_ref_624828,J市,J市嘉木商超门店,,job_ref_043543,1,1,1,否,0,0,0,0
商超,3,2,J市嘉木商超门店,2026-05-21,enterprise_ref_184656,合成运营主体_184656,store_ref_624828,J市,J市嘉木商超门店,,job_ref_227104,1,1,1,否,0,0,0,0
商超,3,2,J市嘉木商超门店,2026-05-21,enterprise_ref_184656,合成运营主体_184656,store_ref_624828,J市,J市嘉木商超门店,,job_ref_625337,1,1,1,否,0,0,0,0
商超,3,2,J市嘉木商超门店,2026-05-21,enterprise_ref_184656,合成运营主体_184656,store_ref_624828,J市,J市嘉木商超门店,,job_ref_278560,2,3,3,否,0,0,0,0
商超,3,2,J市嘉木商超门店,2026-05-21,enterprise_ref_184656,合成运营主体_184656,store_ref_624828,J市,J市嘉木商超门店,,job_ref_278560,1,1,1,否,0,0,0,0
商超,3,2,J市嘉木商超门店,2026-05-21,enterprise_ref_184656,合成运营主体_184656,store_ref_624828,J市,J市嘉木商超门店,,job_ref_860072,1,1,1,否,0,0,0,0
商超,3,2,J市嘉木商超门店,2026-05-21,enterprise_ref_184656,合成运营主体_184656,store_ref_624828,J市,J市嘉木商超门店,,job_ref_860072,1,1,1,否,0,0,0,0
商超,3,2,J市嘉木商超门店,2026-05-21,enterprise_ref_184656,合成运营主体_184656,store_ref_624828,J市,J市嘉木商超门店,,job_ref_043543,1,1,1,否,0,0,0,0
商超,3,2,J市嘉木商超门店,2026-05-21,enterprise_ref_184656,合成运营主体_184656,store_ref_624828,J市,J市嘉木商超门店,,job_ref_391389,1,1,1,否,0,0,0,0
商超,3,2,J市嘉木商超门店,2026-05-21,enterprise_ref_184656,合成运营主体_184656,store_ref_624828,J市,J市嘉木商超门店,,job_ref_391389,1,1,1,否,0,0,0,0
商超,3,2,J市嘉木商超门店,2026-05-21,enterprise_ref_184656,合成运营主体_184656,store_ref_624828,J市,J市嘉木商超门店,,job_ref_227104,1,1,1,否,0,0,0,0
商超,3,2,J市嘉木商超门店,2026-05-21,enterprise_ref_184656,合成运营主体_184656,store_ref_624828,J市,J市嘉木商超门店,,job_ref_391389,1,1,1,否,0,0,0,0
商超,3,2,J市嘉木商超门店,2026-05-21,enterprise_ref_184656,合成运营主体_184656,store_ref_624828,J市,J市嘉木商超门店,,job_ref_278560,1,1,1,否,0,0,0,0
商超,3,2,J市嘉木商超门店,2026-05-21,enterprise_ref_184656,合成运营主体_184656,store_ref_624828,J市,J市嘉木商超门店,,job_ref_391389,1,1,1,否,0,0,0,0
商超,3,2,J市嘉木商超门店,2026-05-21,enterprise_ref_184656,合成运营主体_184656,store_ref_624828,J市,J市嘉木商超门店,,job_ref_860072,1,1,1,否,0,0,0,0
商超,3,2,J市嘉木商超门店,2026-05-21,enterprise_ref_184656,合成运营主体_184656,store_ref_624828,J市,J市嘉木商超门店,,job_ref_625337,4,4,4,否,0,0,0,0
商超,3,2,J市嘉木商超门店,2026-05-21,enterprise_ref_184656,合成运营主体_184656,store_ref_624828,J市,J市嘉木商超门店,,job_ref_495695,0,1,1,否,0,0,0,0
商超,3,2,J市嘉木商超门店,2026-05-21,enterprise_ref_184656,合成运营主体_184656,store_ref_624828,J市,J市嘉木商超门店,,job_ref_860072,1,1,1,否,0,0,0,0
商超,3,2,J市嘉木商超门店,2026-05-21,enterprise_ref_184656,合成运营主体_184656,store_ref_624828,J市,J市嘉木商超门店,,job_ref_227104,1,1,1,否,0,0,0,0
商超,3,2,J市嘉木商超门店,2026-05-21,enterprise_ref_184656,合成运营主体_184656,store_ref_624828,J市,J市嘉木商超门店,,job_ref_227104,1,1,1,否,0,0,0,0
商超,3,2,J市嘉木商超门店,2026-05-21,enterprise_ref_184656,合成运营主体_184656,store_ref_624828,J市,J市嘉木商超门店,,job_ref_227104,1,1,1,否,0,0,0,0
商超,3,2,J市嘉木商超门店,2026-05-21,enterprise_ref_184656,合成运营主体_184656,store_ref_624828,J市,J市嘉木商超门店,,job_ref_391389,1,1,1,否,0,0,0,0
商超,3,2,J市嘉木商超门店,2026-05-21,enterprise_ref_184656,合成运营主体_184656,store_ref_624828,J市,J市嘉木商超门店,,job_ref_778489,1,1,1,否,0,0,0,0
商超,3,2,J市嘉木商超门店,2026-05-21,enterprise_ref_184656,合成运营主体_184656,store_ref_624828,J市,J市嘉木商超门店,,job_ref_399817,1,1,1,否,0,0,0,0
商超,3,2,J市嘉木商超门店,2026-05-21,enterprise_ref_184656,合成运营主体_184656,store_ref_624828,J市,J市嘉木商超门店,,job_ref_860072,0,1,1,否,0,0,0,0
商超,3,2,J市嘉木商超门店,2026-05-21,enterprise_ref_184656,合成运营主体_184656,store_ref_624828,J市,J市嘉木商超门店,,job_ref_860072,1,1,1,否,0,0,0,0
商超,3,2,J市嘉木商超门店,2026-05-21,enterprise_ref_184656,合成运营主体_184656,store_ref_624828,J市,J市嘉木商超门店,,job_ref_625337,1,1,1,否,0,0,0,0
商超,3,2,J市嘉木商超门店,2026-05-21,enterprise_ref_184656,合成运营主体_184656,store_ref_624828,J市,J市嘉木商超门店,,job_ref_820894,1,1,1,否,0,0,0,0
商超,3,2,J市嘉木商超门店,2026-05-21,enterprise_ref_184656,合成运营主体_184656,store_ref_624828,J市,J市嘉木商超门店,,job_ref_278560,1,1,1,否,0,0,0,0
商超,3,2,J市嘉木商超门店,2026-05-21,enterprise_ref_184656,合成运营主体_184656,store_ref_624828,J市,J市嘉木商超门店,,job_ref_860072,0,1,1,否,0,0,0,0
商超,3,2,J市嘉木商超门店,2026-05-21,enterprise_ref_184656,合成运营主体_184656,store_ref_624828,J市,J市嘉木商超门店,,job_ref_778489,1,1,1,否,0,0,0,0
商超,3,2,J市嘉木商超门店,2026-05-21,enterprise_ref_184656,合成运营主体_184656,store_ref_624828,J市,J市嘉木商超门店,,job_ref_227104,1,1,1,否,0,0,0,0
商超,3,2,J市嘉木商超门店,2026-05-21,enterprise_ref_184656,合成运营主体_184656,store_ref_624828,J市,J市嘉木商超门店,,job_ref_379949,1,1,1,否,0,0,0,0
商超,3,2,J市嘉木商超门店,2026-05-21,enterprise_ref_184656,合成运营主体_184656,store_ref_624828,J市,J市嘉木商超门店,,job_ref_079263,1,1,1,否,0,0,0,0
商超,3,2,J市嘉木商超门店,2026-05-21,enterprise_ref_184656,合成运营主体_184656,store_ref_624828,J市,J市嘉木商超门店,,job_ref_860072,0,1,1,否,0,0,0,0
商超,3,2,J市嘉木商超门店,2026-05-21,enterprise_ref_184656,合成运营主体_184656,store_ref_624828,J市,J市嘉木商超门店,,job_ref_363393,1,1,1,否,0,0,0,0
商超,3,2,J市嘉木商超门店,2026-05-22,enterprise_ref_184656,合成运营主体_184656,store_ref_624828,J市,J市嘉木商超门店,,job_ref_227104,1,1,1,否,0,0,0,0
商超,3,2,J市嘉木商超门店,2026-05-22,enterprise_ref_184656,合成运营主体_184656,store_ref_624828,J市,J市嘉木商超门店,,job_ref_043543,1,1,1,否,0,0,0,0
商超,3,2,J市嘉木商超门店,2026-05-22,enterprise_ref_184656,合成运营主体_184656,store_ref_624828,J市,J市嘉木商超门店,,job_ref_860072,0,1,1,否,0,0,0,0
商超,3,2,J市嘉木商超门店,2026-05-22,enterprise_ref_184656,合成运营主体_184656,store_ref_624828,J市,J市嘉木商超门店,,job_ref_778489,1,1,1,否,0,0,0,0
商超,3,2,J市嘉木商超门店,2026-05-22,enterprise_ref_184656,合成运营主体_184656,store_ref_624828,J市,J市嘉木商超门店,,job_ref_227104,1,1,1,否,0,0,0,0
商超,3,2,J市嘉木商超门店,2026-05-22,enterprise_ref_184656,合成运营主体_184656,store_ref_624828,J市,J市嘉木商超门店,,job_ref_625337,1,1,1,否,0,0,0,0
商超,3,2,J市嘉木商超门店,2026-05-22,enterprise_ref_184656,合成运营主体_184656,store_ref_624828,J市,J市嘉木商超门店,,job_ref_709051,1,1,1,否,0,0,0,0
商超,3,2,J市嘉木商超门店,2026-05-22,enterprise_ref_184656,合成运营主体_184656,store_ref_624828,J市,J市嘉木商超门店,,job_ref_860072,1,1,1,否,0,0,0,0
商超,3,2,J市嘉木商超门店,2026-05-22,enterprise_ref_184656,合成运营主体_184656,store_ref_624828,J市,J市嘉木商超门店,,job_ref_517563,1,1,1,否,0,0,0,0
商超,3,2,J市嘉木商超门店,2026-05-22,enterprise_ref_184656,合成运营主体_184656,store_ref_624828,J市,J市嘉木商超门店,,job_ref_860072,1,1,1,否,0,0,0,0
商超,3,2,J市嘉木商超门店,2026-05-22,enterprise_ref_184656,合成运营主体_184656,store_ref_624828,J市,J市嘉木商超门店,,job_ref_860072,1,1,1,否,0,0,0,0
商超,3,2,J市嘉木商超门店,2026-05-22,enterprise_ref_184656,合成运营主体_184656,store_ref_624828,J市,J市嘉木商超门店,,job_ref_860072,1,1,1,否,0,0,0,0
商超,3,2,J市嘉木商超门店,2026-05-22,enterprise_ref_184656,合成运营主体_184656,store_ref_624828,J市,J市嘉木商超门店,,job_ref_860072,1,1,1,否,0,0,0,0
商超,3,2,J市嘉木商超门店,2026-05-22,enterprise_ref_184656,合成运营主体_184656,store_ref_624828,J市,J市嘉木商超门店,,job_ref_860072,1,1,1,否,0,0,0,0
商超,3,2,J市嘉木商超门店,2026-05-22,enterprise_ref_184656,合成运营主体_184656,store_ref_624828,J市,J市嘉木商超门店,,job_ref_399817,1,1,1,否,0,0,0,0
商超,3,2,J市嘉木商超门店,2026-05-22,enterprise_ref_184656,合成运营主体_184656,store_ref_624828,J市,J市嘉木商超门店,,job_ref_860072,1,1,1,否,0,0,0,0
商超,3,2,J市嘉木商超门店,2026-05-22,enterprise_ref_184656,合成运营主体_184656,store_ref_624828,J市,J市嘉木商超门店,,job_ref_391389,1,1,1,否,0,0,0,0
商超,3,2,J市嘉木商超门店,2026-05-22,enterprise_ref_184656,合成运营主体_184656,store_ref_624828,J市,J市嘉木商超门店,,job_ref_391389,1,1,1,否,0,0,0,0
商超,3,2,J市嘉木商超门店,2026-05-22,enterprise_ref_184656,合成运营主体_184656,store_ref_624828,J市,J市嘉木商超门店,,job_ref_517563,0,1,1,否,0,0,0,0
商超,3,2,J市嘉木商超门店,2026-05-22,enterprise_ref_184656,合成运营主体_184656,store_ref_624828,J市,J市嘉木商超门店,,job_ref_495695,0,1,1,否,0,0,0,0
商超,3,2,J市嘉木商超门店,2026-05-22,enterprise_ref_184656,合成运营主体_184656,store_ref_624828,J市,J市嘉木商超门店,,job_ref_625337,4,4,4,否,0,0,0,0
商超,3,2,J市嘉木商超门店,2026-05-22,enterprise_ref_184656,合成运营主体_184656,store_ref_624828,J市,J市嘉木商超门店,,job_ref_391389,1,1,1,否,0,0,0,0
商超,3,2,J市嘉木商超门店,2026-05-22,enterprise_ref_184656,合成运营主体_184656,store_ref_624828,J市,J市嘉木商超门店,,job_ref_513885,1,1,1,否,0,0,0,0
商超,3,2,J市嘉木商超门店,2026-05-22,enterprise_ref_184656,合成运营主体_184656,store_ref_624828,J市,J市嘉木商超门店,,job_ref_778489,1,1,1,否,0,0,0,0
商超,3,2,J市嘉木商超门店,2026-05-22,enterprise_ref_184656,合成运营主体_184656,store_ref_624828,J市,J市嘉木商超门店,,job_ref_363393,1,1,1,否,0,0,0,0
商超,3,2,J市嘉木商超门店,2026-05-22,enterprise_ref_184656,合成运营主体_184656,store_ref_624828,J市,J市嘉木商超门店,,job_ref_625337,1,1,1,否,0,0,0,0
商超,3,2,J市嘉木商超门店,2026-05-22,enterprise_ref_184656,合成运营主体_184656,store_ref_624828,J市,J市嘉木商超门店,,job_ref_270146,1,1,1,否,0,0,0,0
商超,3,2,J市嘉木商超门店,2026-05-22,enterprise_ref_184656,合成运营主体_184656,store_ref_624828,J市,J市嘉木商超门店,,job_ref_399817,1,1,1,否,0,0,0,0
商超,3,2,J市嘉木商超门店,2026-05-22,enterprise_ref_184656,合成运营主体_184656,store_ref_624828,J市,J市嘉木商超门店,,job_ref_517563,1,1,1,否,0,0,0,0
商超,3,2,J市嘉木商超门店,2026-05-22,enterprise_ref_184656,合成运营主体_184656,store_ref_624828,J市,J市嘉木商超门店,,job_ref_391389,1,1,1,否,0,0,0,0
商超,3,2,J市嘉木商超门店,2026-05-22,enterprise_ref_184656,合成运营主体_184656,store_ref_624828,J市,J市嘉木商超门店,,job_ref_227104,1,1,1,否,0,0,0,0
商超,3,2,J市嘉木商超门店,2026-05-22,enterprise_ref_184656,合成运营主体_184656,store_ref_624828,J市,J市嘉木商超门店,,job_ref_278560,1,1,1,否,0,0,0,0
商超,3,2,J市嘉木商超门店,2026-05-22,enterprise_ref_184656,合成运营主体_184656,store_ref_624828,J市,J市嘉木商超门店,,job_ref_043543,1,1,1,否,0,0,0,0
商超,3,2,J市嘉木商超门店,2026-05-22,enterprise_ref_184656,合成运营主体_184656,store_ref_624828,J市,J市嘉木商超门店,,job_ref_860072,1,1,1,否,0,0,0,0
商超,3,2,J市嘉木商超门店,2026-05-22,enterprise_ref_184656,合成运营主体_184656,store_ref_624828,J市,J市嘉木商超门店,,job_ref_278560,3,4,4,否,0,0,0,0
商超,3,2,J市嘉木商超门店,2026-05-22,enterprise_ref_184656,合成运营主体_184656,store_ref_624828,J市,J市嘉木商超门店,,job_ref_278560,1,1,1,否,0,0,0,0
商超,3,2,J市嘉木商超门店,2026-05-22,enterprise_ref_184656,合成运营主体_184656,store_ref_624828,J市,J市嘉木商超门店,,job_ref_860072,0,1,1,否,0,0,0,0
商超,3,2,J市嘉木商超门店,2026-05-22,enterprise_ref_184656,合成运营主体_184656,store_ref_624828,J市,J市嘉木商超门店,,job_ref_227104,1,1,1,否,0,0,0,0
商超,3,2,J市嘉木商超门店,2026-05-22,enterprise_ref_184656,合成运营主体_184656,store_ref_624828,J市,J市嘉木商超门店,,job_ref_379949,1,1,1,否,0,0,0,0
商超,3,2,J市嘉木商超门店,2026-05-22,enterprise_ref_184656,合成运营主体_184656,store_ref_624828,J市,J市嘉木商超门店,,job_ref_517563,1,1,1,否,0,0,0,0
商超,3,2,J市嘉木商超门店,2026-05-22,enterprise_ref_184656,合成运营主体_184656,store_ref_624828,J市,J市嘉木商超门店,,job_ref_778489,1,1,1,否,0,0,0,0
商超,3,2,J市嘉木商超门店,2026-05-22,enterprise_ref_184656,合成运营主体_184656,store_ref_624828,J市,J市嘉木商超门店,,job_ref_043543,1,1,1,否,0,0,0,0
商超,3,2,J市嘉木商超门店,2026-05-22,enterprise_ref_184656,合成运营主体_184656,store_ref_624828,J市,J市嘉木商超门店,,job_ref_227104,1,1,1,否,0,0,0,0
商超,3,2,J市嘉木商超门店,2026-05-22,enterprise_ref_184656,合成运营主体_184656,store_ref_624828,J市,J市嘉木商超门店,,job_ref_517563,1,1,1,否,0,0,0,0
商超,3,2,J市嘉木商超门店,2026-05-22,enterprise_ref_184656,合成运营主体_184656,store_ref_624828,J市,J市嘉木商超门店,,job_ref_778489,1,1,1,否,0,0,0,0
商超,3,2,J市嘉木商超门店,2026-05-22,enterprise_ref_184656,合成运营主体_184656,store_ref_624828,J市,J市嘉木商超门店,,job_ref_517563,1,1,1,否,0,0,0,0
商超,3,2,J市嘉木商超门店,2026-05-22,enterprise_ref_184656,合成运营主体_184656,store_ref_624828,J市,J市嘉木商超门店,,job_ref_860072,1,1,1,否,0,0,0,0
商超,3,2,J市嘉木商超门店,2026-05-22,enterprise_ref_184656,合成运营主体_184656,store_ref_624828,J市,J市嘉木商超门店,,job_ref_391389,1,1,1,否,0,0,0,0
商超,3,2,J市嘉木商超门店,2026-05-22,enterprise_ref_184656,合成运营主体_184656,store_ref_624828,J市,J市嘉木商超门店,,job_ref_860072,1,1,1,否,0,0,0,0
商超,3,2,J市嘉木商超门店,2026-05-22,enterprise_ref_184656,合成运营主体_184656,store_ref_624828,J市,J市嘉木商超门店,,job_ref_043543,1,1,1,否,0,0,0,0
商超,3,2,J市嘉木商超门店,2026-05-22,enterprise_ref_184656,合成运营主体_184656,store_ref_624828,J市,J市嘉木商超门店,,job_ref_391389,0,1,1,否,0,0,0,0
商超,3,2,J市嘉木商超门店,2026-05-22,enterprise_ref_184656,合成运营主体_184656,store_ref_624828,J市,J市嘉木商超门店,,job_ref_399817,1,1,1,否,0,0,0,0
商超,3,2,J市嘉木商超门店,2026-05-22,enterprise_ref_184656,合成运营主体_184656,store_ref_624828,J市,J市嘉木商超门店,,job_ref_278560,2,2,2,否,0,0,0,0
商超,3,2,J市嘉木商超门店,2026-05-22,enterprise_ref_184656,合成运营主体_184656,store_ref_624828,J市,J市嘉木商超门店,,job_ref_227104,1,1,1,否,0,0,0,0
商超,3,2,J市嘉木商超门店,2026-05-22,enterprise_ref_184656,合成运营主体_184656,store_ref_624828,J市,J市嘉木商超门店,,job_ref_625337,1,1,1,否,0,0,0,0
商超,3,2,J市嘉木商超门店,2026-05-22,enterprise_ref_184656,合成运营主体_184656,store_ref_624828,J市,J市嘉木商超门店,,job_ref_495695,1,1,1,否,0,0,0,0
商超,3,2,J市嘉木商超门店,2026-05-22,enterprise_ref_184656,合成运营主体_184656,store_ref_624828,J市,J市嘉木商超门店,,job_ref_079263,1,1,1,否,0,0,0,0
商超,3,2,J市嘉木商超门店,2026-05-22,enterprise_ref_184656,合成运营主体_184656,store_ref_624828,J市,J市嘉木商超门店,,job_ref_379949,1,1,1,否,0,0,0,0
商超,3,2,J市嘉木商超门店,2026-05-22,enterprise_ref_184656,合成运营主体_184656,store_ref_624828,J市,J市嘉木商超门店,,job_ref_391389,1,1,1,否,0,0,0,0
商超,3,2,J市嘉木商超门店,2026-05-23,enterprise_ref_184656,合成运营主体_184656,store_ref_624828,J市,J市嘉木商超门店,,job_ref_399817,1,1,1,否,0,0,0,0
商超,3,2,J市嘉木商超门店,2026-05-23,enterprise_ref_184656,合成运营主体_184656,store_ref_624828,J市,J市嘉木商超门店,,job_ref_860072,1,1,1,否,0,0,0,0
商超,3,2,J市嘉木商超门店,2026-05-23,enterprise_ref_184656,合成运营主体_184656,store_ref_624828,J市,J市嘉木商超门店,,job_ref_043543,1,1,1,否,0,0,0,0
商超,3,2,J市嘉木商超门店,2026-05-23,enterprise_ref_184656,合成运营主体_184656,store_ref_624828,J市,J市嘉木商超门店,,job_ref_278560,1,1,1,否,0,0,0,0
商超,3,2,J市嘉木商超门店,2026-05-23,enterprise_ref_184656,合成运营主体_184656,store_ref_624828,J市,J市嘉木商超门店,,job_ref_860072,1,1,1,否,0,0,0,0
商超,3,2,J市嘉木商超门店,2026-05-23,enterprise_ref_184656,合成运营主体_184656,store_ref_624828,J市,J市嘉木商超门店,,job_ref_227104,1,1,1,否,0,0,0,0
商超,3,2,J市嘉木商超门店,2026-05-23,enterprise_ref_184656,合成运营主体_184656,store_ref_624828,J市,J市嘉木商超门店,,job_ref_778489,1,1,1,否,0,0,0,0
商超,3,2,J市嘉木商超门店,2026-05-23,enterprise_ref_184656,合成运营主体_184656,store_ref_624828,J市,J市嘉木商超门店,,job_ref_379949,1,1,1,否,0,0,0,0
商超,3,2,J市嘉木商超门店,2026-05-23,enterprise_ref_184656,合成运营主体_184656,store_ref_624828,J市,J市嘉木商超门店,,job_ref_820894,1,1,1,否,0,0,0,0
商超,3,2,J市嘉木商超门店,2026-05-23,enterprise_ref_184656,合成运营主体_184656,store_ref_624828,J市,J市嘉木商超门店,,job_ref_391389,1,1,1,否,0,0,0,0
商超,3,2,J市嘉木商超门店,2026-05-23,enterprise_ref_184656,合成运营主体_184656,store_ref_624828,J市,J市嘉木商超门店,,job_ref_379949,1,1,1,否,0,0,0,0
商超,3,2,J市嘉木商超门店,2026-05-23,enterprise_ref_184656,合成运营主体_184656,store_ref_624828,J市,J市嘉木商超门店,,job_ref_399817,1,1,1,否,0,0,0,0
商超,3,2,J市嘉木商超门店,2026-05-23,enterprise_ref_184656,合成运营主体_184656,store_ref_624828,J市,J市嘉木商超门店,,job_ref_227104,1,1,1,否,0,0,0,0
商超,3,2,J市嘉木商超门店,2026-05-23,enterprise_ref_184656,合成运营主体_184656,store_ref_624828,J市,J市嘉木商超门店,,job_ref_399817,1,1,1,否,0,0,0,0
商超,3,2,J市嘉木商超门店,2026-05-23,enterprise_ref_184656,合成运营主体_184656,store_ref_624828,J市,J市嘉木商超门店,,job_ref_278560,1,1,1,否,0,0,0,0
商超,3,2,J市嘉木商超门店,2026-05-23,enterprise_ref_184656,合成运营主体_184656,store_ref_624828,J市,J市嘉木商超门店,,job_ref_391389,1,1,1,否,0,0,0,0
商超,3,2,J市嘉木商超门店,2026-05-23,enterprise_ref_184656,合成运营主体_184656,store_ref_624828,J市,J市嘉木商超门店,,job_ref_495695,1,1,1,否,0,0,0,0
商超,3,2,J市嘉木商超门店,2026-05-23,enterprise_ref_184656,合成运营主体_184656,store_ref_624828,J市,J市嘉木商超门店,,job_ref_227104,1,1,1,否,0,0,0,0
商超,3,2,J市嘉木商超门店,2026-05-23,enterprise_ref_184656,合成运营主体_184656,store_ref_624828,J市,J市嘉木商超门店,,job_ref_227104,1,1,1,否,0,0,0,0
商超,3,2,J市嘉木商超门店,2026-05-23,enterprise_ref_184656,合成运营主体_184656,store_ref_624828,J市,J市嘉木商超门店,,job_ref_860072,0,1,1,否,0,0,0,0
商超,3,2,J市嘉木商超门店,2026-05-23,enterprise_ref_184656,合成运营主体_184656,store_ref_624828,J市,J市嘉木商超门店,,job_ref_860072,1,1,1,否,0,0,0,0
商超,3,2,J市嘉木商超门店,2026-05-23,enterprise_ref_184656,合成运营主体_184656,store_ref_624828,J市,J市嘉木商超门店,,job_ref_391389,1,1,1,否,0,0,0,0
商超,3,2,J市嘉木商超门店,2026-05-23,enterprise_ref_184656,合成运营主体_184656,store_ref_624828,J市,J市嘉木商超门店,,job_ref_517563,0,1,1,否,0,0,0,0
商超,3,2,J市嘉木商超门店,2026-05-23,enterprise_ref_184656,合成运营主体_184656,store_ref_624828,J市,J市嘉木商超门店,,job_ref_227104,1,1,1,否,0,0,0,0
商超,3,2,J市嘉木商超门店,2026-05-23,enterprise_ref_184656,合成运营主体_184656,store_ref_624828,J市,J市嘉木商超门店,,job_ref_043543,1,1,1,否,0,0,0,0
商超,3,2,J市嘉木商超门店,2026-05-23,enterprise_ref_184656,合成运营主体_184656,store_ref_624828,J市,J市嘉木商超门店,,job_ref_778489,1,1,1,否,0,0,0,0
商超,3,2,J市嘉木商超门店,2026-05-23,enterprise_ref_184656,合成运营主体_184656,store_ref_624828,J市,J市嘉木商超门店,,job_ref_391389,1,1,1,否,0,0,0,0
商超,3,2,J市嘉木商超门店,2026-05-23,enterprise_ref_184656,合成运营主体_184656,store_ref_624828,J市,J市嘉木商超门店,,job_ref_270146,1,1,1,否,0,0,0,0
商超,3,2,J市嘉木商超门店,2026-05-23,enterprise_ref_184656,合成运营主体_184656,store_ref_624828,J市,J市嘉木商超门店,,job_ref_517563,1,1,1,否,0,0,0,0
商超,3,2,J市嘉木商超门店,2026-05-23,enterprise_ref_184656,合成运营主体_184656,store_ref_624828,J市,J市嘉木商超门店,,job_ref_399817,1,1,1,否,0,0,0,0
商超,3,2,J市嘉木商超门店,2026-05-23,enterprise_ref_184656,合成运营主体_184656,store_ref_624828,J市,J市嘉木商超门店,,job_ref_517563,1,1,1,否,0,0,0,0
商超,3,2,J市嘉木商超门店,2026-05-23,enterprise_ref_184656,合成运营主体_184656,store_ref_624828,J市,J市嘉木商超门店,,job_ref_391389,1,1,1,否,0,0,0,0
商超,3,2,J市嘉木商超门店,2026-05-23,enterprise_ref_184656,合成运营主体_184656,store_ref_624828,J市,J市嘉木商超门店,,job_ref_391389,1,1,1,否,0,0,0,0
商超,3,2,J市嘉木商超门店,2026-05-23,enterprise_ref_184656,合成运营主体_184656,store_ref_624828,J市,J市嘉木商超门店,,job_ref_778489,1,1,1,否,0,0,0,0
商超,3,2,J市嘉木商超门店,2026-05-23,enterprise_ref_184656,合成运营主体_184656,store_ref_624828,J市,J市嘉木商超门店,,job_ref_391389,1,1,1,否,0,0,0,0
商超,3,2,J市嘉木商超门店,2026-05-23,enterprise_ref_184656,合成运营主体_184656,store_ref_624828,J市,J市嘉木商超门店,,job_ref_625337,4,4,4,否,0,0,0,0
商超,3,2,J市嘉木商超门店,2026-05-23,enterprise_ref_184656,合成运营主体_184656,store_ref_624828,J市,J市嘉木商超门店,,job_ref_043543,1,1,1,否,0,0,0,0
商超,3,2,J市嘉木商超门店,2026-05-23,enterprise_ref_184656,合成运营主体_184656,store_ref_624828,J市,J市嘉木商超门店,,job_ref_391389,1,1,1,否,0,0,0,0
商超,3,2,J市嘉木商超门店,2026-05-23,enterprise_ref_184656,合成运营主体_184656,store_ref_624828,J市,J市嘉木商超门店,,job_ref_860072,1,1,1,否,0,0,0,0
商超,3,2,J市嘉木商超门店,2026-05-23,enterprise_ref_184656,合成运营主体_184656,store_ref_624828,J市,J市嘉木商超门店,,job_ref_860072,1,1,1,否,0,0,0,0
商超,3,2,J市嘉木商超门店,2026-05-23,enterprise_ref_184656,合成运营主体_184656,store_ref_624828,J市,J市嘉木商超门店,,job_ref_517563,0,1,1,否,0,0,0,0
商超,3,2,J市嘉木商超门店,2026-05-23,enterprise_ref_184656,合成运营主体_184656,store_ref_624828,J市,J市嘉木商超门店,,job_ref_278560,2,2,2,否,0,0,0,0
商超,3,2,J市嘉木商超门店,2026-05-23,enterprise_ref_184656,合成运营主体_184656,store_ref_624828,J市,J市嘉木商超门店,,job_ref_860072,1,1,1,否,0,0,0,0
商超,3,2,J市嘉木商超门店,2026-05-23,enterprise_ref_184656,合成运营主体_184656,store_ref_624828,J市,J市嘉木商超门店,,job_ref_043543,1,1,1,否,0,0,0,0
商超,3,2,J市嘉木商超门店,2026-05-23,enterprise_ref_184656,合成运营主体_184656,store_ref_624828,J市,J市嘉木商超门店,,job_ref_709051,1,1,1,否,0,0,0,0
商超,3,2,J市嘉木商超门店,2026-05-23,enterprise_ref_184656,合成运营主体_184656,store_ref_624828,J市,J市嘉木商超门店,,job_ref_860072,1,1,1,否,0,0,0,0
商超,3,2,J市嘉木商超门店,2026-05-23,enterprise_ref_184656,合成运营主体_184656,store_ref_624828,J市,J市嘉木商超门店,,job_ref_517563,1,1,1,否,0,0,0,0
商超,3,2,J市嘉木商超门店,2026-05-23,enterprise_ref_184656,合成运营主体_184656,store_ref_624828,J市,J市嘉木商超门店,,job_ref_860072,1,1,1,否,0,0,0,0
商超,3,2,J市嘉木商超门店,2026-05-23,enterprise_ref_184656,合成运营主体_184656,store_ref_624828,J市,J市嘉木商超门店,,job_ref_391389,1,1,1,否,0,0,0,0
商超,3,2,J市嘉木商超门店,2026-05-23,enterprise_ref_184656,合成运营主体_184656,store_ref_624828,J市,J市嘉木商超门店,,job_ref_278560,1,2,2,否,0,0,0,0
商超,3,2,J市嘉木商超门店,2026-05-23,enterprise_ref_184656,合成运营主体_184656,store_ref_624828,J市,J市嘉木商超门店,,job_ref_625337,1,1,1,否,0,0,0,0
商超,3,2,J市嘉木商超门店,2026-05-23,enterprise_ref_184656,合成运营主体_184656,store_ref_624828,J市,J市嘉木商超门店,,job_ref_278560,1,1,1,否,0,0,0,0
商超,3,2,J市嘉木商超门店,2026-05-23,enterprise_ref_184656,合成运营主体_184656,store_ref_624828,J市,J市嘉木商超门店,,job_ref_079263,1,1,1,否,0,0,0,0
商超,3,2,J市嘉木商超门店,2026-05-23,enterprise_ref_184656,合成运营主体_184656,store_ref_624828,J市,J市嘉木商超门店,,job_ref_227104,1,1,1,否,0,0,0,0
商超,3,2,J市嘉木商超门店,2026-05-23,enterprise_ref_184656,合成运营主体_184656,store_ref_624828,J市,J市嘉木商超门店,,job_ref_860072,1,1,1,否,0,0,0,0
商超,3,2,J市嘉木商超门店,2026-05-23,enterprise_ref_184656,合成运营主体_184656,store_ref_624828,J市,J市嘉木商超门店,,job_ref_517563,1,1,1,否,0,0,0,0
商超,3,2,J市嘉木商超门店,2026-05-23,enterprise_ref_184656,合成运营主体_184656,store_ref_624828,J市,J市嘉木商超门店,,job_ref_391389,0,1,1,否,0,0,0,0
商超,3,2,J市嘉木商超门店,2026-05-23,enterprise_ref_184656,合成运营主体_184656,store_ref_624828,J市,J市嘉木商超门店,,job_ref_227104,1,1,1,否,0,0,0,0
商超,3,2,J市嘉木商超门店,2026-05-23,enterprise_ref_184656,合成运营主体_184656,store_ref_624828,J市,J市嘉木商超门店,,job_ref_625337,1,1,1,否,0,0,0,0
商超,3,2,J市嘉木商超门店,2026-05-23,enterprise_ref_184656,合成运营主体_184656,store_ref_624828,J市,J市嘉木商超门店,,job_ref_495695,1,1,1,否,0,0,0,0
商超,3,2,J市嘉木商超门店,2026-05-23,enterprise_ref_184656,合成运营主体_184656,store_ref_624828,J市,J市嘉木商超门店,,job_ref_860072,0,1,1,否,0,0,0,0
商超,3,2,J市嘉木商超门店,2026-05-24,enterprise_ref_184656,合成运营主体_184656,store_ref_624828,J市,J市嘉木商超门店,,job_ref_043543,1,1,1,否,0,0,0,0
商超,3,2,J市嘉木商超门店,2026-05-24,enterprise_ref_184656,合成运营主体_184656,store_ref_624828,J市,J市嘉木商超门店,,job_ref_399817,1,1,1,否,0,0,0,0
商超,3,2,J市嘉木商超门店,2026-05-24,enterprise_ref_184656,合成运营主体_184656,store_ref_624828,J市,J市嘉木商超门店,,job_ref_278560,1,1,1,否,0,0,0,0
商超,3,2,J市嘉木商超门店,2026-05-24,enterprise_ref_184656,合成运营主体_184656,store_ref_624828,J市,J市嘉木商超门店,,job_ref_860072,0,1,1,否,0,0,0,0
商超,3,2,J市嘉木商超门店,2026-05-24,enterprise_ref_184656,合成运营主体_184656,store_ref_624828,J市,J市嘉木商超门店,,job_ref_278560,1,1,1,否,0,0,0,0
商超,3,2,J市嘉木商超门店,2026-05-24,enterprise_ref_184656,合成运营主体_184656,store_ref_624828,J市,J市嘉木商超门店,,job_ref_778489,1,1,1,否,0,0,0,0
商超,3,2,J市嘉木商超门店,2026-05-24,enterprise_ref_184656,合成运营主体_184656,store_ref_624828,J市,J市嘉木商超门店,,job_ref_860072,1,1,1,否,0,0,0,0
商超,3,2,J市嘉木商超门店,2026-05-24,enterprise_ref_184656,合成运营主体_184656,store_ref_624828,J市,J市嘉木商超门店,,job_ref_625337,4,4,4,否,0,0,0,0
商超,3,2,J市嘉木商超门店,2026-05-24,enterprise_ref_184656,合成运营主体_184656,store_ref_624828,J市,J市嘉木商超门店,,job_ref_391389,1,1,1,否,0,0,0,0
商超,3,2,J市嘉木商超门店,2026-05-24,enterprise_ref_184656,合成运营主体_184656,store_ref_624828,J市,J市嘉木商超门店,,job_ref_227104,1,1,1,否,0,0,0,0
商超,3,2,J市嘉木商超门店,2026-05-24,enterprise_ref_184656,合成运营主体_184656,store_ref_624828,J市,J市嘉木商超门店,,job_ref_778489,1,1,1,否,0,0,0,0
商超,3,2,J市嘉木商超门店,2026-05-24,enterprise_ref_184656,合成运营主体_184656,store_ref_624828,J市,J市嘉木商超门店,,job_ref_625337,1,1,1,否,0,0,0,0
商超,3,2,J市嘉木商超门店,2026-05-24,enterprise_ref_184656,合成运营主体_184656,store_ref_624828,J市,J市嘉木商超门店,,job_ref_043543,1,1,1,否,0,0,0,0
商超,3,2,J市嘉木商超门店,2026-05-24,enterprise_ref_184656,合成运营主体_184656,store_ref_624828,J市,J市嘉木商超门店,,job_ref_391389,1,1,1,否,0,0,0,0
商超,3,2,J市嘉木商超门店,2026-05-24,enterprise_ref_184656,合成运营主体_184656,store_ref_624828,J市,J市嘉木商超门店,,job_ref_517563,1,1,1,否,0,0,0,0
商超,3,2,J市嘉木商超门店,2026-05-24,enterprise_ref_184656,合成运营主体_184656,store_ref_624828,J市,J市嘉木商超门店,,job_ref_399817,1,1,1,否,0,0,0,0
商超,3,2,J市嘉木商超门店,2026-05-24,enterprise_ref_184656,合成运营主体_184656,store_ref_624828,J市,J市嘉木商超门店,,job_ref_391389,1,1,1,否,0,0,0,0
商超,3,2,J市嘉木商超门店,2026-05-24,enterprise_ref_184656,合成运营主体_184656,store_ref_624828,J市,J市嘉木商超门店,,job_ref_778489,1,1,1,否,0,0,0,0
商超,3,2,J市嘉木商超门店,2026-05-24,enterprise_ref_184656,合成运营主体_184656,store_ref_624828,J市,J市嘉木商超门店,,job_ref_391389,1,1,1,否,0,0,0,0
商超,3,2,J市嘉木商超门店,2026-05-24,enterprise_ref_184656,合成运营主体_184656,store_ref_624828,J市,J市嘉木商超门店,,job_ref_278560,1,1,1,否,0,0,0,0
商超,3,2,J市嘉木商超门店,2026-05-24,enterprise_ref_184656,合成运营主体_184656,store_ref_624828,J市,J市嘉木商超门店,,job_ref_278560,0,1,1,否,0,0,0,0
商超,3,2,J市嘉木商超门店,2026-05-24,enterprise_ref_184656,合成运营主体_184656,store_ref_624828,J市,J市嘉木商超门店,,job_ref_379949,1,1,1,否,0,0,0,0
商超,3,2,J市嘉木商超门店,2026-05-24,enterprise_ref_184656,合成运营主体_184656,store_ref_624828,J市,J市嘉木商超门店,,job_ref_709051,1,1,1,否,0,0,0,0
商超,3,2,J市嘉木商超门店,2026-05-24,enterprise_ref_184656,合成运营主体_184656,store_ref_624828,J市,J市嘉木商超门店,,job_ref_860072,1,1,1,否,0,0,0,0
商超,3,2,J市嘉木商超门店,2026-05-24,enterprise_ref_184656,合成运营主体_184656,store_ref_624828,J市,J市嘉木商超门店,,job_ref_227104,1,1,1,否,0,0,0,0
商超,3,2,J市嘉木商超门店,2026-05-24,enterprise_ref_184656,合成运营主体_184656,store_ref_624828,J市,J市嘉木商超门店,,job_ref_860072,1,1,1,否,0,0,0,0
商超,3,2,J市嘉木商超门店,2026-05-24,enterprise_ref_184656,合成运营主体_184656,store_ref_624828,J市,J市嘉木商超门店,,job_ref_227104,1,1,1,否,0,0,0,0
商超,3,2,J市嘉木商超门店,2026-05-24,enterprise_ref_184656,合成运营主体_184656,store_ref_624828,J市,J市嘉木商超门店,,job_ref_278560,2,2,2,否,0,0,0,0
商超,3,2,J市嘉木商超门店,2026-05-24,enterprise_ref_184656,合成运营主体_184656,store_ref_624828,J市,J市嘉木商超门店,,job_ref_860072,1,1,1,否,0,0,0,0
商超,3,2,J市嘉木商超门店,2026-05-24,enterprise_ref_184656,合成运营主体_184656,store_ref_624828,J市,J市嘉木商超门店,,job_ref_860072,1,1,1,否,0,0,0,0
商超,3,2,J市嘉木商超门店,2026-05-24,enterprise_ref_184656,合成运营主体_184656,store_ref_624828,J市,J市嘉木商超门店,,job_ref_391389,1,1,1,否,0,0,0,0
商超,3,2,J市嘉木商超门店,2026-05-24,enterprise_ref_184656,合成运营主体_184656,store_ref_624828,J市,J市嘉木商超门店,,job_ref_227104,1,1,1,否,0,0,0,0
商超,3,2,J市嘉木商超门店,2026-05-24,enterprise_ref_184656,合成运营主体_184656,store_ref_624828,J市,J市嘉木商超门店,,job_ref_391389,1,1,1,否,0,0,0,0
商超,3,2,J市嘉木商超门店,2026-05-24,enterprise_ref_184656,合成运营主体_184656,store_ref_624828,J市,J市嘉木商超门店,,job_ref_513885,1,1,1,否,0,0,0,0
商超,3,2,J市嘉木商超门店,2026-05-24,enterprise_ref_184656,合成运营主体_184656,store_ref_624828,J市,J市嘉木商超门店,,job_ref_495695,1,1,1,否,0,0,0,0
商超,3,2,J市嘉木商超门店,2026-05-24,enterprise_ref_184656,合成运营主体_184656,store_ref_624828,J市,J市嘉木商超门店,,job_ref_227104,0,1,1,否,0,0,0,0
商超,3,2,J市嘉木商超门店,2026-05-24,enterprise_ref_184656,合成运营主体_184656,store_ref_624828,J市,J市嘉木商超门店,,job_ref_860072,1,1,1,否,0,0,0,0
商超,3,2,J市嘉木商超门店,2026-05-24,enterprise_ref_184656,合成运营主体_184656,store_ref_624828,J市,J市嘉木商超门店,,job_ref_778489,1,1,1,否,0,0,0,0
商超,3,2,J市嘉木商超门店,2026-05-24,enterprise_ref_184656,合成运营主体_184656,store_ref_624828,J市,J市嘉木商超门店,,job_ref_227104,1,1,1,否,0,0,0,0
商超,3,2,J市嘉木商超门店,2026-05-24,enterprise_ref_184656,合成运营主体_184656,store_ref_624828,J市,J市嘉木商超门店,,job_ref_860072,1,1,1,否,0,0,0,0
商超,3,2,J市嘉木商超门店,2026-05-24,enterprise_ref_184656,合成运营主体_184656,store_ref_624828,J市,J市嘉木商超门店,,job_ref_517563,0,1,1,否,0,0,0,0
商超,3,2,J市嘉木商超门店,2026-05-24,enterprise_ref_184656,合成运营主体_184656,store_ref_624828,J市,J市嘉木商超门店,,job_ref_227104,1,1,1,否,0,0,0,0
商超,3,2,J市嘉木商超门店,2026-05-24,enterprise_ref_184656,合成运营主体_184656,store_ref_624828,J市,J市嘉木商超门店,,job_ref_043543,1,1,1,否,0,0,0,0
商超,3,2,J市嘉木商超门店,2026-05-24,enterprise_ref_184656,合成运营主体_184656,store_ref_624828,J市,J市嘉木商超门店,,job_ref_391389,1,1,1,否,0,0,0,0
商超,3,2,J市嘉木商超门店,2026-05-24,enterprise_ref_184656,合成运营主体_184656,store_ref_624828,J市,J市嘉木商超门店,,job_ref_517563,0,1,1,否,0,0,0,0
商超,3,2,J市嘉木商超门店,2026-05-24,enterprise_ref_184656,合成运营主体_184656,store_ref_624828,J市,J市嘉木商超门店,,job_ref_043543,1,1,1,否,0,0,0,0
商超,3,2,J市嘉木商超门店,2026-05-24,enterprise_ref_184656,合成运营主体_184656,store_ref_624828,J市,J市嘉木商超门店,,job_ref_517563,1,1,1,否,0,0,0,0
商超,3,2,J市嘉木商超门店,2026-05-24,enterprise_ref_184656,合成运营主体_184656,store_ref_624828,J市,J市嘉木商超门店,,job_ref_227104,1,1,1,否,0,0,0,0
商超,3,2,J市嘉木商超门店,2026-05-24,enterprise_ref_184656,合成运营主体_184656,store_ref_624828,J市,J市嘉木商超门店,,job_ref_860072,1,1,1,否,0,0,0,0
商超,3,2,J市嘉木商超门店,2026-05-24,enterprise_ref_184656,合成运营主体_184656,store_ref_624828,J市,J市嘉木商超门店,,job_ref_517563,1,1,1,否,0,0,0,0
商超,3,2,J市嘉木商超门店,2026-05-24,enterprise_ref_184656,合成运营主体_184656,store_ref_624828,J市,J市嘉木商超门店,,job_ref_399817,1,1,1,否,0,0,0,0
商超,3,2,J市嘉木商超门店,2026-05-24,enterprise_ref_184656,合成运营主体_184656,store_ref_624828,J市,J市嘉木商超门店,,job_ref_391389,1,1,1,否,0,0,0,0
商超,3,2,J市嘉木商超门店,2026-05-24,enterprise_ref_184656,合成运营主体_184656,store_ref_624828,J市,J市嘉木商超门店,,job_ref_860072,1,1,1,否,0,0,0,0
商超,3,2,J市嘉木商超门店,2026-05-24,enterprise_ref_184656,合成运营主体_184656,store_ref_624828,J市,J市嘉木商超门店,,job_ref_860072,0,1,1,否,0,0,0,0
商超,3,2,J市嘉木商超门店,2026-05-24,enterprise_ref_184656,合成运营主体_184656,store_ref_624828,J市,J市嘉木商超门店,,job_ref_625337,1,1,1,否,0,0,0,0
商超,3,2,J市嘉木商超门店,2026-05-24,enterprise_ref_184656,合成运营主体_184656,store_ref_624828,J市,J市嘉木商超门店,,job_ref_517563,1,1,1,否,0,0,0,0
商超,3,2,J市嘉木商超门店,2026-05-24,enterprise_ref_184656,合成运营主体_184656,store_ref_624828,J市,J市嘉木商超门店,,job_ref_495695,1,1,1,否,0,0,0,0
商超,3,2,J市嘉木商超门店,2026-05-24,enterprise_ref_184656,合成运营主体_184656,store_ref_624828,J市,J市嘉木商超门店,,job_ref_278560,0,2,2,否,0,0,0,0
商超,3,2,J市嘉木商超门店,2026-05-24,enterprise_ref_184656,合成运营主体_184656,store_ref_624828,J市,J市嘉木商超门店,,job_ref_270146,1,1,1,否,0,0,0,0
商超,3,2,J市嘉木商超门店,2026-05-25,enterprise_ref_184656,合成运营主体_184656,store_ref_624828,J市,J市嘉木商超门店,,job_ref_860072,1,1,1,否,0,0,0,0
商超,3,2,J市嘉木商超门店,2026-05-25,enterprise_ref_184656,合成运营主体_184656,store_ref_624828,J市,J市嘉木商超门店,,job_ref_379949,1,1,1,否,0,0,0,0
商超,3,2,J市嘉木商超门店,2026-05-25,enterprise_ref_184656,合成运营主体_184656,store_ref_624828,J市,J市嘉木商超门店,,job_ref_278560,3,3,3,否,0,0,0,0
商超,3,2,J市嘉木商超门店,2026-05-25,enterprise_ref_184656,合成运营主体_184656,store_ref_624828,J市,J市嘉木商超门店,,job_ref_227104,1,1,1,否,0,0,0,0
商超,3,2,J市嘉木商超门店,2026-05-25,enterprise_ref_184656,合成运营主体_184656,store_ref_624828,J市,J市嘉木商超门店,,job_ref_391389,1,1,1,否,0,0,0,0
商超,3,2,J市嘉木商超门店,2026-05-25,enterprise_ref_184656,合成运营主体_184656,store_ref_624828,J市,J市嘉木商超门店,,job_ref_391389,1,1,1,否,0,0,0,0
商超,3,2,J市嘉木商超门店,2026-05-25,enterprise_ref_184656,合成运营主体_184656,store_ref_624828,J市,J市嘉木商超门店,,job_ref_278560,1,1,1,否,0,0,0,0
商超,3,2,J市嘉木商超门店,2026-05-25,enterprise_ref_184656,合成运营主体_184656,store_ref_624828,J市,J市嘉木商超门店,,job_ref_860072,1,1,1,否,0,0,0,0
商超,3,2,J市嘉木商超门店,2026-05-25,enterprise_ref_184656,合成运营主体_184656,store_ref_624828,J市,J市嘉木商超门店,,job_ref_860072,1,1,1,否,0,0,0,0
商超,3,2,J市嘉木商超门店,2026-05-25,enterprise_ref_184656,合成运营主体_184656,store_ref_624828,J市,J市嘉木商超门店,,job_ref_227104,1,1,1,否,0,0,0,0
商超,3,2,J市嘉木商超门店,2026-05-25,enterprise_ref_184656,合成运营主体_184656,store_ref_624828,J市,J市嘉木商超门店,,job_ref_625337,1,1,1,否,0,0,0,0
商超,3,2,J市嘉木商超门店,2026-05-25,enterprise_ref_184656,合成运营主体_184656,store_ref_624828,J市,J市嘉木商超门店,,job_ref_860072,1,1,1,否,0,0,0,0
商超,3,2,J市嘉木商超门店,2026-05-25,enterprise_ref_184656,合成运营主体_184656,store_ref_624828,J市,J市嘉木商超门店,,job_ref_227104,1,1,1,否,0,0,0,0
商超,3,2,J市嘉木商超门店,2026-05-25,enterprise_ref_184656,合成运营主体_184656,store_ref_624828,J市,J市嘉木商超门店,,job_ref_625337,1,1,1,否,0,0,0,0
商超,3,2,J市嘉木商超门店,2026-05-25,enterprise_ref_184656,合成运营主体_184656,store_ref_624828,J市,J市嘉木商超门店,,job_ref_227104,1,1,1,否,0,0,0,0
商超,3,2,J市嘉木商超门店,2026-05-25,enterprise_ref_184656,合成运营主体_184656,store_ref_624828,J市,J市嘉木商超门店,,job_ref_517563,1,1,1,否,0,0,0,0
商超,3,2,J市嘉木商超门店,2026-05-25,enterprise_ref_184656,合成运营主体_184656,store_ref_624828,J市,J市嘉木商超门店,,job_ref_043543,1,1,1,否,0,0,0,0
商超,3,2,J市嘉木商超门店,2026-05-25,enterprise_ref_184656,合成运营主体_184656,store_ref_624828,J市,J市嘉木商超门店,,job_ref_513885,1,1,1,否,0,0,0,0
商超,3,2,J市嘉木商超门店,2026-05-25,enterprise_ref_184656,合成运营主体_184656,store_ref_624828,J市,J市嘉木商超门店,,job_ref_513885,1,1,1,否,0,0,0,0
商超,3,2,J市嘉木商超门店,2026-05-25,enterprise_ref_184656,合成运营主体_184656,store_ref_624828,J市,J市嘉木商超门店,,job_ref_820894,1,1,1,否,0,0,0,0
商超,3,2,J市嘉木商超门店,2026-05-25,enterprise_ref_184656,合成运营主体_184656,store_ref_624828,J市,J市嘉木商超门店,,job_ref_278560,1,1,1,否,0,0,0,0
商超,3,2,J市嘉木商超门店,2026-05-25,enterprise_ref_184656,合成运营主体_184656,store_ref_624828,J市,J市嘉木商超门店,,job_ref_399817,1,1,1,否,0,0,0,0
商超,3,2,J市嘉木商超门店,2026-05-25,enterprise_ref_184656,合成运营主体_184656,store_ref_624828,J市,J市嘉木商超门店,,job_ref_391389,1,1,1,否,0,0,0,0
商超,3,2,J市嘉木商超门店,2026-05-25,enterprise_ref_184656,合成运营主体_184656,store_ref_624828,J市,J市嘉木商超门店,,job_ref_399817,1,1,1,否,0,0,0,0
商超,3,2,J市嘉木商超门店,2026-05-25,enterprise_ref_184656,合成运营主体_184656,store_ref_624828,J市,J市嘉木商超门店,,job_ref_391389,1,1,1,否,0,0,0,0
商超,3,2,J市嘉木商超门店,2026-05-25,enterprise_ref_184656,合成运营主体_184656,store_ref_624828,J市,J市嘉木商超门店,,job_ref_399817,1,1,1,否,0,0,0,0
商超,3,2,J市嘉木商超门店,2026-05-25,enterprise_ref_184656,合成运营主体_184656,store_ref_624828,J市,J市嘉木商超门店,,job_ref_709051,1,1,1,否,0,0,0,0
商超,3,2,J市嘉木商超门店,2026-05-25,enterprise_ref_184656,合成运营主体_184656,store_ref_624828,J市,J市嘉木商超门店,,job_ref_860072,1,1,1,否,0,0,0,0
商超,3,2,J市嘉木商超门店,2026-05-25,enterprise_ref_184656,合成运营主体_184656,store_ref_624828,J市,J市嘉木商超门店,,job_ref_227104,1,1,1,否,0,0,0,0
商超,3,2,J市嘉木商超门店,2026-05-25,enterprise_ref_184656,合成运营主体_184656,store_ref_624828,J市,J市嘉木商超门店,,job_ref_625337,1,1,1,否,0,0,0,0
商超,3,2,J市嘉木商超门店,2026-05-25,enterprise_ref_184656,合成运营主体_184656,store_ref_624828,J市,J市嘉木商超门店,,job_ref_778489,1,1,1,否,0,0,0,0
商超,3,2,J市嘉木商超门店,2026-05-25,enterprise_ref_184656,合成运营主体_184656,store_ref_624828,J市,J市嘉木商超门店,,job_ref_778489,1,1,1,否,0,0,0,0
商超,3,2,J市嘉木商超门店,2026-05-25,enterprise_ref_184656,合成运营主体_184656,store_ref_624828,J市,J市嘉木商超门店,,job_ref_227104,1,1,1,否,0,0,0,0
商超,3,2,J市嘉木商超门店,2026-05-25,enterprise_ref_184656,合成运营主体_184656,store_ref_624828,J市,J市嘉木商超门店,,job_ref_391389,1,1,1,否,0,0,0,0
商超,3,2,J市嘉木商超门店,2026-05-25,enterprise_ref_184656,合成运营主体_184656,store_ref_624828,J市,J市嘉木商超门店,,job_ref_363393,1,1,1,否,0,0,0,0
商超,3,2,J市嘉木商超门店,2026-05-25,enterprise_ref_184656,合成运营主体_184656,store_ref_624828,J市,J市嘉木商超门店,,job_ref_043543,1,1,1,否,0,0,0,0
商超,3,2,J市嘉木商超门店,2026-05-25,enterprise_ref_184656,合成运营主体_184656,store_ref_624828,J市,J市嘉木商超门店,,job_ref_227104,1,1,1,否,0,0,0,0
商超,3,2,J市嘉木商超门店,2026-05-25,enterprise_ref_184656,合成运营主体_184656,store_ref_624828,J市,J市嘉木商超门店,,job_ref_517563,2,2,2,否,0,0,0,0
商超,3,2,J市嘉木商超门店,2026-05-25,enterprise_ref_184656,合成运营主体_184656,store_ref_624828,J市,J市嘉木商超门店,,job_ref_860072,1,1,1,否,0,0,0,0
商超,3,2,J市嘉木商超门店,2026-05-25,enterprise_ref_184656,合成运营主体_184656,store_ref_624828,J市,J市嘉木商超门店,,job_ref_278560,0,1,1,否,0,0,0,0
商超,3,2,J市嘉木商超门店,2026-05-25,enterprise_ref_184656,合成运营主体_184656,store_ref_624828,J市,J市嘉木商超门店,,job_ref_043543,1,1,1,否,0,0,0,0
商超,3,2,J市嘉木商超门店,2026-05-25,enterprise_ref_184656,合成运营主体_184656,store_ref_624828,J市,J市嘉木商超门店,,job_ref_391389,1,1,1,否,0,0,0,0
商超,3,2,J市嘉木商超门店,2026-05-25,enterprise_ref_184656,合成运营主体_184656,store_ref_624828,J市,J市嘉木商超门店,,job_ref_391389,1,1,1,否,0,0,0,0
商超,3,2,J市嘉木商超门店,2026-05-25,enterprise_ref_184656,合成运营主体_184656,store_ref_624828,J市,J市嘉木商超门店,,job_ref_391389,0,1,1,否,0,0,0,0
商超,3,2,J市嘉木商超门店,2026-05-25,enterprise_ref_184656,合成运营主体_184656,store_ref_624828,J市,J市嘉木商超门店,,job_ref_043543,1,1,1,否,0,0,0,0
商超,3,2,J市嘉木商超门店,2026-05-25,enterprise_ref_184656,合成运营主体_184656,store_ref_624828,J市,J市嘉木商超门店,,job_ref_391389,1,1,1,否,0,0,0,0
商超,3,2,J市嘉木商超门店,2026-05-25,enterprise_ref_184656,合成运营主体_184656,store_ref_624828,J市,J市嘉木商超门店,,job_ref_278560,2,2,2,否,0,0,0,0
商超,3,2,J市嘉木商超门店,2026-05-25,enterprise_ref_184656,合成运营主体_184656,store_ref_624828,J市,J市嘉木商超门店,,job_ref_860072,1,1,1,否,0,0,0,0
商超,3,2,J市嘉木商超门店,2026-05-25,enterprise_ref_184656,合成运营主体_184656,store_ref_624828,J市,J市嘉木商超门店,,job_ref_399817,1,1,1,否,0,0,0,0
商超,3,2,J市嘉木商超门店,2026-05-25,enterprise_ref_184656,合成运营主体_184656,store_ref_624828,J市,J市嘉木商超门店,,job_ref_391389,1,1,1,否,0,0,0,0
商超,3,2,J市嘉木商超门店,2026-05-25,enterprise_ref_184656,合成运营主体_184656,store_ref_624828,J市,J市嘉木商超门店,,job_ref_860072,1,1,1,否,0,0,0,0
商超,3,2,J市嘉木商超门店,2026-05-25,enterprise_ref_184656,合成运营主体_184656,store_ref_624828,J市,J市嘉木商超门店,,job_ref_625337,4,4,4,否,0,0,0,0
商超,3,2,J市嘉木商超门店,2026-05-25,enterprise_ref_184656,合成运营主体_184656,store_ref_624828,J市,J市嘉木商超门店,,job_ref_270146,1,1,1,否,0,0,0,0
商超,3,2,J市嘉木商超门店,2026-05-25,enterprise_ref_184656,合成运营主体_184656,store_ref_624828,J市,J市嘉木商超门店,,job_ref_079263,1,1,1,否,0,0,0,0
商超,3,2,J市嘉木商超门店,2026-05-26,enterprise_ref_184656,合成运营主体_184656,store_ref_624828,J市,J市嘉木商超门店,,job_ref_681297,1,1,1,否,0,0,0,0
商超,3,2,J市嘉木商超门店,2026-05-26,enterprise_ref_184656,合成运营主体_184656,store_ref_624828,J市,J市嘉木商超门店,,job_ref_278560,1,1,1,否,0,0,0,0
商超,3,2,J市嘉木商超门店,2026-05-26,enterprise_ref_184656,合成运营主体_184656,store_ref_624828,J市,J市嘉木商超门店,,job_ref_513885,1,1,1,否,0,0,0,0
商超,3,2,J市嘉木商超门店,2026-05-26,enterprise_ref_184656,合成运营主体_184656,store_ref_624828,J市,J市嘉木商超门店,,job_ref_391389,1,1,1,否,0,0,0,0
商超,3,2,J市嘉木商超门店,2026-05-26,enterprise_ref_184656,合成运营主体_184656,store_ref_624828,J市,J市嘉木商超门店,,job_ref_391389,0,1,1,否,0,0,0,0
商超,3,2,J市嘉木商超门店,2026-05-26,enterprise_ref_184656,合成运营主体_184656,store_ref_624828,J市,J市嘉木商超门店,,job_ref_860072,1,1,1,否,0,0,0,0
商超,3,2,J市嘉木商超门店,2026-05-26,enterprise_ref_184656,合成运营主体_184656,store_ref_624828,J市,J市嘉木商超门店,,job_ref_391389,1,1,1,否,0,0,0,0
商超,3,2,J市嘉木商超门店,2026-05-26,enterprise_ref_184656,合成运营主体_184656,store_ref_624828,J市,J市嘉木商超门店,,job_ref_391389,1,1,1,否,0,0,0,0
商超,3,2,J市嘉木商超门店,2026-05-26,enterprise_ref_184656,合成运营主体_184656,store_ref_624828,J市,J市嘉木商超门店,,job_ref_391389,0,1,1,否,0,0,0,0
商超,3,2,J市嘉木商超门店,2026-05-26,enterprise_ref_184656,合成运营主体_184656,store_ref_624828,J市,J市嘉木商超门店,,job_ref_625337,1,1,1,否,0,0,0,0
商超,3,2,J市嘉木商超门店,2026-05-26,enterprise_ref_184656,合成运营主体_184656,store_ref_624828,J市,J市嘉木商超门店,,job_ref_778489,1,1,1,否,0,0,0,0
商超,3,2,J市嘉木商超门店,2026-05-26,enterprise_ref_184656,合成运营主体_184656,store_ref_624828,J市,J市嘉木商超门店,,job_ref_278560,2,2,2,否,0,0,0,0
商超,3,2,J市嘉木商超门店,2026-05-26,enterprise_ref_184656,合成运营主体_184656,store_ref_624828,J市,J市嘉木商超门店,,job_ref_227104,1,1,1,否,0,0,0,0
商超,3,2,J市嘉木商超门店,2026-05-26,enterprise_ref_184656,合成运营主体_184656,store_ref_624828,J市,J市嘉木商超门店,,job_ref_778489,1,1,1,否,0,0,0,0
商超,3,2,J市嘉木商超门店,2026-05-26,enterprise_ref_184656,合成运营主体_184656,store_ref_624828,J市,J市嘉木商超门店,,job_ref_820894,1,1,1,否,0,0,0,0
商超,3,2,J市嘉木商超门店,2026-05-26,enterprise_ref_184656,合成运营主体_184656,store_ref_624828,J市,J市嘉木商超门店,,job_ref_363393,1,1,1,否,0,0,0,0
商超,3,2,J市嘉木商超门店,2026-05-26,enterprise_ref_184656,合成运营主体_184656,store_ref_624828,J市,J市嘉木商超门店,,job_ref_860072,1,1,1,否,0,0,0,0
商超,3,2,J市嘉木商超门店,2026-05-26,enterprise_ref_184656,合成运营主体_184656,store_ref_624828,J市,J市嘉木商超门店,,job_ref_860072,1,1,1,否,0,0,0,0
商超,3,2,J市嘉木商超门店,2026-05-26,enterprise_ref_184656,合成运营主体_184656,store_ref_624828,J市,J市嘉木商超门店,,job_ref_227104,1,1,1,否,0,0,0,0
商超,3,2,J市嘉木商超门店,2026-05-26,enterprise_ref_184656,合成运营主体_184656,store_ref_624828,J市,J市嘉木商超门店,,job_ref_517563,1,1,1,否,0,0,0,0
商超,3,2,J市嘉木商超门店,2026-05-26,enterprise_ref_184656,合成运营主体_184656,store_ref_624828,J市,J市嘉木商超门店,,job_ref_860072,1,1,1,否,0,0,0,0
商超,3,2,J市嘉木商超门店,2026-05-26,enterprise_ref_184656,合成运营主体_184656,store_ref_624828,J市,J市嘉木商超门店,,job_ref_860072,1,1,1,否,0,0,0,0
商超,3,2,J市嘉木商超门店,2026-05-26,enterprise_ref_184656,合成运营主体_184656,store_ref_624828,J市,J市嘉木商超门店,,job_ref_517563,1,1,1,否,0,0,0,0
商超,3,2,J市嘉木商超门店,2026-05-26,enterprise_ref_184656,合成运营主体_184656,store_ref_624828,J市,J市嘉木商超门店,,job_ref_860072,1,1,1,否,0,0,0,0
商超,3,2,J市嘉木商超门店,2026-05-26,enterprise_ref_184656,合成运营主体_184656,store_ref_624828,J市,J市嘉木商超门店,,job_ref_391389,1,1,1,否,0,0,0,0
商超,3,2,J市嘉木商超门店,2026-05-26,enterprise_ref_184656,合成运营主体_184656,store_ref_624828,J市,J市嘉木商超门店,,job_ref_227104,1,1,1,否,0,0,0,0
商超,3,2,J市嘉木商超门店,2026-05-26,enterprise_ref_184656,合成运营主体_184656,store_ref_624828,J市,J市嘉木商超门店,,job_ref_391389,1,1,1,否,0,0,0,0
商超,3,2,J市嘉木商超门店,2026-05-26,enterprise_ref_184656,合成运营主体_184656,store_ref_624828,J市,J市嘉木商超门店,,job_ref_399817,1,1,1,否,0,0,0,0
商超,3,2,J市嘉木商超门店,2026-05-26,enterprise_ref_184656,合成运营主体_184656,store_ref_624828,J市,J市嘉木商超门店,,job_ref_625337,1,1,1,否,0,0,0,0
商超,3,2,J市嘉木商超门店,2026-05-26,enterprise_ref_184656,合成运营主体_184656,store_ref_624828,J市,J市嘉木商超门店,,job_ref_278560,2,2,2,否,0,0,0,0
商超,3,2,J市嘉木商超门店,2026-05-26,enterprise_ref_184656,合成运营主体_184656,store_ref_624828,J市,J市嘉木商超门店,,job_ref_379949,1,1,1,否,0,0,0,0
商超,3,2,J市嘉木商超门店,2026-05-26,enterprise_ref_184656,合成运营主体_184656,store_ref_624828,J市,J市嘉木商超门店,,job_ref_043543,1,1,1,否,0,0,0,0
商超,3,2,J市嘉木商超门店,2026-05-26,enterprise_ref_184656,合成运营主体_184656,store_ref_624828,J市,J市嘉木商超门店,,job_ref_709051,1,1,1,否,0,0,0,0
商超,3,2,J市嘉木商超门店,2026-05-26,enterprise_ref_184656,合成运营主体_184656,store_ref_624828,J市,J市嘉木商超门店,,job_ref_043543,1,1,1,否,0,0,0,0
商超,3,2,J市嘉木商超门店,2026-05-26,enterprise_ref_184656,合成运营主体_184656,store_ref_624828,J市,J市嘉木商超门店,,job_ref_227104,1,1,1,否,0,0,0,0
商超,3,2,J市嘉木商超门店,2026-05-26,enterprise_ref_184656,合成运营主体_184656,store_ref_624828,J市,J市嘉木商超门店,,job_ref_270146,1,1,1,否,0,0,0,0
商超,3,2,J市嘉木商超门店,2026-05-26,enterprise_ref_184656,合成运营主体_184656,store_ref_624828,J市,J市嘉木商超门店,,job_ref_860072,1,1,1,否,0,0,0,0
商超,3,2,J市嘉木商超门店,2026-05-26,enterprise_ref_184656,合成运营主体_184656,store_ref_624828,J市,J市嘉木商超门店,,job_ref_860072,0,1,1,否,0,0,0,0
商超,3,2,J市嘉木商超门店,2026-05-26,enterprise_ref_184656,合成运营主体_184656,store_ref_624828,J市,J市嘉木商超门店,,job_ref_227104,1,1,1,否,0,0,0,0
商超,3,2,J市嘉木商超门店,2026-05-26,enterprise_ref_184656,合成运营主体_184656,store_ref_624828,J市,J市嘉木商超门店,,job_ref_517563,2,2,2,否,0,0,0,0
商超,3,2,J市嘉木商超门店,2026-05-26,enterprise_ref_184656,合成运营主体_184656,store_ref_624828,J市,J市嘉木商超门店,,job_ref_517563,1,1,1,否,0,0,0,0
商超,3,2,J市嘉木商超门店,2026-05-26,enterprise_ref_184656,合成运营主体_184656,store_ref_624828,J市,J市嘉木商超门店,,job_ref_391389,1,1,1,否,0,0,0,0
商超,3,2,J市嘉木商超门店,2026-05-26,enterprise_ref_184656,合成运营主体_184656,store_ref_624828,J市,J市嘉木商超门店,,job_ref_391389,1,1,1,否,0,0,0,0
商超,3,2,J市嘉木商超门店,2026-05-26,enterprise_ref_184656,合成运营主体_184656,store_ref_624828,J市,J市嘉木商超门店,,job_ref_399817,1,1,1,否,0,0,0,0
商超,3,2,J市嘉木商超门店,2026-05-26,enterprise_ref_184656,合成运营主体_184656,store_ref_624828,J市,J市嘉木商超门店,,job_ref_391389,1,1,1,否,0,0,0,0
商超,3,2,J市嘉木商超门店,2026-05-26,enterprise_ref_184656,合成运营主体_184656,store_ref_624828,J市,J市嘉木商超门店,,job_ref_860072,1,1,1,否,0,0,0,0
商超,3,2,J市嘉木商超门店,2026-05-26,enterprise_ref_184656,合成运营主体_184656,store_ref_624828,J市,J市嘉木商超门店,,job_ref_399817,1,1,1,否,0,0,0,0
商超,3,2,J市嘉木商超门店,2026-05-26,enterprise_ref_184656,合成运营主体_184656,store_ref_624828,J市,J市嘉木商超门店,,job_ref_513885,1,1,1,否,0,0,0,0
商超,3,2,J市嘉木商超门店,2026-05-26,enterprise_ref_184656,合成运营主体_184656,store_ref_624828,J市,J市嘉木商超门店,,job_ref_860072,1,1,1,否,0,0,0,0
商超,3,2,J市嘉木商超门店,2026-05-26,enterprise_ref_184656,合成运营主体_184656,store_ref_624828,J市,J市嘉木商超门店,,job_ref_625337,1,1,1,否,0,0,0,0
商超,3,2,J市嘉木商超门店,2026-05-26,enterprise_ref_184656,合成运营主体_184656,store_ref_624828,J市,J市嘉木商超门店,,job_ref_625337,4,4,4,否,0,0,0,0
商超,3,2,J市嘉木商超门店,2026-05-26,enterprise_ref_184656,合成运营主体_184656,store_ref_624828,J市,J市嘉木商超门店,,job_ref_079263,1,1,1,否,0,0,0,0
商超,3,2,J市嘉木商超门店,2026-05-26,enterprise_ref_184656,合成运营主体_184656,store_ref_624828,J市,J市嘉木商超门店,,job_ref_043543,1,1,1,否,0,0,0,0
商超,3,2,J市嘉木商超门店,2026-05-26,enterprise_ref_184656,合成运营主体_184656,store_ref_624828,J市,J市嘉木商超门店,,job_ref_278560,2,2,2,否,0,0,0,0
商超,3,2,J市嘉木商超门店,2026-05-27,enterprise_ref_184656,合成运营主体_184656,store_ref_624828,J市,J市嘉木商超门店,,job_ref_391389,1,1,1,否,0,0,0,0
商超,3,2,J市嘉木商超门店,2026-05-27,enterprise_ref_184656,合成运营主体_184656,store_ref_624828,J市,J市嘉木商超门店,,job_ref_709051,1,1,1,否,0,0,0,0
商超,3,2,J市嘉木商超门店,2026-05-27,enterprise_ref_184656,合成运营主体_184656,store_ref_624828,J市,J市嘉木商超门店,,job_ref_399817,1,1,1,否,0,0,0,0
商超,3,2,J市嘉木商超门店,2026-05-27,enterprise_ref_184656,合成运营主体_184656,store_ref_624828,J市,J市嘉木商超门店,,job_ref_227104,1,1,1,否,0,0,0,0
商超,3,2,J市嘉木商超门店,2026-05-27,enterprise_ref_184656,合成运营主体_184656,store_ref_624828,J市,J市嘉木商超门店,,job_ref_513885,1,1,1,否,0,0,0,0
商超,3,2,J市嘉木商超门店,2026-05-27,enterprise_ref_184656,合成运营主体_184656,store_ref_624828,J市,J市嘉木商超门店,,job_ref_625337,1,1,1,否,0,0,0,0
商超,3,2,J市嘉木商超门店,2026-05-27,enterprise_ref_184656,合成运营主体_184656,store_ref_624828,J市,J市嘉木商超门店,,job_ref_379949,1,1,1,否,0,0,0,0
商超,3,2,J市嘉木商超门店,2026-05-27,enterprise_ref_184656,合成运营主体_184656,store_ref_624828,J市,J市嘉木商超门店,,job_ref_860072,1,1,1,否,0,0,0,0
商超,3,2,J市嘉木商超门店,2026-05-27,enterprise_ref_184656,合成运营主体_184656,store_ref_624828,J市,J市嘉木商超门店,,job_ref_391389,0,1,1,否,0,0,0,0
商超,3,2,J市嘉木商超门店,2026-05-27,enterprise_ref_184656,合成运营主体_184656,store_ref_624828,J市,J市嘉木商超门店,,job_ref_278560,1,1,1,否,0,0,0,0
商超,3,2,J市嘉木商超门店,2026-05-27,enterprise_ref_184656,合成运营主体_184656,store_ref_624828,J市,J市嘉木商超门店,,job_ref_399817,1,1,1,否,0,0,0,0
商超,3,2,J市嘉木商超门店,2026-05-27,enterprise_ref_184656,合成运营主体_184656,store_ref_624828,J市,J市嘉木商超门店,,job_ref_227104,1,1,1,否,0,0,0,0
商超,3,2,J市嘉木商超门店,2026-05-27,enterprise_ref_184656,合成运营主体_184656,store_ref_624828,J市,J市嘉木商超门店,,job_ref_860072,1,1,1,否,0,0,0,0
商超,3,2,J市嘉木商超门店,2026-05-27,enterprise_ref_184656,合成运营主体_184656,store_ref_624828,J市,J市嘉木商超门店,,job_ref_625337,4,4,4,否,0,0,0,0
商超,3,2,J市嘉木商超门店,2026-05-27,enterprise_ref_184656,合成运营主体_184656,store_ref_624828,J市,J市嘉木商超门店,,job_ref_391389,1,1,1,否,0,0,0,0
商超,3,2,J市嘉木商超门店,2026-05-27,enterprise_ref_184656,合成运营主体_184656,store_ref_624828,J市,J市嘉木商超门店,,job_ref_043543,1,1,1,否,0,0,0,0
商超,3,2,J市嘉木商超门店,2026-05-27,enterprise_ref_184656,合成运营主体_184656,store_ref_624828,J市,J市嘉木商超门店,,job_ref_043543,1,1,1,否,0,0,0,0
商超,3,2,J市嘉木商超门店,2026-05-27,enterprise_ref_184656,合成运营主体_184656,store_ref_624828,J市,J市嘉木商超门店,,job_ref_227104,1,1,1,否,0,0,0,0
商超,3,2,J市嘉木商超门店,2026-05-27,enterprise_ref_184656,合成运营主体_184656,store_ref_624828,J市,J市嘉木商超门店,,job_ref_625337,1,1,1,否,0,0,0,0
商超,3,2,J市嘉木商超门店,2026-05-27,enterprise_ref_184656,合成运营主体_184656,store_ref_624828,J市,J市嘉木商超门店,,job_ref_043543,1,1,1,否,0,0,0,0
商超,3,2,J市嘉木商超门店,2026-05-27,enterprise_ref_184656,合成运营主体_184656,store_ref_624828,J市,J市嘉木商超门店,,job_ref_399817,1,1,1,否,0,0,0,0
商超,3,2,J市嘉木商超门店,2026-05-27,enterprise_ref_184656,合成运营主体_184656,store_ref_624828,J市,J市嘉木商超门店,,job_ref_227104,1,1,1,否,0,0,0,0
商超,3,2,J市嘉木商超门店,2026-05-27,enterprise_ref_184656,合成运营主体_184656,store_ref_624828,J市,J市嘉木商超门店,,job_ref_278560,2,2,2,否,0,0,0,0
商超,3,2,J市嘉木商超门店,2026-05-27,enterprise_ref_184656,合成运营主体_184656,store_ref_624828,J市,J市嘉木商超门店,,job_ref_860072,1,1,1,否,0,0,0,0
商超,3,2,J市嘉木商超门店,2026-05-27,enterprise_ref_184656,合成运营主体_184656,store_ref_624828,J市,J市嘉木商超门店,,job_ref_363393,1,1,1,否,0,0,0,0
商超,3,2,J市嘉木商超门店,2026-05-27,enterprise_ref_184656,合成运营主体_184656,store_ref_624828,J市,J市嘉木商超门店,,job_ref_778489,1,1,1,否,0,0,0,0
商超,3,2,J市嘉木商超门店,2026-05-27,enterprise_ref_184656,合成运营主体_184656,store_ref_624828,J市,J市嘉木商超门店,,job_ref_391389,0,1,1,否,0,0,0,0
商超,3,2,J市嘉木商超门店,2026-05-27,enterprise_ref_184656,合成运营主体_184656,store_ref_624828,J市,J市嘉木商超门店,,job_ref_391389,1,1,1,否,0,0,0,0
商超,3,2,J市嘉木商超门店,2026-05-27,enterprise_ref_184656,合成运营主体_184656,store_ref_624828,J市,J市嘉木商超门店,,job_ref_391389,1,1,1,否,0,0,0,0
商超,3,2,J市嘉木商超门店,2026-05-27,enterprise_ref_184656,合成运营主体_184656,store_ref_624828,J市,J市嘉木商超门店,,job_ref_391389,1,1,1,否,0,0,0,0
商超,3,2,J市嘉木商超门店,2026-05-27,enterprise_ref_184656,合成运营主体_184656,store_ref_624828,J市,J市嘉木商超门店,,job_ref_391389,1,1,1,否,0,0,0,0
商超,3,2,J市嘉木商超门店,2026-05-27,enterprise_ref_184656,合成运营主体_184656,store_ref_624828,J市,J市嘉木商超门店,,job_ref_517563,1,1,1,否,0,0,0,0
商超,3,2,J市嘉木商超门店,2026-05-27,enterprise_ref_184656,合成运营主体_184656,store_ref_624828,J市,J市嘉木商超门店,,job_ref_278560,2,2,2,否,0,0,0,0
商超,3,2,J市嘉木商超门店,2026-05-27,enterprise_ref_184656,合成运营主体_184656,store_ref_624828,J市,J市嘉木商超门店,,job_ref_278560,2,2,2,否,0,0,0,0
商超,3,2,J市嘉木商超门店,2026-05-27,enterprise_ref_184656,合成运营主体_184656,store_ref_624828,J市,J市嘉木商超门店,,job_ref_517563,1,1,1,否,0,0,0,0
商超,3,2,J市嘉木商超门店,2026-05-27,enterprise_ref_184656,合成运营主体_184656,store_ref_624828,J市,J市嘉木商超门店,,job_ref_860072,1,1,1,否,0,0,0,0
商超,3,2,J市嘉木商超门店,2026-05-27,enterprise_ref_184656,合成运营主体_184656,store_ref_624828,J市,J市嘉木商超门店,,job_ref_043543,1,1,1,否,0,0,0,0
商超,3,2,J市嘉木商超门店,2026-05-27,enterprise_ref_184656,合成运营主体_184656,store_ref_624828,J市,J市嘉木商超门店,,job_ref_820894,1,1,1,否,0,0,0,0
商超,3,2,J市嘉木商超门店,2026-05-27,enterprise_ref_184656,合成运营主体_184656,store_ref_624828,J市,J市嘉木商超门店,,job_ref_513885,1,1,1,否,0,0,0,0
商超,3,2,J市嘉木商超门店,2026-05-27,enterprise_ref_184656,合成运营主体_184656,store_ref_624828,J市,J市嘉木商超门店,,job_ref_681297,1,1,1,否,0,0,0,0
商超,3,2,J市嘉木商超门店,2026-05-27,enterprise_ref_184656,合成运营主体_184656,store_ref_624828,J市,J市嘉木商超门店,,job_ref_860072,1,1,1,否,0,0,0,0
商超,3,2,J市嘉木商超门店,2026-05-27,enterprise_ref_184656,合成运营主体_184656,store_ref_624828,J市,J市嘉木商超门店,,job_ref_860072,1,1,1,否,0,0,0,0
商超,3,2,J市嘉木商超门店,2026-05-27,enterprise_ref_184656,合成运营主体_184656,store_ref_624828,J市,J市嘉木商超门店,,job_ref_860072,1,1,1,否,0,0,0,0
商超,3,2,J市嘉木商超门店,2026-05-27,enterprise_ref_184656,合成运营主体_184656,store_ref_624828,J市,J市嘉木商超门店,,job_ref_391389,0,1,1,否,0,0,0,0
商超,3,2,J市嘉木商超门店,2026-05-27,enterprise_ref_184656,合成运营主体_184656,store_ref_624828,J市,J市嘉木商超门店,,job_ref_860072,1,1,1,否,0,0,0,0
商超,3,2,J市嘉木商超门店,2026-05-27,enterprise_ref_184656,合成运营主体_184656,store_ref_624828,J市,J市嘉木商超门店,,job_ref_860072,1,1,1,否,0,0,0,0
商超,3,2,J市嘉木商超门店,2026-05-27,enterprise_ref_184656,合成运营主体_184656,store_ref_624828,J市,J市嘉木商超门店,,job_ref_391389,1,1,1,否,0,0,0,0
商超,3,2,J市嘉木商超门店,2026-05-27,enterprise_ref_184656,合成运营主体_184656,store_ref_624828,J市,J市嘉木商超门店,,job_ref_860072,1,1,1,否,0,0,0,0
商超,3,2,J市嘉木商超门店,2026-05-27,enterprise_ref_184656,合成运营主体_184656,store_ref_624828,J市,J市嘉木商超门店,,job_ref_391389,0,1,1,否,0,0,0,0
商超,3,2,J市嘉木商超门店,2026-05-27,enterprise_ref_184656,合成运营主体_184656,store_ref_624828,J市,J市嘉木商超门店,,job_ref_227104,1,1,1,否,0,0,0,0
商超,3,2,J市嘉木商超门店,2026-05-28,enterprise_ref_184656,合成运营主体_184656,store_ref_624828,J市,J市嘉木商超门店,,job_ref_860072,1,1,1,否,0,0,0,0
商超,3,2,J市嘉木商超门店,2026-05-28,enterprise_ref_184656,合成运营主体_184656,store_ref_624828,J市,J市嘉木商超门店,,job_ref_513885,1,1,1,否,0,0,0,0
商超,3,2,J市嘉木商超门店,2026-05-28,enterprise_ref_184656,合成运营主体_184656,store_ref_624828,J市,J市嘉木商超门店,,job_ref_860072,1,1,1,否,0,0,0,0
商超,3,2,J市嘉木商超门店,2026-05-28,enterprise_ref_184656,合成运营主体_184656,store_ref_624828,J市,J市嘉木商超门店,,job_ref_391389,1,1,1,否,0,0,0,0
商超,3,2,J市嘉木商超门店,2026-05-28,enterprise_ref_184656,合成运营主体_184656,store_ref_624828,J市,J市嘉木商超门店,,job_ref_391389,1,1,1,否,0,0,0,0
商超,3,2,J市嘉木商超门店,2026-05-28,enterprise_ref_184656,合成运营主体_184656,store_ref_624828,J市,J市嘉木商超门店,,job_ref_860072,1,1,1,否,0,0,0,0
商超,3,2,J市嘉木商超门店,2026-05-28,enterprise_ref_184656,合成运营主体_184656,store_ref_624828,J市,J市嘉木商超门店,,job_ref_227104,1,1,1,否,0,0,0,0
商超,3,2,J市嘉木商超门店,2026-05-28,enterprise_ref_184656,合成运营主体_184656,store_ref_624828,J市,J市嘉木商超门店,,job_ref_391389,1,1,1,否,0,0,0,0
商超,3,2,J市嘉木商超门店,2026-05-28,enterprise_ref_184656,合成运营主体_184656,store_ref_624828,J市,J市嘉木商超门店,,job_ref_625337,1,1,1,否,0,0,0,0
商超,3,2,J市嘉木商超门店,2026-05-28,enterprise_ref_184656,合成运营主体_184656,store_ref_624828,J市,J市嘉木商超门店,,job_ref_278560,2,2,2,否,0,0,0,0
商超,3,2,J市嘉木商超门店,2026-05-28,enterprise_ref_184656,合成运营主体_184656,store_ref_624828,J市,J市嘉木商超门店,,job_ref_391389,1,1,1,否,0,0,0,0
商超,3,2,J市嘉木商超门店,2026-05-28,enterprise_ref_184656,合成运营主体_184656,store_ref_624828,J市,J市嘉木商超门店,,job_ref_043543,1,1,1,否,0,0,0,0
商超,3,2,J市嘉木商超门店,2026-05-28,enterprise_ref_184656,合成运营主体_184656,store_ref_624828,J市,J市嘉木商超门店,,job_ref_391389,0,1,1,否,0,0,0,0
商超,3,2,J市嘉木商超门店,2026-05-28,enterprise_ref_184656,合成运营主体_184656,store_ref_624828,J市,J市嘉木商超门店,,job_ref_399817,1,1,1,否,0,0,0,0
商超,3,2,J市嘉木商超门店,2026-05-28,enterprise_ref_184656,合成运营主体_184656,store_ref_624828,J市,J市嘉木商超门店,,job_ref_625337,4,4,4,否,0,0,0,0
商超,3,2,J市嘉木商超门店,2026-05-28,enterprise_ref_184656,合成运营主体_184656,store_ref_624828,J市,J市嘉木商超门店,,job_ref_860072,1,1,1,否,0,0,0,0
商超,3,2,J市嘉木商超门店,2026-05-28,enterprise_ref_184656,合成运营主体_184656,store_ref_624828,J市,J市嘉木商超门店,,job_ref_079263,1,1,1,否,0,0,0,0
商超,3,2,J市嘉木商超门店,2026-05-28,enterprise_ref_184656,合成运营主体_184656,store_ref_624828,J市,J市嘉木商超门店,,job_ref_278560,2,2,2,否,0,0,0,0
商超,3,2,J市嘉木商超门店,2026-05-28,enterprise_ref_184656,合成运营主体_184656,store_ref_624828,J市,J市嘉木商超门店,,job_ref_860072,1,1,1,否,0,0,0,0
商超,3,2,J市嘉木商超门店,2026-05-28,enterprise_ref_184656,合成运营主体_184656,store_ref_624828,J市,J市嘉木商超门店,,job_ref_391389,0,1,1,否,0,0,0,0
商超,3,2,J市嘉木商超门店,2026-05-28,enterprise_ref_184656,合成运营主体_184656,store_ref_624828,J市,J市嘉木商超门店,,job_ref_227104,1,1,1,否,0,0,0,0
商超,3,2,J市嘉木商超门店,2026-05-28,enterprise_ref_184656,合成运营主体_184656,store_ref_624828,J市,J市嘉木商超门店,,job_ref_860072,1,1,1,否,0,0,0,0
商超,3,2,J市嘉木商超门店,2026-05-28,enterprise_ref_184656,合成运营主体_184656,store_ref_624828,J市,J市嘉木商超门店,,job_ref_778489,1,1,1,否,0,0,0,0
商超,3,2,J市嘉木商超门店,2026-05-28,enterprise_ref_184656,合成运营主体_184656,store_ref_624828,J市,J市嘉木商超门店,,job_ref_513885,1,1,1,否,0,0,0,0
商超,3,2,J市嘉木商超门店,2026-05-28,enterprise_ref_184656,合成运营主体_184656,store_ref_624828,J市,J市嘉木商超门店,,job_ref_391389,1,1,1,否,0,0,0,0
商超,3,2,J市嘉木商超门店,2026-05-28,enterprise_ref_184656,合成运营主体_184656,store_ref_624828,J市,J市嘉木商超门店,,job_ref_363393,1,1,1,否,0,0,0,0
商超,3,2,J市嘉木商超门店,2026-05-28,enterprise_ref_184656,合成运营主体_184656,store_ref_624828,J市,J市嘉木商超门店,,job_ref_391389,0,1,1,否,0,0,0,0
商超,3,2,J市嘉木商超门店,2026-05-28,enterprise_ref_184656,合成运营主体_184656,store_ref_624828,J市,J市嘉木商超门店,,job_ref_860072,0,1,1,否,0,0,0,0
商超,3,2,J市嘉木商超门店,2026-05-28,enterprise_ref_184656,合成运营主体_184656,store_ref_624828,J市,J市嘉木商超门店,,job_ref_270146,1,1,1,否,0,0,0,0
商超,3,2,J市嘉木商超门店,2026-05-28,enterprise_ref_184656,合成运营主体_184656,store_ref_624828,J市,J市嘉木商超门店,,job_ref_043543,1,1,1,否,0,0,0,0
商超,3,2,J市嘉木商超门店,2026-05-28,enterprise_ref_184656,合成运营主体_184656,store_ref_624828,J市,J市嘉木商超门店,,job_ref_391389,0,1,1,否,0,0,0,0
商超,3,2,J市嘉木商超门店,2026-05-28,enterprise_ref_184656,合成运营主体_184656,store_ref_624828,J市,J市嘉木商超门店,,job_ref_379949,1,1,1,否,0,0,0,0
商超,3,2,J市嘉木商超门店,2026-05-28,enterprise_ref_184656,合成运营主体_184656,store_ref_624828,J市,J市嘉木商超门店,,job_ref_860072,1,1,1,否,0,0,0,0
商超,3,2,J市嘉木商超门店,2026-05-28,enterprise_ref_184656,合成运营主体_184656,store_ref_624828,J市,J市嘉木商超门店,,job_ref_681297,1,1,1,否,0,0,0,0
商超,3,2,J市嘉木商超门店,2026-05-28,enterprise_ref_184656,合成运营主体_184656,store_ref_624828,J市,J市嘉木商超门店,,job_ref_227104,1,1,1,否,0,0,0,0
商超,3,2,J市嘉木商超门店,2026-05-28,enterprise_ref_184656,合成运营主体_184656,store_ref_624828,J市,J市嘉木商超门店,,job_ref_625337,1,1,1,否,0,0,0,0
商超,3,2,J市嘉木商超门店,2026-05-28,enterprise_ref_184656,合成运营主体_184656,store_ref_624828,J市,J市嘉木商超门店,,job_ref_778489,0,1,1,否,0,0,0,0
商超,3,2,J市嘉木商超门店,2026-05-28,enterprise_ref_184656,合成运营主体_184656,store_ref_624828,J市,J市嘉木商超门店,,job_ref_227104,1,1,1,否,0,0,0,0
商超,3,2,J市嘉木商超门店,2026-05-28,enterprise_ref_184656,合成运营主体_184656,store_ref_624828,J市,J市嘉木商超门店,,job_ref_399817,1,1,1,否,0,0,0,0
商超,3,2,J市嘉木商超门店,2026-05-28,enterprise_ref_184656,合成运营主体_184656,store_ref_624828,J市,J市嘉木商超门店,,job_ref_517563,1,1,1,否,0,0,0,0
商超,3,2,J市嘉木商超门店,2026-05-28,enterprise_ref_184656,合成运营主体_184656,store_ref_624828,J市,J市嘉木商超门店,,job_ref_043543,1,1,1,否,0,0,0,0
商超,3,2,J市嘉木商超门店,2026-05-28,enterprise_ref_184656,合成运营主体_184656,store_ref_624828,J市,J市嘉木商超门店,,job_ref_391389,1,1,1,否,0,0,0,0
商超,3,2,J市嘉木商超门店,2026-05-28,enterprise_ref_184656,合成运营主体_184656,store_ref_624828,J市,J市嘉木商超门店,,job_ref_227104,1,1,1,否,0,0,0,0
商超,3,2,J市嘉木商超门店,2026-05-28,enterprise_ref_184656,合成运营主体_184656,store_ref_624828,J市,J市嘉木商超门店,,job_ref_860072,1,1,1,否,0,0,0,0
商超,3,2,J市嘉木商超门店,2026-05-28,enterprise_ref_184656,合成运营主体_184656,store_ref_624828,J市,J市嘉木商超门店,,job_ref_517563,2,2,2,否,0,0,0,0
商超,3,2,J市嘉木商超门店,2026-05-28,enterprise_ref_184656,合成运营主体_184656,store_ref_624828,J市,J市嘉木商超门店,,job_ref_778489,1,1,1,否,0,0,0,0
商超,3,2,J市嘉木商超门店,2026-05-28,enterprise_ref_184656,合成运营主体_184656,store_ref_624828,J市,J市嘉木商超门店,,job_ref_820894,1,1,1,否,0,0,0,0
商超,3,2,J市嘉木商超门店,2026-05-28,enterprise_ref_184656,合成运营主体_184656,store_ref_624828,J市,J市嘉木商超门店,,job_ref_517563,1,1,1,否,0,0,0,0
商超,3,2,J市嘉木商超门店,2026-05-29,enterprise_ref_184656,合成运营主体_184656,store_ref_624828,J市,J市嘉木商超门店,,job_ref_860072,1,1,1,否,0,0,0,0
商超,3,2,J市嘉木商超门店,2026-05-29,enterprise_ref_184656,合成运营主体_184656,store_ref_624828,J市,J市嘉木商超门店,,job_ref_625337,1,1,1,否,0,0,0,0
商超,3,2,J市嘉木商超门店,2026-05-29,enterprise_ref_184656,合成运营主体_184656,store_ref_624828,J市,J市嘉木商超门店,,job_ref_625337,4,4,4,否,0,0,0,0
商超,3,2,J市嘉木商超门店,2026-05-29,enterprise_ref_184656,合成运营主体_184656,store_ref_624828,J市,J市嘉木商超门店,,job_ref_513885,1,1,1,否,0,0,0,0
商超,3,2,J市嘉木商超门店,2026-05-29,enterprise_ref_184656,合成运营主体_184656,store_ref_624828,J市,J市嘉木商超门店,,job_ref_399817,1,1,1,否,0,0,0,0
商超,3,2,J市嘉木商超门店,2026-05-29,enterprise_ref_184656,合成运营主体_184656,store_ref_624828,J市,J市嘉木商超门店,,job_ref_391389,1,1,1,否,0,0,0,0
商超,3,2,J市嘉木商超门店,2026-05-29,enterprise_ref_184656,合成运营主体_184656,store_ref_624828,J市,J市嘉木商超门店,,job_ref_391389,1,1,1,否,0,0,0,0
商超,3,2,J市嘉木商超门店,2026-05-29,enterprise_ref_184656,合成运营主体_184656,store_ref_624828,J市,J市嘉木商超门店,,job_ref_391389,1,1,1,否,0,0,0,0
商超,3,2,J市嘉木商超门店,2026-05-29,enterprise_ref_184656,合成运营主体_184656,store_ref_624828,J市,J市嘉木商超门店,,job_ref_860072,1,1,1,否,0,0,0,0
商超,3,2,J市嘉木商超门店,2026-05-29,enterprise_ref_184656,合成运营主体_184656,store_ref_624828,J市,J市嘉木商超门店,,job_ref_860072,1,1,1,否,0,0,0,0
商超,3,2,J市嘉木商超门店,2026-05-29,enterprise_ref_184656,合成运营主体_184656,store_ref_624828,J市,J市嘉木商超门店,,job_ref_860072,1,1,1,否,0,0,0,0
商超,3,2,J市嘉木商超门店,2026-05-29,enterprise_ref_184656,合成运营主体_184656,store_ref_624828,J市,J市嘉木商超门店,,job_ref_278560,2,2,2,否,0,0,0,0
商超,3,2,J市嘉木商超门店,2026-05-29,enterprise_ref_184656,合成运营主体_184656,store_ref_624828,J市,J市嘉木商超门店,,job_ref_820894,1,1,1,否,0,0,0,0
商超,3,2,J市嘉木商超门店,2026-05-29,enterprise_ref_184656,合成运营主体_184656,store_ref_624828,J市,J市嘉木商超门店,,job_ref_278560,1,1,1,否,0,0,0,0
商超,3,2,J市嘉木商超门店,2026-05-29,enterprise_ref_184656,合成运营主体_184656,store_ref_624828,J市,J市嘉木商超门店,,job_ref_517563,1,1,1,否,0,0,0,0
商超,3,2,J市嘉木商超门店,2026-05-29,enterprise_ref_184656,合成运营主体_184656,store_ref_624828,J市,J市嘉木商超门店,,job_ref_860072,1,1,1,否,0,0,0,0
商超,3,2,J市嘉木商超门店,2026-05-29,enterprise_ref_184656,合成运营主体_184656,store_ref_624828,J市,J市嘉木商超门店,,job_ref_227104,1,1,1,否,0,0,0,0
商超,3,2,J市嘉木商超门店,2026-05-29,enterprise_ref_184656,合成运营主体_184656,store_ref_624828,J市,J市嘉木商超门店,,job_ref_363393,1,1,1,否,0,0,0,0
商超,3,2,J市嘉木商超门店,2026-05-29,enterprise_ref_184656,合成运营主体_184656,store_ref_624828,J市,J市嘉木商超门店,,job_ref_513885,1,1,1,否,0,0,0,0
商超,3,2,J市嘉木商超门店,2026-05-29,enterprise_ref_184656,合成运营主体_184656,store_ref_624828,J市,J市嘉木商超门店,,job_ref_278560,1,1,1,否,0,0,0,0
商超,3,2,J市嘉木商超门店,2026-05-29,enterprise_ref_184656,合成运营主体_184656,store_ref_624828,J市,J市嘉木商超门店,,job_ref_391389,1,1,1,否,0,0,0,0
商超,3,2,J市嘉木商超门店,2026-05-29,enterprise_ref_184656,合成运营主体_184656,store_ref_624828,J市,J市嘉木商超门店,,job_ref_625337,1,1,1,否,0,0,0,0
商超,3,2,J市嘉木商超门店,2026-05-29,enterprise_ref_184656,合成运营主体_184656,store_ref_624828,J市,J市嘉木商超门店,,job_ref_860072,1,1,1,否,0,0,0,0
商超,3,2,J市嘉木商超门店,2026-05-29,enterprise_ref_184656,合成运营主体_184656,store_ref_624828,J市,J市嘉木商超门店,,job_ref_391389,1,1,1,否,0,0,0,0
商超,3,2,J市嘉木商超门店,2026-05-29,enterprise_ref_184656,合成运营主体_184656,store_ref_624828,J市,J市嘉木商超门店,,job_ref_860072,1,1,1,否,0,0,0,0
商超,3,2,J市嘉木商超门店,2026-05-29,enterprise_ref_184656,合成运营主体_184656,store_ref_624828,J市,J市嘉木商超门店,,job_ref_399817,1,1,1,否,0,0,0,0
商超,3,2,J市嘉木商超门店,2026-05-29,enterprise_ref_184656,合成运营主体_184656,store_ref_624828,J市,J市嘉木商超门店,,job_ref_227104,1,1,1,否,0,0,0,0
商超,3,2,J市嘉木商超门店,2026-05-29,enterprise_ref_184656,合成运营主体_184656,store_ref_624828,J市,J市嘉木商超门店,,job_ref_391389,1,1,1,否,0,0,0,0
商超,3,2,J市嘉木商超门店,2026-05-29,enterprise_ref_184656,合成运营主体_184656,store_ref_624828,J市,J市嘉木商超门店,,job_ref_860072,1,1,1,否,0,0,0,0
商超,3,2,J市嘉木商超门店,2026-05-29,enterprise_ref_184656,合成运营主体_184656,store_ref_624828,J市,J市嘉木商超门店,,job_ref_227104,1,1,1,否,0,0,0,0
商超,3,2,J市嘉木商超门店,2026-05-29,enterprise_ref_184656,合成运营主体_184656,store_ref_624828,J市,J市嘉木商超门店,,job_ref_227104,1,1,1,否,0,0,0,0
商超,3,2,J市嘉木商超门店,2026-05-29,enterprise_ref_184656,合成运营主体_184656,store_ref_624828,J市,J市嘉木商超门店,,job_ref_709051,1,1,1,否,0,0,0,0
商超,3,2,J市嘉木商超门店,2026-05-29,enterprise_ref_184656,合成运营主体_184656,store_ref_624828,J市,J市嘉木商超门店,,job_ref_860072,1,1,1,否,0,0,0,0
商超,3,2,J市嘉木商超门店,2026-05-29,enterprise_ref_184656,合成运营主体_184656,store_ref_624828,J市,J市嘉木商超门店,,job_ref_079263,1,1,1,否,0,0,0,0
商超,3,2,J市嘉木商超门店,2026-05-29,enterprise_ref_184656,合成运营主体_184656,store_ref_624828,J市,J市嘉木商超门店,,job_ref_778489,1,1,1,否,0,0,0,0
商超,3,2,J市嘉木商超门店,2026-05-29,enterprise_ref_184656,合成运营主体_184656,store_ref_624828,J市,J市嘉木商超门店,,job_ref_399817,1,1,1,否,0,0,0,0
商超,3,2,J市嘉木商超门店,2026-05-29,enterprise_ref_184656,合成运营主体_184656,store_ref_624828,J市,J市嘉木商超门店,,job_ref_278560,1,1,1,否,0,0,0,0
商超,3,2,J市嘉木商超门店,2026-05-29,enterprise_ref_184656,合成运营主体_184656,store_ref_624828,J市,J市嘉木商超门店,,job_ref_043543,1,1,1,否,0,0,0,0
商超,3,2,J市嘉木商超门店,2026-05-29,enterprise_ref_184656,合成运营主体_184656,store_ref_624828,J市,J市嘉木商超门店,,job_ref_391389,1,1,1,否,0,0,0,0
商超,3,2,J市嘉木商超门店,2026-05-29,enterprise_ref_184656,合成运营主体_184656,store_ref_624828,J市,J市嘉木商超门店,,job_ref_043543,1,1,1,否,0,0,0,0
商超,3,2,J市嘉木商超门店,2026-05-29,enterprise_ref_184656,合成运营主体_184656,store_ref_624828,J市,J市嘉木商超门店,,job_ref_681297,1,1,1,否,0,0,0,0
商超,3,2,J市嘉木商超门店,2026-05-29,enterprise_ref_184656,合成运营主体_184656,store_ref_624828,J市,J市嘉木商超门店,,job_ref_860072,1,1,1,否,0,0,0,0
商超,3,2,J市嘉木商超门店,2026-05-29,enterprise_ref_184656,合成运营主体_184656,store_ref_624828,J市,J市嘉木商超门店,,job_ref_517563,1,1,1,否,0,0,0,0
商超,3,2,J市嘉木商超门店,2026-05-29,enterprise_ref_184656,合成运营主体_184656,store_ref_624828,J市,J市嘉木商超门店,,job_ref_227104,1,1,1,否,0,0,0,0
商超,3,2,J市嘉木商超门店,2026-05-29,enterprise_ref_184656,合成运营主体_184656,store_ref_624828,J市,J市嘉木商超门店,,job_ref_227104,1,1,1,否,0,0,0,0
商超,3,2,J市嘉木商超门店,2026-05-29,enterprise_ref_184656,合成运营主体_184656,store_ref_624828,J市,J市嘉木商超门店,,job_ref_227104,1,1,1,否,0,0,0,0
商超,3,2,J市嘉木商超门店,2026-05-29,enterprise_ref_184656,合成运营主体_184656,store_ref_624828,J市,J市嘉木商超门店,,job_ref_043543,1,1,1,否,0,0,0,0
商超,3,2,J市嘉木商超门店,2026-05-29,enterprise_ref_184656,合成运营主体_184656,store_ref_624828,J市,J市嘉木商超门店,,job_ref_860072,1,1,1,否,0,0,0,0
商超,3,2,J市嘉木商超门店,2026-05-29,enterprise_ref_184656,合成运营主体_184656,store_ref_624828,J市,J市嘉木商超门店,,job_ref_270146,1,1,1,否,0,0,0,0
商超,3,2,J市嘉木商超门店,2026-05-29,enterprise_ref_184656,合成运营主体_184656,store_ref_624828,J市,J市嘉木商超门店,,job_ref_517563,2,2,2,否,0,0,0,0
商超,3,2,J市嘉木商超门店,2026-05-29,enterprise_ref_184656,合成运营主体_184656,store_ref_624828,J市,J市嘉木商超门店,,job_ref_391389,1,1,1,否,0,0,0,0
商超,3,2,J市嘉木商超门店,2026-05-29,enterprise_ref_184656,合成运营主体_184656,store_ref_624828,J市,J市嘉木商超门店,,job_ref_399817,1,1,1,否,0,0,0,0
商超,3,2,J市嘉木商超门店,2026-05-29,enterprise_ref_184656,合成运营主体_184656,store_ref_624828,J市,J市嘉木商超门店,,job_ref_778489,1,1,1,否,0,0,0,0
商超,3,2,J市嘉木商超门店,2026-05-30,enterprise_ref_184656,合成运营主体_184656,store_ref_624828,J市,J市嘉木商超门店,,job_ref_860072,1,1,1,否,0,0,0,0
商超,3,2,J市嘉木商超门店,2026-05-30,enterprise_ref_184656,合成运营主体_184656,store_ref_624828,J市,J市嘉木商超门店,,job_ref_379949,1,1,1,否,0,0,0,0
商超,3,2,J市嘉木商超门店,2026-05-30,enterprise_ref_184656,合成运营主体_184656,store_ref_624828,J市,J市嘉木商超门店,,job_ref_625337,1,1,1,否,0,0,0,0
商超,3,2,J市嘉木商超门店,2026-05-30,enterprise_ref_184656,合成运营主体_184656,store_ref_624828,J市,J市嘉木商超门店,,job_ref_043543,1,1,1,否,0,0,0,0
商超,3,2,J市嘉木商超门店,2026-05-30,enterprise_ref_184656,合成运营主体_184656,store_ref_624828,J市,J市嘉木商超门店,,job_ref_043543,1,1,1,否,0,0,0,0
商超,3,2,J市嘉木商超门店,2026-05-30,enterprise_ref_184656,合成运营主体_184656,store_ref_624828,J市,J市嘉木商超门店,,job_ref_709051,1,1,1,否,0,0,0,0
商超,3,2,J市嘉木商超门店,2026-05-30,enterprise_ref_184656,合成运营主体_184656,store_ref_624828,J市,J市嘉木商超门店,,job_ref_227104,1,1,1,否,0,0,0,0
商超,3,2,J市嘉木商超门店,2026-05-30,enterprise_ref_184656,合成运营主体_184656,store_ref_624828,J市,J市嘉木商超门店,,job_ref_227104,1,1,1,否,0,0,0,0
商超,3,2,J市嘉木商超门店,2026-05-30,enterprise_ref_184656,合成运营主体_184656,store_ref_624828,J市,J市嘉木商超门店,,job_ref_227104,1,1,1,否,0,0,0,0
商超,3,2,J市嘉木商超门店,2026-05-30,enterprise_ref_184656,合成运营主体_184656,store_ref_624828,J市,J市嘉木商超门店,,job_ref_517563,1,1,1,否,0,0,0,0
商超,3,2,J市嘉木商超门店,2026-05-30,enterprise_ref_184656,合成运营主体_184656,store_ref_624828,J市,J市嘉木商超门店,,job_ref_399817,1,1,1,否,0,0,0,0
商超,3,2,J市嘉木商超门店,2026-05-30,enterprise_ref_184656,合成运营主体_184656,store_ref_624828,J市,J市嘉木商超门店,,job_ref_278560,1,1,1,否,0,0,0,0
商超,3,2,J市嘉木商超门店,2026-05-30,enterprise_ref_184656,合成运营主体_184656,store_ref_624828,J市,J市嘉木商超门店,,job_ref_391389,1,1,1,否,0,0,0,0
商超,3,2,J市嘉木商超门店,2026-05-30,enterprise_ref_184656,合成运营主体_184656,store_ref_624828,J市,J市嘉木商超门店,,job_ref_391389,1,1,1,否,0,0,0,0
商超,3,2,J市嘉木商超门店,2026-05-30,enterprise_ref_184656,合成运营主体_184656,store_ref_624828,J市,J市嘉木商超门店,,job_ref_391389,1,1,1,否,0,0,0,0
商超,3,2,J市嘉木商超门店,2026-05-30,enterprise_ref_184656,合成运营主体_184656,store_ref_624828,J市,J市嘉木商超门店,,job_ref_391389,1,1,1,否,0,0,0,0
商超,3,2,J市嘉木商超门店,2026-05-30,enterprise_ref_184656,合成运营主体_184656,store_ref_624828,J市,J市嘉木商超门店,,job_ref_399817,1,1,1,否,0,0,0,0
商超,3,2,J市嘉木商超门店,2026-05-30,enterprise_ref_184656,合成运营主体_184656,store_ref_624828,J市,J市嘉木商超门店,,job_ref_391389,1,1,1,否,0,0,0,0
商超,3,2,J市嘉木商超门店,2026-05-30,enterprise_ref_184656,合成运营主体_184656,store_ref_624828,J市,J市嘉木商超门店,,job_ref_278560,3,3,3,否,0,0,0,0
商超,3,2,J市嘉木商超门店,2026-05-30,enterprise_ref_184656,合成运营主体_184656,store_ref_624828,J市,J市嘉木商超门店,,job_ref_391389,0,1,1,否,0,0,0,0
商超,3,2,J市嘉木商超门店,2026-05-30,enterprise_ref_184656,合成运营主体_184656,store_ref_624828,J市,J市嘉木商超门店,,job_ref_681297,1,1,1,否,0,0,0,0
商超,3,2,J市嘉木商超门店,2026-05-30,enterprise_ref_184656,合成运营主体_184656,store_ref_624828,J市,J市嘉木商超门店,,job_ref_778489,1,1,1,否,0,0,0,0
商超,3,2,J市嘉木商超门店,2026-05-30,enterprise_ref_184656,合成运营主体_184656,store_ref_624828,J市,J市嘉木商超门店,,job_ref_778489,1,1,1,否,0,0,0,0
商超,3,2,J市嘉木商超门店,2026-05-30,enterprise_ref_184656,合成运营主体_184656,store_ref_624828,J市,J市嘉木商超门店,,job_ref_860072,1,1,1,否,0,0,0,0
商超,3,2,J市嘉木商超门店,2026-05-30,enterprise_ref_184656,合成运营主体_184656,store_ref_624828,J市,J市嘉木商超门店,,job_ref_517563,1,1,1,否,0,0,0,0
商超,3,2,J市嘉木商超门店,2026-05-30,enterprise_ref_184656,合成运营主体_184656,store_ref_624828,J市,J市嘉木商超门店,,job_ref_820894,1,1,1,否,0,0,0,0
商超,3,2,J市嘉木商超门店,2026-05-30,enterprise_ref_184656,合成运营主体_184656,store_ref_624828,J市,J市嘉木商超门店,,job_ref_079263,1,1,1,否,0,0,0,0
商超,3,2,J市嘉木商超门店,2026-05-30,enterprise_ref_184656,合成运营主体_184656,store_ref_624828,J市,J市嘉木商超门店,,job_ref_278560,1,1,1,否,0,0,0,0
商超,3,2,J市嘉木商超门店,2026-05-30,enterprise_ref_184656,合成运营主体_184656,store_ref_624828,J市,J市嘉木商超门店,,job_ref_860072,1,1,1,否,0,0,0,0
商超,3,2,J市嘉木商超门店,2026-05-30,enterprise_ref_184656,合成运营主体_184656,store_ref_624828,J市,J市嘉木商超门店,,job_ref_227104,1,1,1,否,0,0,0,0
商超,3,2,J市嘉木商超门店,2026-05-30,enterprise_ref_184656,合成运营主体_184656,store_ref_624828,J市,J市嘉木商超门店,,job_ref_227104,1,1,1,否,0,0,0,0
商超,3,2,J市嘉木商超门店,2026-05-30,enterprise_ref_184656,合成运营主体_184656,store_ref_624828,J市,J市嘉木商超门店,,job_ref_860072,1,1,1,否,0,0,0,0
商超,3,2,J市嘉木商超门店,2026-05-30,enterprise_ref_184656,合成运营主体_184656,store_ref_624828,J市,J市嘉木商超门店,,job_ref_625337,1,1,1,否,0,0,0,0
商超,3,2,J市嘉木商超门店,2026-05-30,enterprise_ref_184656,合成运营主体_184656,store_ref_624828,J市,J市嘉木商超门店,,job_ref_860072,1,1,1,否,0,0,0,0
商超,3,2,J市嘉木商超门店,2026-05-30,enterprise_ref_184656,合成运营主体_184656,store_ref_624828,J市,J市嘉木商超门店,,job_ref_517563,1,1,1,否,0,0,0,0
商超,3,2,J市嘉木商超门店,2026-05-30,enterprise_ref_184656,合成运营主体_184656,store_ref_624828,J市,J市嘉木商超门店,,job_ref_513885,1,1,1,否,0,0,0,0
商超,3,2,J市嘉木商超门店,2026-05-30,enterprise_ref_184656,合成运营主体_184656,store_ref_624828,J市,J市嘉木商超门店,,job_ref_778489,1,1,1,否,0,0,0,0
商超,3,2,J市嘉木商超门店,2026-05-30,enterprise_ref_184656,合成运营主体_184656,store_ref_624828,J市,J市嘉木商超门店,,job_ref_860072,0,1,1,否,0,0,0,0
商超,3,2,J市嘉木商超门店,2026-05-30,enterprise_ref_184656,合成运营主体_184656,store_ref_624828,J市,J市嘉木商超门店,,job_ref_625337,4,4,4,否,0,0,0,0
商超,3,2,J市嘉木商超门店,2026-05-30,enterprise_ref_184656,合成运营主体_184656,store_ref_624828,J市,J市嘉木商超门店,,job_ref_860072,1,1,1,否,0,0,0,0
商超,3,2,J市嘉木商超门店,2026-05-30,enterprise_ref_184656,合成运营主体_184656,store_ref_624828,J市,J市嘉木商超门店,,job_ref_399817,1,1,1,否,0,0,0,0
商超,3,2,J市嘉木商超门店,2026-05-30,enterprise_ref_184656,合成运营主体_184656,store_ref_624828,J市,J市嘉木商超门店,,job_ref_043543,1,1,1,否,0,0,0,0
商超,3,2,J市嘉木商超门店,2026-05-30,enterprise_ref_184656,合成运营主体_184656,store_ref_624828,J市,J市嘉木商超门店,,job_ref_270146,1,1,1,否,0,0,0,0
商超,3,2,J市嘉木商超门店,2026-05-30,enterprise_ref_184656,合成运营主体_184656,store_ref_624828,J市,J市嘉木商超门店,,job_ref_860072,1,1,1,否,0,0,0,0
商超,3,2,J市嘉木商超门店,2026-05-30,enterprise_ref_184656,合成运营主体_184656,store_ref_624828,J市,J市嘉木商超门店,,job_ref_860072,1,1,1,否,0,0,0,0
商超,3,2,J市嘉木商超门店,2026-05-30,enterprise_ref_184656,合成运营主体_184656,store_ref_624828,J市,J市嘉木商超门店,,job_ref_227104,1,1,1,否,0,0,0,0
商超,3,2,J市嘉木商超门店,2026-05-30,enterprise_ref_184656,合成运营主体_184656,store_ref_624828,J市,J市嘉木商超门店,,job_ref_227104,1,1,1,否,0,0,0,0
商超,3,2,J市嘉木商超门店,2026-05-30,enterprise_ref_184656,合成运营主体_184656,store_ref_624828,J市,J市嘉木商超门店,,job_ref_860072,1,1,1,否,0,0,0,0
商超,3,2,J市嘉木商超门店,2026-05-30,enterprise_ref_184656,合成运营主体_184656,store_ref_624828,J市,J市嘉木商超门店,,job_ref_625337,1,1,1,否,0,0,0,0
商超,3,2,J市嘉木商超门店,2026-05-30,enterprise_ref_184656,合成运营主体_184656,store_ref_624828,J市,J市嘉木商超门店,,job_ref_227104,1,1,1,否,0,0,0,0
商超,3,2,J市嘉木商超门店,2026-05-30,enterprise_ref_184656,合成运营主体_184656,store_ref_624828,J市,J市嘉木商超门店,,job_ref_399817,1,1,1,否,0,0,0,0
商超,3,2,J市嘉木商超门店,2026-05-30,enterprise_ref_184656,合成运营主体_184656,store_ref_624828,J市,J市嘉木商超门店,,job_ref_391389,1,1,1,否,0,0,0,0
商超,3,2,J市嘉木商超门店,2026-05-30,enterprise_ref_184656,合成运营主体_184656,store_ref_624828,J市,J市嘉木商超门店,,job_ref_043543,1,1,1,否,0,0,0,0
商超,3,2,J市嘉木商超门店,2026-05-30,enterprise_ref_184656,合成运营主体_184656,store_ref_624828,J市,J市嘉木商超门店,,job_ref_391389,1,1,1,否,0,0,0,0
商超,3,2,J市嘉木商超门店,2026-05-30,enterprise_ref_184656,合成运营主体_184656,store_ref_624828,J市,J市嘉木商超门店,,job_ref_391389,1,1,1,否,0,0,0,0
商超,3,2,J市嘉木商超门店,2026-05-30,enterprise_ref_184656,合成运营主体_184656,store_ref_624828,J市,J市嘉木商超门店,,job_ref_391389,0,1,1,否,0,0,0,0
商超,3,2,J市嘉木商超门店,2026-05-30,enterprise_ref_184656,合成运营主体_184656,store_ref_624828,J市,J市嘉木商超门店,,job_ref_517563,1,1,1,否,0,0,0,0
商超,3,2,J市嘉木商超门店,2026-05-31,enterprise_ref_184656,合成运营主体_184656,store_ref_624828,J市,J市嘉木商超门店,,job_ref_227104,1,1,1,否,0,0,0,0
商超,3,2,J市嘉木商超门店,2026-05-31,enterprise_ref_184656,合成运营主体_184656,store_ref_624828,J市,J市嘉木商超门店,,job_ref_391389,1,1,1,否,0,0,0,0
商超,3,2,J市嘉木商超门店,2026-05-31,enterprise_ref_184656,合成运营主体_184656,store_ref_624828,J市,J市嘉木商超门店,,job_ref_227104,1,1,1,否,0,0,0,0
商超,3,2,J市嘉木商超门店,2026-05-31,enterprise_ref_184656,合成运营主体_184656,store_ref_624828,J市,J市嘉木商超门店,,job_ref_227104,1,1,1,否,0,0,0,0
商超,3,2,J市嘉木商超门店,2026-05-31,enterprise_ref_184656,合成运营主体_184656,store_ref_624828,J市,J市嘉木商超门店,,job_ref_860072,1,1,1,否,0,0,0,0
商超,3,2,J市嘉木商超门店,2026-05-31,enterprise_ref_184656,合成运营主体_184656,store_ref_624828,J市,J市嘉木商超门店,,job_ref_625337,1,1,1,否,0,0,0,0
商超,3,2,J市嘉木商超门店,2026-05-31,enterprise_ref_184656,合成运营主体_184656,store_ref_624828,J市,J市嘉木商超门店,,job_ref_860072,1,1,1,否,0,0,0,0
商超,3,2,J市嘉木商超门店,2026-05-31,enterprise_ref_184656,合成运营主体_184656,store_ref_624828,J市,J市嘉木商超门店,,job_ref_517563,1,1,1,否,0,0,0,0
商超,3,2,J市嘉木商超门店,2026-05-31,enterprise_ref_184656,合成运营主体_184656,store_ref_624828,J市,J市嘉木商超门店,,job_ref_860072,1,1,1,否,0,0,0,0
商超,3,2,J市嘉木商超门店,2026-05-31,enterprise_ref_184656,合成运营主体_184656,store_ref_624828,J市,J市嘉木商超门店,,job_ref_778489,1,1,1,否,0,0,0,0
商超,3,2,J市嘉木商超门店,2026-05-31,enterprise_ref_184656,合成运营主体_184656,store_ref_624828,J市,J市嘉木商超门店,,job_ref_399817,1,1,1,否,0,0,0,0
商超,3,2,J市嘉木商超门店,2026-05-31,enterprise_ref_184656,合成运营主体_184656,store_ref_624828,J市,J市嘉木商超门店,,job_ref_391389,1,1,1,否,0,0,0,0
商超,3,2,J市嘉木商超门店,2026-05-31,enterprise_ref_184656,合成运营主体_184656,store_ref_624828,J市,J市嘉木商超门店,,job_ref_391389,1,1,1,否,0,0,0,0
商超,3,2,J市嘉木商超门店,2026-05-31,enterprise_ref_184656,合成运营主体_184656,store_ref_624828,J市,J市嘉木商超门店,,job_ref_391389,1,1,1,否,0,0,0,0
商超,3,2,J市嘉木商超门店,2026-05-31,enterprise_ref_184656,合成运营主体_184656,store_ref_624828,J市,J市嘉木商超门店,,job_ref_391389,0,1,1,否,0,0,0,0
商超,3,2,J市嘉木商超门店,2026-05-31,enterprise_ref_184656,合成运营主体_184656,store_ref_624828,J市,J市嘉木商超门店,,job_ref_399817,1,1,1,否,0,0,0,0
商超,3,2,J市嘉木商超门店,2026-05-31,enterprise_ref_184656,合成运营主体_184656,store_ref_624828,J市,J市嘉木商超门店,,job_ref_625337,1,1,1,否,0,0,0,0
商超,3,2,J市嘉木商超门店,2026-05-31,enterprise_ref_184656,合成运营主体_184656,store_ref_624828,J市,J市嘉木商超门店,,job_ref_517563,2,2,2,否,0,0,0,0
商超,3,2,J市嘉木商超门店,2026-05-31,enterprise_ref_184656,合成运营主体_184656,store_ref_624828,J市,J市嘉木商超门店,,job_ref_778489,1,1,1,否,0,0,0,0
商超,3,2,J市嘉木商超门店,2026-05-31,enterprise_ref_184656,合成运营主体_184656,store_ref_624828,J市,J市嘉木商超门店,,job_ref_278560,1,1,1,否,0,0,0,0
商超,3,2,J市嘉木商超门店,2026-05-31,enterprise_ref_184656,合成运营主体_184656,store_ref_624828,J市,J市嘉木商超门店,,job_ref_860072,1,1,1,否,0,0,0,0
商超,3,2,J市嘉木商超门店,2026-05-31,enterprise_ref_184656,合成运营主体_184656,store_ref_624828,J市,J市嘉木商超门店,,job_ref_227104,1,1,1,否,0,0,0,0
商超,3,2,J市嘉木商超门店,2026-05-31,enterprise_ref_184656,合成运营主体_184656,store_ref_624828,J市,J市嘉木商超门店,,job_ref_227104,1,1,1,否,0,0,0,0
商超,3,2,J市嘉木商超门店,2026-05-31,enterprise_ref_184656,合成运营主体_184656,store_ref_624828,J市,J市嘉木商超门店,,job_ref_778489,1,1,1,否,0,0,0,0
商超,3,2,J市嘉木商超门店,2026-05-31,enterprise_ref_184656,合成运营主体_184656,store_ref_624828,J市,J市嘉木商超门店,,job_ref_278560,3,3,3,否,0,0,0,0
商超,3,2,J市嘉木商超门店,2026-05-31,enterprise_ref_184656,合成运营主体_184656,store_ref_624828,J市,J市嘉木商超门店,,job_ref_860072,1,1,1,否,0,0,0,0
商超,3,2,J市嘉木商超门店,2026-05-31,enterprise_ref_184656,合成运营主体_184656,store_ref_624828,J市,J市嘉木商超门店,,job_ref_270146,1,1,1,否,0,0,0,0
商超,3,2,J市嘉木商超门店,2026-05-31,enterprise_ref_184656,合成运营主体_184656,store_ref_624828,J市,J市嘉木商超门店,,job_ref_625337,3,3,3,否,0,0,0,0
商超,3,2,J市嘉木商超门店,2026-05-31,enterprise_ref_184656,合成运营主体_184656,store_ref_624828,J市,J市嘉木商超门店,,job_ref_399817,1,1,1,否,0,0,0,0
商超,3,2,J市嘉木商超门店,2026-05-31,enterprise_ref_184656,合成运营主体_184656,store_ref_624828,J市,J市嘉木商超门店,,job_ref_625337,1,1,1,否,0,0,0,0
商超,3,2,J市嘉木商超门店,2026-05-31,enterprise_ref_184656,合成运营主体_184656,store_ref_624828,J市,J市嘉木商超门店,,job_ref_043543,1,1,1,否,0,0,0,0
商超,3,2,J市嘉木商超门店,2026-05-31,enterprise_ref_184656,合成运营主体_184656,store_ref_624828,J市,J市嘉木商超门店,,job_ref_391389,1,1,1,否,0,0,0,0
商超,3,2,J市嘉木商超门店,2026-05-31,enterprise_ref_184656,合成运营主体_184656,store_ref_624828,J市,J市嘉木商超门店,,job_ref_278560,3,3,3,否,0,0,0,0
商超,3,2,J市嘉木商超门店,2026-05-31,enterprise_ref_184656,合成运营主体_184656,store_ref_624828,J市,J市嘉木商超门店,,job_ref_391389,0,1,1,否,0,0,0,0
商超,3,2,J市嘉木商超门店,2026-05-31,enterprise_ref_184656,合成运营主体_184656,store_ref_624828,J市,J市嘉木商超门店,,job_ref_391389,1,1,1,否,0,0,0,0
商超,3,2,J市嘉木商超门店,2026-05-31,enterprise_ref_184656,合成运营主体_184656,store_ref_624828,J市,J市嘉木商超门店,,job_ref_517563,1,1,1,否,0,0,0,0
商超,3,2,J市嘉木商超门店,2026-05-31,enterprise_ref_184656,合成运营主体_184656,store_ref_624828,J市,J市嘉木商超门店,,job_ref_391389,1,1,1,否,0,0,0,0
商超,3,2,J市嘉木商超门店,2026-05-31,enterprise_ref_184656,合成运营主体_184656,store_ref_624828,J市,J市嘉木商超门店,,job_ref_043543,1,1,1,否,0,0,0,0
商超,3,2,J市嘉木商超门店,2026-05-31,enterprise_ref_184656,合成运营主体_184656,store_ref_624828,J市,J市嘉木商超门店,,job_ref_363393,1,1,1,否,0,0,0,0
商超,3,2,J市嘉木商超门店,2026-05-31,enterprise_ref_184656,合成运营主体_184656,store_ref_624828,J市,J市嘉木商超门店,,job_ref_391389,1,1,1,否,0,0,0,0
商超,3,2,J市嘉木商超门店,2026-05-31,enterprise_ref_184656,合成运营主体_184656,store_ref_624828,J市,J市嘉木商超门店,,job_ref_391389,1,1,1,否,0,0,0,0
商超,3,2,J市嘉木商超门店,2026-05-31,enterprise_ref_184656,合成运营主体_184656,store_ref_624828,J市,J市嘉木商超门店,,job_ref_227104,1,1,1,否,0,0,0,0
商超,3,2,J市嘉木商超门店,2026-05-31,enterprise_ref_184656,合成运营主体_184656,store_ref_624828,J市,J市嘉木商超门店,,job_ref_399817,1,1,1,否,0,0,0,0
商超,3,2,J市嘉木商超门店,2026-05-31,enterprise_ref_184656,合成运营主体_184656,store_ref_624828,J市,J市嘉木商超门店,,job_ref_860072,1,1,1,否,0,0,0,0
商超,3,2,J市嘉木商超门店,2026-05-31,enterprise_ref_184656,合成运营主体_184656,store_ref_624828,J市,J市嘉木商超门店,,job_ref_681297,1,1,1,否,0,0,0,0
商超,3,2,J市嘉木商超门店,2026-05-31,enterprise_ref_184656,合成运营主体_184656,store_ref_624828,J市,J市嘉木商超门店,,job_ref_860072,1,1,1,否,0,0,0,0
商超,3,2,J市嘉木商超门店,2026-05-31,enterprise_ref_184656,合成运营主体_184656,store_ref_624828,J市,J市嘉木商超门店,,job_ref_227104,1,1,1,否,0,0,0,0
商超,3,2,J市嘉木商超门店,2026-05-31,enterprise_ref_184656,合成运营主体_184656,store_ref_624828,J市,J市嘉木商超门店,,job_ref_043543,1,1,1,否,0,0,0,0
商超,3,2,J市嘉木商超门店,2026-05-31,enterprise_ref_184656,合成运营主体_184656,store_ref_624828,J市,J市嘉木商超门店,,job_ref_860072,1,1,1,否,0,0,0,0
商超,3,2,J市嘉木商超门店,2026-05-31,enterprise_ref_184656,合成运营主体_184656,store_ref_624828,J市,J市嘉木商超门店,,job_ref_860072,1,1,1,否,0,0,0,0
商超,3,2,J市嘉木商超门店,2026-05-31,enterprise_ref_184656,合成运营主体_184656,store_ref_624828,J市,J市嘉木商超门店,,job_ref_709051,1,1,1,否,0,0,0,0
商超,3,2,J市嘉木商超门店,2026-05-31,enterprise_ref_184656,合成运营主体_184656,store_ref_624828,J市,J市嘉木商超门店,,job_ref_379949,1,1,1,否,0,0,0,0
商超,3,3,X市远岚商超门店,2026-05-01,enterprise_ref_184656,合成运营主体_184656,store_ref_260139,X市,X市远岚商超门店,,job_ref_528868,2,2,2,否,0,0,0,0
商超,3,3,X市远岚商超门店,2026-05-01,enterprise_ref_184656,合成运营主体_184656,store_ref_260139,X市,X市远岚商超门店,,job_ref_726320,1,1,1,否,0,0,0,0
商超,3,3,X市远岚商超门店,2026-05-01,enterprise_ref_184656,合成运营主体_184656,store_ref_260139,X市,X市远岚商超门店,,job_ref_730028,1,1,1,否,0,0,0,0
商超,3,3,X市远岚商超门店,2026-05-01,enterprise_ref_184656,合成运营主体_184656,store_ref_260139,X市,X市远岚商超门店,,job_ref_870573,1,1,1,否,0,0,0,0
商超,3,3,X市远岚商超门店,2026-05-01,enterprise_ref_184656,合成运营主体_184656,store_ref_260139,X市,X市远岚商超门店,,job_ref_870573,1,1,1,否,0,0,0,0
商超,3,3,X市远岚商超门店,2026-05-01,enterprise_ref_184656,合成运营主体_184656,store_ref_260139,X市,X市远岚商超门店,,job_ref_726320,1,1,1,否,0,0,0,0
商超,3,3,X市远岚商超门店,2026-05-01,enterprise_ref_184656,合成运营主体_184656,store_ref_260139,X市,X市远岚商超门店,,job_ref_733708,2,2,2,否,0,0,0,0
商超,3,3,X市远岚商超门店,2026-05-01,enterprise_ref_184656,合成运营主体_184656,store_ref_260139,X市,X市远岚商超门店,,job_ref_528868,2,2,2,否,0,0,0,0
商超,3,3,X市远岚商超门店,2026-05-01,enterprise_ref_184656,合成运营主体_184656,store_ref_260139,X市,X市远岚商超门店,,job_ref_870573,1,1,1,否,0,0,0,0
商超,3,3,X市远岚商超门店,2026-05-01,enterprise_ref_184656,合成运营主体_184656,store_ref_260139,X市,X市远岚商超门店,,job_ref_870573,1,1,1,否,0,0,0,0
商超,3,3,X市远岚商超门店,2026-05-01,enterprise_ref_184656,合成运营主体_184656,store_ref_260139,X市,X市远岚商超门店,,job_ref_528868,1,1,1,否,0,0,0,0
商超,3,3,X市远岚商超门店,2026-05-01,enterprise_ref_184656,合成运营主体_184656,store_ref_260139,X市,X市远岚商超门店,,job_ref_730028,1,1,1,否,0,0,0,0
商超,3,3,X市远岚商超门店,2026-05-01,enterprise_ref_184656,合成运营主体_184656,store_ref_260139,X市,X市远岚商超门店,,job_ref_730028,1,1,1,否,0,0,0,0
商超,3,3,X市远岚商超门店,2026-05-01,enterprise_ref_184656,合成运营主体_184656,store_ref_260139,X市,X市远岚商超门店,,job_ref_791925,1,1,1,否,0,0,0,0
商超,3,3,X市远岚商超门店,2026-05-01,enterprise_ref_184656,合成运营主体_184656,store_ref_260139,X市,X市远岚商超门店,,job_ref_981321,1,1,1,否,0,0,0,0
商超,3,3,X市远岚商超门店,2026-05-01,enterprise_ref_184656,合成运营主体_184656,store_ref_260139,X市,X市远岚商超门店,,job_ref_371636,1,1,1,否,0,0,0,0
商超,3,3,X市远岚商超门店,2026-05-01,enterprise_ref_184656,合成运营主体_184656,store_ref_260139,X市,X市远岚商超门店,,job_ref_981321,0,1,1,否,0,0,0,0
商超,3,3,X市远岚商超门店,2026-05-01,enterprise_ref_184656,合成运营主体_184656,store_ref_260139,X市,X市远岚商超门店,,job_ref_730028,1,1,1,否,0,0,0,0
商超,3,3,X市远岚商超门店,2026-05-01,enterprise_ref_184656,合成运营主体_184656,store_ref_260139,X市,X市远岚商超门店,,job_ref_870573,1,1,1,否,0,0,0,0
商超,3,3,X市远岚商超门店,2026-05-01,enterprise_ref_184656,合成运营主体_184656,store_ref_260139,X市,X市远岚商超门店,,job_ref_733708,2,2,2,否,0,0,0,0
商超,3,3,X市远岚商超门店,2026-05-01,enterprise_ref_184656,合成运营主体_184656,store_ref_260139,X市,X市远岚商超门店,,job_ref_413733,1,1,1,否,0,0,0,0
商超,3,3,X市远岚商超门店,2026-05-01,enterprise_ref_184656,合成运营主体_184656,store_ref_260139,X市,X市远岚商超门店,,job_ref_981321,1,1,1,否,0,0,0,0
商超,3,3,X市远岚商超门店,2026-05-01,enterprise_ref_184656,合成运营主体_184656,store_ref_260139,X市,X市远岚商超门店,,job_ref_371636,1,1,1,否,0,0,0,0
商超,3,3,X市远岚商超门店,2026-05-01,enterprise_ref_184656,合成运营主体_184656,store_ref_260139,X市,X市远岚商超门店,,job_ref_981321,1,1,1,否,0,0,0,0
商超,3,3,X市远岚商超门店,2026-05-02,enterprise_ref_184656,合成运营主体_184656,store_ref_260139,X市,X市远岚商超门店,,job_ref_730028,1,1,1,否,0,0,0,0
商超,3,3,X市远岚商超门店,2026-05-02,enterprise_ref_184656,合成运营主体_184656,store_ref_260139,X市,X市远岚商超门店,,job_ref_870573,1,1,1,否,0,0,0,0
商超,3,3,X市远岚商超门店,2026-05-02,enterprise_ref_184656,合成运营主体_184656,store_ref_260139,X市,X市远岚商超门店,,job_ref_870573,1,1,1,否,0,0,0,0
商超,3,3,X市远岚商超门店,2026-05-02,enterprise_ref_184656,合成运营主体_184656,store_ref_260139,X市,X市远岚商超门店,,job_ref_870573,1,1,1,否,0,0,0,0
商超,3,3,X市远岚商超门店,2026-05-02,enterprise_ref_184656,合成运营主体_184656,store_ref_260139,X市,X市远岚商超门店,,job_ref_528868,2,2,2,否,0,0,0,0
商超,3,3,X市远岚商超门店,2026-05-02,enterprise_ref_184656,合成运营主体_184656,store_ref_260139,X市,X市远岚商超门店,,job_ref_528868,1,1,1,否,0,0,0,0
商超,3,3,X市远岚商超门店,2026-05-02,enterprise_ref_184656,合成运营主体_184656,store_ref_260139,X市,X市远岚商超门店,,job_ref_730028,1,1,1,否,0,0,0,0
商超,3,3,X市远岚商超门店,2026-05-02,enterprise_ref_184656,合成运营主体_184656,store_ref_260139,X市,X市远岚商超门店,,job_ref_726320,1,1,1,否,0,0,0,0
商超,3,3,X市远岚商超门店,2026-05-02,enterprise_ref_184656,合成运营主体_184656,store_ref_260139,X市,X市远岚商超门店,,job_ref_528868,2,2,2,否,0,0,0,0
商超,3,3,X市远岚商超门店,2026-05-02,enterprise_ref_184656,合成运营主体_184656,store_ref_260139,X市,X市远岚商超门店,,job_ref_981321,1,1,1,否,0,0,0,0
商超,3,3,X市远岚商超门店,2026-05-02,enterprise_ref_184656,合成运营主体_184656,store_ref_260139,X市,X市远岚商超门店,,job_ref_730028,1,1,1,否,0,0,0,0
商超,3,3,X市远岚商超门店,2026-05-02,enterprise_ref_184656,合成运营主体_184656,store_ref_260139,X市,X市远岚商超门店,,job_ref_371636,1,1,1,否,0,0,0,0
商超,3,3,X市远岚商超门店,2026-05-02,enterprise_ref_184656,合成运营主体_184656,store_ref_260139,X市,X市远岚商超门店,,job_ref_726320,1,1,1,否,0,0,0,0
商超,3,3,X市远岚商超门店,2026-05-02,enterprise_ref_184656,合成运营主体_184656,store_ref_260139,X市,X市远岚商超门店,,job_ref_870573,1,1,1,否,0,0,0,0
商超,3,3,X市远岚商超门店,2026-05-02,enterprise_ref_184656,合成运营主体_184656,store_ref_260139,X市,X市远岚商超门店,,job_ref_870573,1,1,1,否,0,0,0,0
商超,3,3,X市远岚商超门店,2026-05-02,enterprise_ref_184656,合成运营主体_184656,store_ref_260139,X市,X市远岚商超门店,,job_ref_981321,1,1,1,否,0,0,0,0
商超,3,3,X市远岚商超门店,2026-05-02,enterprise_ref_184656,合成运营主体_184656,store_ref_260139,X市,X市远岚商超门店,,job_ref_730028,1,1,1,否,0,0,0,0
商超,3,3,X市远岚商超门店,2026-05-02,enterprise_ref_184656,合成运营主体_184656,store_ref_260139,X市,X市远岚商超门店,,job_ref_726320,1,1,1,否,0,0,0,0
商超,3,3,X市远岚商超门店,2026-05-02,enterprise_ref_184656,合成运营主体_184656,store_ref_260139,X市,X市远岚商超门店,,job_ref_981321,1,1,1,否,0,0,0,0
商超,3,3,X市远岚商超门店,2026-05-02,enterprise_ref_184656,合成运营主体_184656,store_ref_260139,X市,X市远岚商超门店,,job_ref_371636,1,1,1,否,0,0,0,0
商超,3,3,X市远岚商超门店,2026-05-02,enterprise_ref_184656,合成运营主体_184656,store_ref_260139,X市,X市远岚商超门店,,job_ref_733708,2,2,2,否,0,0,0,0
商超,3,3,X市远岚商超门店,2026-05-02,enterprise_ref_184656,合成运营主体_184656,store_ref_260139,X市,X市远岚商超门店,,job_ref_733708,2,2,2,否,0,0,0,0
商超,3,3,X市远岚商超门店,2026-05-02,enterprise_ref_184656,合成运营主体_184656,store_ref_260139,X市,X市远岚商超门店,,job_ref_413733,1,1,1,否,0,0,0,0
商超,3,3,X市远岚商超门店,2026-05-02,enterprise_ref_184656,合成运营主体_184656,store_ref_260139,X市,X市远岚商超门店,,job_ref_791925,1,1,1,否,0,0,0,0
商超,3,3,X市远岚商超门店,2026-05-02,enterprise_ref_184656,合成运营主体_184656,store_ref_260139,X市,X市远岚商超门店,,job_ref_870573,1,1,1,否,0,0,0,0
商超,3,3,X市远岚商超门店,2026-05-03,enterprise_ref_184656,合成运营主体_184656,store_ref_260139,X市,X市远岚商超门店,,job_ref_726320,1,1,1,否,0,0,0,0
商超,3,3,X市远岚商超门店,2026-05-03,enterprise_ref_184656,合成运营主体_184656,store_ref_260139,X市,X市远岚商超门店,,job_ref_870573,1,1,1,否,0,0,0,0
商超,3,3,X市远岚商超门店,2026-05-03,enterprise_ref_184656,合成运营主体_184656,store_ref_260139,X市,X市远岚商超门店,,job_ref_528868,2,2,2,否,0,0,0,0
商超,3,3,X市远岚商超门店,2026-05-03,enterprise_ref_184656,合成运营主体_184656,store_ref_260139,X市,X市远岚商超门店,,job_ref_870573,1,1,1,否,0,0,0,0
商超,3,3,X市远岚商超门店,2026-05-03,enterprise_ref_184656,合成运营主体_184656,store_ref_260139,X市,X市远岚商超门店,,job_ref_870573,1,1,1,否,0,0,0,0
商超,3,3,X市远岚商超门店,2026-05-03,enterprise_ref_184656,合成运营主体_184656,store_ref_260139,X市,X市远岚商超门店,,job_ref_528868,2,2,2,否,0,0,0,0
商超,3,3,X市远岚商超门店,2026-05-03,enterprise_ref_184656,合成运营主体_184656,store_ref_260139,X市,X市远岚商超门店,,job_ref_371636,1,1,1,否,0,0,0,0
商超,3,3,X市远岚商超门店,2026-05-03,enterprise_ref_184656,合成运营主体_184656,store_ref_260139,X市,X市远岚商超门店,,job_ref_791925,1,1,1,否,0,0,0,0
商超,3,3,X市远岚商超门店,2026-05-03,enterprise_ref_184656,合成运营主体_184656,store_ref_260139,X市,X市远岚商超门店,,job_ref_981321,1,1,1,否,0,0,0,0
商超,3,3,X市远岚商超门店,2026-05-03,enterprise_ref_184656,合成运营主体_184656,store_ref_260139,X市,X市远岚商超门店,,job_ref_371636,1,1,1,否,0,0,0,0
商超,3,3,X市远岚商超门店,2026-05-03,enterprise_ref_184656,合成运营主体_184656,store_ref_260139,X市,X市远岚商超门店,,job_ref_870573,1,1,1,否,0,0,0,0
商超,3,3,X市远岚商超门店,2026-05-03,enterprise_ref_184656,合成运营主体_184656,store_ref_260139,X市,X市远岚商超门店,,job_ref_528868,1,1,1,否,0,0,0,0
商超,3,3,X市远岚商超门店,2026-05-03,enterprise_ref_184656,合成运营主体_184656,store_ref_260139,X市,X市远岚商超门店,,job_ref_870573,1,1,1,否,0,0,0,0
商超,3,3,X市远岚商超门店,2026-05-03,enterprise_ref_184656,合成运营主体_184656,store_ref_260139,X市,X市远岚商超门店,,job_ref_726320,1,1,1,否,0,0,0,0
商超,3,3,X市远岚商超门店,2026-05-03,enterprise_ref_184656,合成运营主体_184656,store_ref_260139,X市,X市远岚商超门店,,job_ref_733708,3,3,3,否,0,0,0,0
商超,3,3,X市远岚商超门店,2026-05-03,enterprise_ref_184656,合成运营主体_184656,store_ref_260139,X市,X市远岚商超门店,,job_ref_726320,1,1,1,否,0,0,0,0
商超,3,3,X市远岚商超门店,2026-05-03,enterprise_ref_184656,合成运营主体_184656,store_ref_260139,X市,X市远岚商超门店,,job_ref_730028,1,1,1,否,0,0,0,0
商超,3,3,X市远岚商超门店,2026-05-03,enterprise_ref_184656,合成运营主体_184656,store_ref_260139,X市,X市远岚商超门店,,job_ref_981321,1,1,1,否,0,0,0,0
商超,3,3,X市远岚商超门店,2026-05-03,enterprise_ref_184656,合成运营主体_184656,store_ref_260139,X市,X市远岚商超门店,,job_ref_733708,1,1,1,否,0,0,0,0
商超,3,3,X市远岚商超门店,2026-05-03,enterprise_ref_184656,合成运营主体_184656,store_ref_260139,X市,X市远岚商超门店,,job_ref_733708,1,1,1,否,0,0,0,0
商超,3,3,X市远岚商超门店,2026-05-03,enterprise_ref_184656,合成运营主体_184656,store_ref_260139,X市,X市远岚商超门店,,job_ref_870573,0,1,1,否,0,0,0,0
商超,3,3,X市远岚商超门店,2026-05-03,enterprise_ref_184656,合成运营主体_184656,store_ref_260139,X市,X市远岚商超门店,,job_ref_730028,1,1,1,否,0,0,0,0
商超,3,3,X市远岚商超门店,2026-05-03,enterprise_ref_184656,合成运营主体_184656,store_ref_260139,X市,X市远岚商超门店,,job_ref_730028,1,1,1,否,0,0,0,0
商超,3,3,X市远岚商超门店,2026-05-03,enterprise_ref_184656,合成运营主体_184656,store_ref_260139,X市,X市远岚商超门店,,job_ref_981321,1,1,1,否,0,0,0,0
商超,3,3,X市远岚商超门店,2026-05-04,enterprise_ref_184656,合成运营主体_184656,store_ref_260139,X市,X市远岚商超门店,,job_ref_791925,1,1,1,否,0,0,0,0
商超,3,3,X市远岚商超门店,2026-05-04,enterprise_ref_184656,合成运营主体_184656,store_ref_260139,X市,X市远岚商超门店,,job_ref_726320,1,1,1,否,0,0,0,0
商超,3,3,X市远岚商超门店,2026-05-04,enterprise_ref_184656,合成运营主体_184656,store_ref_260139,X市,X市远岚商超门店,,job_ref_733708,2,2,2,否,0,0,0,0
商超,3,3,X市远岚商超门店,2026-05-04,enterprise_ref_184656,合成运营主体_184656,store_ref_260139,X市,X市远岚商超门店,,job_ref_733708,2,2,2,否,0,0,0,0
商超,3,3,X市远岚商超门店,2026-05-04,enterprise_ref_184656,合成运营主体_184656,store_ref_260139,X市,X市远岚商超门店,,job_ref_733708,1,1,1,否,0,0,0,0
商超,3,3,X市远岚商超门店,2026-05-04,enterprise_ref_184656,合成运营主体_184656,store_ref_260139,X市,X市远岚商超门店,,job_ref_870573,1,1,1,否,0,0,0,0
商超,3,3,X市远岚商超门店,2026-05-04,enterprise_ref_184656,合成运营主体_184656,store_ref_260139,X市,X市远岚商超门店,,job_ref_528868,1,2,2,否,0,0,0,0
商超,3,3,X市远岚商超门店,2026-05-04,enterprise_ref_184656,合成运营主体_184656,store_ref_260139,X市,X市远岚商超门店,,job_ref_981321,1,1,1,否,0,0,0,0
商超,3,3,X市远岚商超门店,2026-05-04,enterprise_ref_184656,合成运营主体_184656,store_ref_260139,X市,X市远岚商超门店,,job_ref_413733,1,1,1,否,0,0,0,0
商超,3,3,X市远岚商超门店,2026-05-04,enterprise_ref_184656,合成运营主体_184656,store_ref_260139,X市,X市远岚商超门店,,job_ref_528868,1,1,1,否,0,0,0,0
商超,3,3,X市远岚商超门店,2026-05-04,enterprise_ref_184656,合成运营主体_184656,store_ref_260139,X市,X市远岚商超门店,,job_ref_371636,0,1,1,否,0,0,0,0
商超,3,3,X市远岚商超门店,2026-05-04,enterprise_ref_184656,合成运营主体_184656,store_ref_260139,X市,X市远岚商超门店,,job_ref_870573,1,1,1,否,0,0,0,0
商超,3,3,X市远岚商超门店,2026-05-04,enterprise_ref_184656,合成运营主体_184656,store_ref_260139,X市,X市远岚商超门店,,job_ref_371636,1,1,1,否,0,0,0,0
商超,3,3,X市远岚商超门店,2026-05-04,enterprise_ref_184656,合成运营主体_184656,store_ref_260139,X市,X市远岚商超门店,,job_ref_528868,1,1,1,否,0,0,0,0
商超,3,3,X市远岚商超门店,2026-05-04,enterprise_ref_184656,合成运营主体_184656,store_ref_260139,X市,X市远岚商超门店,,job_ref_870573,1,1,1,否,0,0,0,0
商超,3,3,X市远岚商超门店,2026-05-04,enterprise_ref_184656,合成运营主体_184656,store_ref_260139,X市,X市远岚商超门店,,job_ref_726320,1,1,1,否,0,0,0,0
商超,3,3,X市远岚商超门店,2026-05-04,enterprise_ref_184656,合成运营主体_184656,store_ref_260139,X市,X市远岚商超门店,,job_ref_870573,1,1,1,否,0,0,0,0
商超,3,3,X市远岚商超门店,2026-05-04,enterprise_ref_184656,合成运营主体_184656,store_ref_260139,X市,X市远岚商超门店,,job_ref_730028,1,1,1,否,0,0,0,0
商超,3,3,X市远岚商超门店,2026-05-04,enterprise_ref_184656,合成运营主体_184656,store_ref_260139,X市,X市远岚商超门店,,job_ref_371636,1,1,1,否,0,0,0,0
商超,3,3,X市远岚商超门店,2026-05-04,enterprise_ref_184656,合成运营主体_184656,store_ref_260139,X市,X市远岚商超门店,,job_ref_981321,1,1,1,否,0,0,0,0
商超,3,3,X市远岚商超门店,2026-05-04,enterprise_ref_184656,合成运营主体_184656,store_ref_260139,X市,X市远岚商超门店,,job_ref_730028,1,1,1,否,0,0,0,0
商超,3,3,X市远岚商超门店,2026-05-04,enterprise_ref_184656,合成运营主体_184656,store_ref_260139,X市,X市远岚商超门店,,job_ref_528868,1,1,1,否,0,0,0,0
商超,3,3,X市远岚商超门店,2026-05-04,enterprise_ref_184656,合成运营主体_184656,store_ref_260139,X市,X市远岚商超门店,,job_ref_981321,1,1,1,否,0,0,0,0
商超,3,3,X市远岚商超门店,2026-05-04,enterprise_ref_184656,合成运营主体_184656,store_ref_260139,X市,X市远岚商超门店,,job_ref_981321,1,1,1,否,0,0,0,0
商超,3,3,X市远岚商超门店,2026-05-04,enterprise_ref_184656,合成运营主体_184656,store_ref_260139,X市,X市远岚商超门店,,job_ref_726320,1,1,1,否,0,0,0,0
商超,3,3,X市远岚商超门店,2026-05-04,enterprise_ref_184656,合成运营主体_184656,store_ref_260139,X市,X市远岚商超门店,,job_ref_870573,1,1,1,否,0,0,0,0
商超,3,3,X市远岚商超门店,2026-05-04,enterprise_ref_184656,合成运营主体_184656,store_ref_260139,X市,X市远岚商超门店,,job_ref_870573,1,1,1,否,0,0,0,0
商超,3,3,X市远岚商超门店,2026-05-04,enterprise_ref_184656,合成运营主体_184656,store_ref_260139,X市,X市远岚商超门店,,job_ref_730028,1,1,1,否,0,0,0,0
商超,3,3,X市远岚商超门店,2026-05-04,enterprise_ref_184656,合成运营主体_184656,store_ref_260139,X市,X市远岚商超门店,,job_ref_528868,1,2,2,否,0,0,0,0
商超,3,3,X市远岚商超门店,2026-05-05,enterprise_ref_184656,合成运营主体_184656,store_ref_260139,X市,X市远岚商超门店,,job_ref_870573,1,1,1,否,0,0,0,0
商超,3,3,X市远岚商超门店,2026-05-05,enterprise_ref_184656,合成运营主体_184656,store_ref_260139,X市,X市远岚商超门店,,job_ref_791925,1,1,1,否,0,0,0,0
商超,3,3,X市远岚商超门店,2026-05-05,enterprise_ref_184656,合成运营主体_184656,store_ref_260139,X市,X市远岚商超门店,,job_ref_870573,1,1,1,否,0,0,0,0
商超,3,3,X市远岚商超门店,2026-05-05,enterprise_ref_184656,合成运营主体_184656,store_ref_260139,X市,X市远岚商超门店,,job_ref_870573,1,1,1,否,0,0,0,0
商超,3,3,X市远岚商超门店,2026-05-05,enterprise_ref_184656,合成运营主体_184656,store_ref_260139,X市,X市远岚商超门店,,job_ref_730028,1,1,1,否,0,0,0,0
商超,3,3,X市远岚商超门店,2026-05-05,enterprise_ref_184656,合成运营主体_184656,store_ref_260139,X市,X市远岚商超门店,,job_ref_528868,2,2,2,否,0,0,0,0
商超,3,3,X市远岚商超门店,2026-05-05,enterprise_ref_184656,合成运营主体_184656,store_ref_260139,X市,X市远岚商超门店,,job_ref_870573,1,1,1,否,0,0,0,0
商超,3,3,X市远岚商超门店,2026-05-05,enterprise_ref_184656,合成运营主体_184656,store_ref_260139,X市,X市远岚商超门店,,job_ref_981321,1,1,1,否,0,0,0,0
商超,3,3,X市远岚商超门店,2026-05-05,enterprise_ref_184656,合成运营主体_184656,store_ref_260139,X市,X市远岚商超门店,,job_ref_371636,1,1,1,否,0,0,0,0
商超,3,3,X市远岚商超门店,2026-05-05,enterprise_ref_184656,合成运营主体_184656,store_ref_260139,X市,X市远岚商超门店,,job_ref_528868,1,1,1,否,0,0,0,0
商超,3,3,X市远岚商超门店,2026-05-05,enterprise_ref_184656,合成运营主体_184656,store_ref_260139,X市,X市远岚商超门店,,job_ref_981321,1,1,1,否,0,0,0,0
商超,3,3,X市远岚商超门店,2026-05-05,enterprise_ref_184656,合成运营主体_184656,store_ref_260139,X市,X市远岚商超门店,,job_ref_733708,2,2,2,否,0,0,0,0
商超,3,3,X市远岚商超门店,2026-05-05,enterprise_ref_184656,合成运营主体_184656,store_ref_260139,X市,X市远岚商超门店,,job_ref_873703,1,1,1,否,0,0,0,0
商超,3,3,X市远岚商超门店,2026-05-05,enterprise_ref_184656,合成运营主体_184656,store_ref_260139,X市,X市远岚商超门店,,job_ref_733708,2,2,2,否,0,0,0,0
商超,3,3,X市远岚商超门店,2026-05-05,enterprise_ref_184656,合成运营主体_184656,store_ref_260139,X市,X市远岚商超门店,,job_ref_730028,1,1,1,否,0,0,0,0
商超,3,3,X市远岚商超门店,2026-05-05,enterprise_ref_184656,合成运营主体_184656,store_ref_260139,X市,X市远岚商超门店,,job_ref_733708,1,1,1,否,0,0,0,0
商超,3,3,X市远岚商超门店,2026-05-05,enterprise_ref_184656,合成运营主体_184656,store_ref_260139,X市,X市远岚商超门店,,job_ref_371636,0,1,1,否,0,0,0,0
商超,3,3,X市远岚商超门店,2026-05-05,enterprise_ref_184656,合成运营主体_184656,store_ref_260139,X市,X市远岚商超门店,,job_ref_870573,1,1,1,否,0,0,0,0
商超,3,3,X市远岚商超门店,2026-05-05,enterprise_ref_184656,合成运营主体_184656,store_ref_260139,X市,X市远岚商超门店,,job_ref_870573,1,1,1,否,0,0,0,0
商超,3,3,X市远岚商超门店,2026-05-05,enterprise_ref_184656,合成运营主体_184656,store_ref_260139,X市,X市远岚商超门店,,job_ref_528868,2,2,2,否,0,0,0,0
商超,3,3,X市远岚商超门店,2026-05-05,enterprise_ref_184656,合成运营主体_184656,store_ref_260139,X市,X市远岚商超门店,,job_ref_873703,0,1,1,否,0,0,0,0
商超,3,3,X市远岚商超门店,2026-05-05,enterprise_ref_184656,合成运营主体_184656,store_ref_260139,X市,X市远岚商超门店,,job_ref_726320,1,1,1,否,0,0,0,0
商超,3,3,X市远岚商超门店,2026-05-05,enterprise_ref_184656,合成运营主体_184656,store_ref_260139,X市,X市远岚商超门店,,job_ref_726320,1,1,1,否,0,0,0,0
商超,3,3,X市远岚商超门店,2026-05-05,enterprise_ref_184656,合成运营主体_184656,store_ref_260139,X市,X市远岚商超门店,,job_ref_981321,1,1,1,否,0,0,0,0
商超,3,3,X市远岚商超门店,2026-05-05,enterprise_ref_184656,合成运营主体_184656,store_ref_260139,X市,X市远岚商超门店,,job_ref_413733,1,1,1,否,0,0,0,0
商超,3,3,X市远岚商超门店,2026-05-05,enterprise_ref_184656,合成运营主体_184656,store_ref_260139,X市,X市远岚商超门店,,job_ref_371636,1,1,1,否,0,0,0,0
商超,3,3,X市远岚商超门店,2026-05-05,enterprise_ref_184656,合成运营主体_184656,store_ref_260139,X市,X市远岚商超门店,,job_ref_981321,1,1,1,否,0,0,0,0
商超,3,3,X市远岚商超门店,2026-05-05,enterprise_ref_184656,合成运营主体_184656,store_ref_260139,X市,X市远岚商超门店,,job_ref_870573,1,1,1,否,0,0,0,0
商超,3,3,X市远岚商超门店,2026-05-05,enterprise_ref_184656,合成运营主体_184656,store_ref_260139,X市,X市远岚商超门店,,job_ref_870573,1,1,1,否,0,0,0,0
商超,3,3,X市远岚商超门店,2026-05-05,enterprise_ref_184656,合成运营主体_184656,store_ref_260139,X市,X市远岚商超门店,,job_ref_981321,1,1,1,否,0,0,0,0
商超,3,3,X市远岚商超门店,2026-05-05,enterprise_ref_184656,合成运营主体_184656,store_ref_260139,X市,X市远岚商超门店,,job_ref_726320,1,1,1,否,0,0,0,0
商超,3,3,X市远岚商超门店,2026-05-06,enterprise_ref_184656,合成运营主体_184656,store_ref_260139,X市,X市远岚商超门店,,job_ref_981321,1,1,1,否,0,0,0,0
商超,3,3,X市远岚商超门店,2026-05-06,enterprise_ref_184656,合成运营主体_184656,store_ref_260139,X市,X市远岚商超门店,,job_ref_371636,1,1,1,否,0,0,0,0
商超,3,3,X市远岚商超门店,2026-05-06,enterprise_ref_184656,合成运营主体_184656,store_ref_260139,X市,X市远岚商超门店,,job_ref_726320,1,1,1,否,0,0,0,0
商超,3,3,X市远岚商超门店,2026-05-06,enterprise_ref_184656,合成运营主体_184656,store_ref_260139,X市,X市远岚商超门店,,job_ref_730028,1,1,1,否,0,0,0,0
商超,3,3,X市远岚商超门店,2026-05-06,enterprise_ref_184656,合成运营主体_184656,store_ref_260139,X市,X市远岚商超门店,,job_ref_870573,1,1,1,否,0,0,0,0
商超,3,3,X市远岚商超门店,2026-05-06,enterprise_ref_184656,合成运营主体_184656,store_ref_260139,X市,X市远岚商超门店,,job_ref_981321,1,1,1,否,0,0,0,0
商超,3,3,X市远岚商超门店,2026-05-06,enterprise_ref_184656,合成运营主体_184656,store_ref_260139,X市,X市远岚商超门店,,job_ref_733708,2,2,2,否,0,0,0,0
商超,3,3,X市远岚商超门店,2026-05-06,enterprise_ref_184656,合成运营主体_184656,store_ref_260139,X市,X市远岚商超门店,,job_ref_870573,1,1,1,否,0,0,0,0
商超,3,3,X市远岚商超门店,2026-05-06,enterprise_ref_184656,合成运营主体_184656,store_ref_260139,X市,X市远岚商超门店,,job_ref_528868,2,2,2,否,0,0,0,0
商超,3,3,X市远岚商超门店,2026-05-06,enterprise_ref_184656,合成运营主体_184656,store_ref_260139,X市,X市远岚商超门店,,job_ref_730028,1,1,1,否,0,0,0,0
商超,3,3,X市远岚商超门店,2026-05-06,enterprise_ref_184656,合成运营主体_184656,store_ref_260139,X市,X市远岚商超门店,,job_ref_791925,1,1,1,否,0,0,0,0
商超,3,3,X市远岚商超门店,2026-05-06,enterprise_ref_184656,合成运营主体_184656,store_ref_260139,X市,X市远岚商超门店,,job_ref_870573,1,1,1,否,0,0,0,0
商超,3,3,X市远岚商超门店,2026-05-06,enterprise_ref_184656,合成运营主体_184656,store_ref_260139,X市,X市远岚商超门店,,job_ref_528868,1,1,1,否,0,0,0,0
商超,3,3,X市远岚商超门店,2026-05-06,enterprise_ref_184656,合成运营主体_184656,store_ref_260139,X市,X市远岚商超门店,,job_ref_870573,1,1,1,否,0,0,0,0
商超,3,3,X市远岚商超门店,2026-05-06,enterprise_ref_184656,合成运营主体_184656,store_ref_260139,X市,X市远岚商超门店,,job_ref_870573,1,1,1,否,0,0,0,0
商超,3,3,X市远岚商超门店,2026-05-06,enterprise_ref_184656,合成运营主体_184656,store_ref_260139,X市,X市远岚商超门店,,job_ref_726320,1,1,1,否,0,0,0,0
商超,3,3,X市远岚商超门店,2026-05-06,enterprise_ref_184656,合成运营主体_184656,store_ref_260139,X市,X市远岚商超门店,,job_ref_730028,1,1,1,否,0,0,0,0
商超,3,3,X市远岚商超门店,2026-05-06,enterprise_ref_184656,合成运营主体_184656,store_ref_260139,X市,X市远岚商超门店,,job_ref_413733,1,1,1,否,0,0,0,0
商超,3,3,X市远岚商超门店,2026-05-06,enterprise_ref_184656,合成运营主体_184656,store_ref_260139,X市,X市远岚商超门店,,job_ref_981321,1,1,1,否,0,0,0,0
商超,3,3,X市远岚商超门店,2026-05-06,enterprise_ref_184656,合成运营主体_184656,store_ref_260139,X市,X市远岚商超门店,,job_ref_733708,2,2,2,否,0,0,0,0
商超,3,3,X市远岚商超门店,2026-05-06,enterprise_ref_184656,合成运营主体_184656,store_ref_260139,X市,X市远岚商超门店,,job_ref_726320,2,2,2,否,0,0,0,0
商超,3,3,X市远岚商超门店,2026-05-06,enterprise_ref_184656,合成运营主体_184656,store_ref_260139,X市,X市远岚商超门店,,job_ref_870573,1,1,1,否,0,0,0,0
商超,3,3,X市远岚商超门店,2026-05-06,enterprise_ref_184656,合成运营主体_184656,store_ref_260139,X市,X市远岚商超门店,,job_ref_528868,2,2,2,否,0,0,0,0
商超,3,3,X市远岚商超门店,2026-05-06,enterprise_ref_184656,合成运营主体_184656,store_ref_260139,X市,X市远岚商超门店,,job_ref_870573,1,1,1,否,0,0,0,0
商超,3,3,X市远岚商超门店,2026-05-06,enterprise_ref_184656,合成运营主体_184656,store_ref_260139,X市,X市远岚商超门店,,job_ref_726320,1,1,1,否,0,0,0,0
商超,3,3,X市远岚商超门店,2026-05-06,enterprise_ref_184656,合成运营主体_184656,store_ref_260139,X市,X市远岚商超门店,,job_ref_730028,0,1,1,否,0,0,0,0
商超,3,3,X市远岚商超门店,2026-05-06,enterprise_ref_184656,合成运营主体_184656,store_ref_260139,X市,X市远岚商超门店,,job_ref_726320,1,1,1,否,0,0,0,0
商超,3,3,X市远岚商超门店,2026-05-07,enterprise_ref_184656,合成运营主体_184656,store_ref_260139,X市,X市远岚商超门店,,job_ref_726320,1,1,1,否,0,0,0,0
商超,3,3,X市远岚商超门店,2026-05-07,enterprise_ref_184656,合成运营主体_184656,store_ref_260139,X市,X市远岚商超门店,,job_ref_371636,1,1,1,否,0,0,0,0
商超,3,3,X市远岚商超门店,2026-05-07,enterprise_ref_184656,合成运营主体_184656,store_ref_260139,X市,X市远岚商超门店,,job_ref_733708,2,2,2,否,0,0,0,0
商超,3,3,X市远岚商超门店,2026-05-07,enterprise_ref_184656,合成运营主体_184656,store_ref_260139,X市,X市远岚商超门店,,job_ref_730028,1,1,1,否,0,0,0,0
商超,3,3,X市远岚商超门店,2026-05-07,enterprise_ref_184656,合成运营主体_184656,store_ref_260139,X市,X市远岚商超门店,,job_ref_870573,1,1,1,否,0,0,0,0
商超,3,3,X市远岚商超门店,2026-05-07,enterprise_ref_184656,合成运营主体_184656,store_ref_260139,X市,X市远岚商超门店,,job_ref_870573,1,1,1,否,0,0,0,0
商超,3,3,X市远岚商超门店,2026-05-07,enterprise_ref_184656,合成运营主体_184656,store_ref_260139,X市,X市远岚商超门店,,job_ref_870573,1,1,1,否,0,0,0,0
商超,3,3,X市远岚商超门店,2026-05-07,enterprise_ref_184656,合成运营主体_184656,store_ref_260139,X市,X市远岚商超门店,,job_ref_371636,1,1,1,否,0,0,0,0
商超,3,3,X市远岚商超门店,2026-05-07,enterprise_ref_184656,合成运营主体_184656,store_ref_260139,X市,X市远岚商超门店,,job_ref_726320,1,1,1,否,0,0,0,0
商超,3,3,X市远岚商超门店,2026-05-07,enterprise_ref_184656,合成运营主体_184656,store_ref_260139,X市,X市远岚商超门店,,job_ref_981321,1,1,1,否,0,0,0,0
商超,3,3,X市远岚商超门店,2026-05-07,enterprise_ref_184656,合成运营主体_184656,store_ref_260139,X市,X市远岚商超门店,,job_ref_870573,1,1,1,否,0,0,0,0
商超,3,3,X市远岚商超门店,2026-05-07,enterprise_ref_184656,合成运营主体_184656,store_ref_260139,X市,X市远岚商超门店,,job_ref_730028,1,1,1,否,0,0,0,0
商超,3,3,X市远岚商超门店,2026-05-07,enterprise_ref_184656,合成运营主体_184656,store_ref_260139,X市,X市远岚商超门店,,job_ref_730028,1,1,1,否,0,0,0,0
商超,3,3,X市远岚商超门店,2026-05-07,enterprise_ref_184656,合成运营主体_184656,store_ref_260139,X市,X市远岚商超门店,,job_ref_870573,1,1,1,否,0,0,0,0
商超,3,3,X市远岚商超门店,2026-05-07,enterprise_ref_184656,合成运营主体_184656,store_ref_260139,X市,X市远岚商超门店,,job_ref_870573,1,1,1,否,0,0,0,0
商超,3,3,X市远岚商超门店,2026-05-07,enterprise_ref_184656,合成运营主体_184656,store_ref_260139,X市,X市远岚商超门店,,job_ref_730028,1,1,1,否,0,0,0,0
商超,3,3,X市远岚商超门店,2026-05-07,enterprise_ref_184656,合成运营主体_184656,store_ref_260139,X市,X市远岚商超门店,,job_ref_870573,1,1,1,否,0,0,0,0
商超,3,3,X市远岚商超门店,2026-05-07,enterprise_ref_184656,合成运营主体_184656,store_ref_260139,X市,X市远岚商超门店,,job_ref_528868,2,2,2,否,0,0,0,0
商超,3,3,X市远岚商超门店,2026-05-07,enterprise_ref_184656,合成运营主体_184656,store_ref_260139,X市,X市远岚商超门店,,job_ref_726320,1,1,1,否,0,0,0,0
商超,3,3,X市远岚商超门店,2026-05-07,enterprise_ref_184656,合成运营主体_184656,store_ref_260139,X市,X市远岚商超门店,,job_ref_733708,2,2,2,否,0,0,0,0
商超,3,3,X市远岚商超门店,2026-05-07,enterprise_ref_184656,合成运营主体_184656,store_ref_260139,X市,X市远岚商超门店,,job_ref_733708,1,1,1,否,0,0,0,0
商超,3,3,X市远岚商超门店,2026-05-07,enterprise_ref_184656,合成运营主体_184656,store_ref_260139,X市,X市远岚商超门店,,job_ref_528868,2,2,2,否,0,0,0,0
商超,3,3,X市远岚商超门店,2026-05-07,enterprise_ref_184656,合成运营主体_184656,store_ref_260139,X市,X市远岚商超门店,,job_ref_981321,2,2,2,否,0,0,0,0
商超,3,3,X市远岚商超门店,2026-05-07,enterprise_ref_184656,合成运营主体_184656,store_ref_260139,X市,X市远岚商超门店,,job_ref_528868,1,1,1,否,0,0,0,0
商超,3,3,X市远岚商超门店,2026-05-08,enterprise_ref_184656,合成运营主体_184656,store_ref_260139,X市,X市远岚商超门店,,job_ref_981321,1,1,1,否,0,0,0,0
商超,3,3,X市远岚商超门店,2026-05-08,enterprise_ref_184656,合成运营主体_184656,store_ref_260139,X市,X市远岚商超门店,,job_ref_870573,1,1,1,否,0,0,0,0
商超,3,3,X市远岚商超门店,2026-05-08,enterprise_ref_184656,合成运营主体_184656,store_ref_260139,X市,X市远岚商超门店,,job_ref_726320,1,1,1,否,0,0,0,0
商超,3,3,X市远岚商超门店,2026-05-08,enterprise_ref_184656,合成运营主体_184656,store_ref_260139,X市,X市远岚商超门店,,job_ref_870573,1,1,1,否,0,0,0,0
商超,3,3,X市远岚商超门店,2026-05-08,enterprise_ref_184656,合成运营主体_184656,store_ref_260139,X市,X市远岚商超门店,,job_ref_371636,0,1,1,否,0,0,0,0
商超,3,3,X市远岚商超门店,2026-05-08,enterprise_ref_184656,合成运营主体_184656,store_ref_260139,X市,X市远岚商超门店,,job_ref_730028,1,1,1,否,0,0,0,0
商超,3,3,X市远岚商超门店,2026-05-08,enterprise_ref_184656,合成运营主体_184656,store_ref_260139,X市,X市远岚商超门店,,job_ref_733708,2,2,2,否,0,0,0,0
商超,3,3,X市远岚商超门店,2026-05-08,enterprise_ref_184656,合成运营主体_184656,store_ref_260139,X市,X市远岚商超门店,,job_ref_528868,2,2,2,否,0,0,0,0
商超,3,3,X市远岚商超门店,2026-05-08,enterprise_ref_184656,合成运营主体_184656,store_ref_260139,X市,X市远岚商超门店,,job_ref_981321,1,1,1,否,0,0,0,0
商超,3,3,X市远岚商超门店,2026-05-08,enterprise_ref_184656,合成运营主体_184656,store_ref_260139,X市,X市远岚商超门店,,job_ref_528868,2,2,2,否,0,0,0,0
商超,3,3,X市远岚商超门店,2026-05-08,enterprise_ref_184656,合成运营主体_184656,store_ref_260139,X市,X市远岚商超门店,,job_ref_730028,1,1,1,否,0,0,0,0
商超,3,3,X市远岚商超门店,2026-05-08,enterprise_ref_184656,合成运营主体_184656,store_ref_260139,X市,X市远岚商超门店,,job_ref_726320,1,1,1,否,0,0,0,0
商超,3,3,X市远岚商超门店,2026-05-08,enterprise_ref_184656,合成运营主体_184656,store_ref_260139,X市,X市远岚商超门店,,job_ref_870573,1,1,1,否,0,0,0,0
商超,3,3,X市远岚商超门店,2026-05-08,enterprise_ref_184656,合成运营主体_184656,store_ref_260139,X市,X市远岚商超门店,,job_ref_870573,1,1,1,否,0,0,0,0
商超,3,3,X市远岚商超门店,2026-05-08,enterprise_ref_184656,合成运营主体_184656,store_ref_260139,X市,X市远岚商超门店,,job_ref_730028,1,1,1,否,0,0,0,0
商超,3,3,X市远岚商超门店,2026-05-08,enterprise_ref_184656,合成运营主体_184656,store_ref_260139,X市,X市远岚商超门店,,job_ref_371636,1,1,1,否,0,0,0,0
商超,3,3,X市远岚商超门店,2026-05-08,enterprise_ref_184656,合成运营主体_184656,store_ref_260139,X市,X市远岚商超门店,,job_ref_528868,1,1,1,否,0,0,0,0
商超,3,3,X市远岚商超门店,2026-05-08,enterprise_ref_184656,合成运营主体_184656,store_ref_260139,X市,X市远岚商超门店,,job_ref_981321,1,1,1,否,0,0,0,0
商超,3,3,X市远岚商超门店,2026-05-08,enterprise_ref_184656,合成运营主体_184656,store_ref_260139,X市,X市远岚商超门店,,job_ref_733708,2,2,2,否,0,0,0,0
商超,3,3,X市远岚商超门店,2026-05-08,enterprise_ref_184656,合成运营主体_184656,store_ref_260139,X市,X市远岚商超门店,,job_ref_726320,1,1,1,否,0,0,0,0
商超,3,3,X市远岚商超门店,2026-05-08,enterprise_ref_184656,合成运营主体_184656,store_ref_260139,X市,X市远岚商超门店,,job_ref_870573,1,1,1,否,0,0,0,0
商超,3,3,X市远岚商超门店,2026-05-08,enterprise_ref_184656,合成运营主体_184656,store_ref_260139,X市,X市远岚商超门店,,job_ref_371636,1,1,1,否,0,0,0,0
商超,3,3,X市远岚商超门店,2026-05-08,enterprise_ref_184656,合成运营主体_184656,store_ref_260139,X市,X市远岚商超门店,,job_ref_870573,1,1,1,否,0,0,0,0
商超,3,3,X市远岚商超门店,2026-05-08,enterprise_ref_184656,合成运营主体_184656,store_ref_260139,X市,X市远岚商超门店,,job_ref_870573,1,1,1,否,0,0,0,0
商超,3,3,X市远岚商超门店,2026-05-08,enterprise_ref_184656,合成运营主体_184656,store_ref_260139,X市,X市远岚商超门店,,job_ref_791925,1,1,1,否,0,0,0,0
商超,3,3,X市远岚商超门店,2026-05-08,enterprise_ref_184656,合成运营主体_184656,store_ref_260139,X市,X市远岚商超门店,,job_ref_733708,1,1,1,否,0,0,0,0
商超,3,3,X市远岚商超门店,2026-05-08,enterprise_ref_184656,合成运营主体_184656,store_ref_260139,X市,X市远岚商超门店,,job_ref_870573,1,1,1,否,0,0,0,0
商超,3,3,X市远岚商超门店,2026-05-08,enterprise_ref_184656,合成运营主体_184656,store_ref_260139,X市,X市远岚商超门店,,job_ref_981321,1,1,1,否,0,0,0,0
商超,3,3,X市远岚商超门店,2026-05-08,enterprise_ref_184656,合成运营主体_184656,store_ref_260139,X市,X市远岚商超门店,,job_ref_413733,1,1,1,否,0,0,0,0
商超,3,3,X市远岚商超门店,2026-05-08,enterprise_ref_184656,合成运营主体_184656,store_ref_260139,X市,X市远岚商超门店,,job_ref_730028,1,1,1,否,0,0,0,0
商超,3,3,X市远岚商超门店,2026-05-09,enterprise_ref_184656,合成运营主体_184656,store_ref_260139,X市,X市远岚商超门店,,job_ref_726320,1,1,1,否,0,0,0,0
商超,3,3,X市远岚商超门店,2026-05-09,enterprise_ref_184656,合成运营主体_184656,store_ref_260139,X市,X市远岚商超门店,,job_ref_870573,1,1,1,否,0,0,0,0
商超,3,3,X市远岚商超门店,2026-05-09,enterprise_ref_184656,合成运营主体_184656,store_ref_260139,X市,X市远岚商超门店,,job_ref_528868,1,1,1,否,0,0,0,0
商超,3,3,X市远岚商超门店,2026-05-09,enterprise_ref_184656,合成运营主体_184656,store_ref_260139,X市,X市远岚商超门店,,job_ref_371636,1,1,1,否,0,0,0,0
商超,3,3,X市远岚商超门店,2026-05-09,enterprise_ref_184656,合成运营主体_184656,store_ref_260139,X市,X市远岚商超门店,,job_ref_981321,1,1,1,否,0,0,0,0
商超,3,3,X市远岚商超门店,2026-05-09,enterprise_ref_184656,合成运营主体_184656,store_ref_260139,X市,X市远岚商超门店,,job_ref_726320,1,1,1,否,0,0,0,0
商超,3,3,X市远岚商超门店,2026-05-09,enterprise_ref_184656,合成运营主体_184656,store_ref_260139,X市,X市远岚商超门店,,job_ref_528868,1,1,1,否,0,0,0,0
商超,3,3,X市远岚商超门店,2026-05-09,enterprise_ref_184656,合成运营主体_184656,store_ref_260139,X市,X市远岚商超门店,,job_ref_870573,1,1,1,否,0,0,0,0
商超,3,3,X市远岚商超门店,2026-05-09,enterprise_ref_184656,合成运营主体_184656,store_ref_260139,X市,X市远岚商超门店,,job_ref_528868,1,1,1,否,0,0,0,0
商超,3,3,X市远岚商超门店,2026-05-09,enterprise_ref_184656,合成运营主体_184656,store_ref_260139,X市,X市远岚商超门店,,job_ref_870573,1,1,1,否,0,0,0,0
商超,3,3,X市远岚商超门店,2026-05-09,enterprise_ref_184656,合成运营主体_184656,store_ref_260139,X市,X市远岚商超门店,,job_ref_528868,0,1,1,否,0,0,0,0
商超,3,3,X市远岚商超门店,2026-05-09,enterprise_ref_184656,合成运营主体_184656,store_ref_260139,X市,X市远岚商超门店,,job_ref_730028,1,1,1,否,0,0,0,0
商超,3,3,X市远岚商超门店,2026-05-09,enterprise_ref_184656,合成运营主体_184656,store_ref_260139,X市,X市远岚商超门店,,job_ref_733708,1,1,1,否,0,0,0,0
商超,3,3,X市远岚商超门店,2026-05-09,enterprise_ref_184656,合成运营主体_184656,store_ref_260139,X市,X市远岚商超门店,,job_ref_870573,1,1,1,否,0,0,0,0
商超,3,3,X市远岚商超门店,2026-05-09,enterprise_ref_184656,合成运营主体_184656,store_ref_260139,X市,X市远岚商超门店,,job_ref_371636,1,1,1,否,0,0,0,0
商超,3,3,X市远岚商超门店,2026-05-09,enterprise_ref_184656,合成运营主体_184656,store_ref_260139,X市,X市远岚商超门店,,job_ref_726320,1,1,1,否,0,0,0,0
商超,3,3,X市远岚商超门店,2026-05-09,enterprise_ref_184656,合成运营主体_184656,store_ref_260139,X市,X市远岚商超门店,,job_ref_528868,1,1,1,否,0,0,0,0
商超,3,3,X市远岚商超门店,2026-05-09,enterprise_ref_184656,合成运营主体_184656,store_ref_260139,X市,X市远岚商超门店,,job_ref_730028,1,1,1,否,0,0,0,0
商超,3,3,X市远岚商超门店,2026-05-09,enterprise_ref_184656,合成运营主体_184656,store_ref_260139,X市,X市远岚商超门店,,job_ref_733708,2,2,2,否,0,0,0,0
商超,3,3,X市远岚商超门店,2026-05-09,enterprise_ref_184656,合成运营主体_184656,store_ref_260139,X市,X市远岚商超门店,,job_ref_730028,1,1,1,否,0,0,0,0
商超,3,3,X市远岚商超门店,2026-05-09,enterprise_ref_184656,合成运营主体_184656,store_ref_260139,X市,X市远岚商超门店,,job_ref_981321,1,1,1,否,0,0,0,0
商超,3,3,X市远岚商超门店,2026-05-09,enterprise_ref_184656,合成运营主体_184656,store_ref_260139,X市,X市远岚商超门店,,job_ref_730028,1,1,1,否,0,0,0,0
商超,3,3,X市远岚商超门店,2026-05-09,enterprise_ref_184656,合成运营主体_184656,store_ref_260139,X市,X市远岚商超门店,,job_ref_528868,1,1,1,否,0,0,0,0
商超,3,3,X市远岚商超门店,2026-05-09,enterprise_ref_184656,合成运营主体_184656,store_ref_260139,X市,X市远岚商超门店,,job_ref_413733,1,1,1,否,0,0,0,0
商超,3,3,X市远岚商超门店,2026-05-09,enterprise_ref_184656,合成运营主体_184656,store_ref_260139,X市,X市远岚商超门店,,job_ref_981321,1,1,1,否,0,0,0,0
商超,3,3,X市远岚商超门店,2026-05-09,enterprise_ref_184656,合成运营主体_184656,store_ref_260139,X市,X市远岚商超门店,,job_ref_733708,2,2,2,否,0,0,0,0
商超,3,3,X市远岚商超门店,2026-05-09,enterprise_ref_184656,合成运营主体_184656,store_ref_260139,X市,X市远岚商超门店,,job_ref_730028,1,1,1,否,0,0,0,0
商超,3,3,X市远岚商超门店,2026-05-09,enterprise_ref_184656,合成运营主体_184656,store_ref_260139,X市,X市远岚商超门店,,job_ref_870573,1,1,1,否,0,0,0,0
商超,3,3,X市远岚商超门店,2026-05-09,enterprise_ref_184656,合成运营主体_184656,store_ref_260139,X市,X市远岚商超门店,,job_ref_791925,1,1,1,否,0,0,0,0
商超,3,3,X市远岚商超门店,2026-05-09,enterprise_ref_184656,合成运营主体_184656,store_ref_260139,X市,X市远岚商超门店,,job_ref_981321,1,1,1,否,0,0,0,0
商超,3,3,X市远岚商超门店,2026-05-09,enterprise_ref_184656,合成运营主体_184656,store_ref_260139,X市,X市远岚商超门店,,job_ref_870573,1,1,1,否,0,0,0,0
商超,3,3,X市远岚商超门店,2026-05-09,enterprise_ref_184656,合成运营主体_184656,store_ref_260139,X市,X市远岚商超门店,,job_ref_870573,1,1,1,否,0,0,0,0
商超,3,3,X市远岚商超门店,2026-05-09,enterprise_ref_184656,合成运营主体_184656,store_ref_260139,X市,X市远岚商超门店,,job_ref_726320,1,1,1,否,0,0,0,0
商超,3,3,X市远岚商超门店,2026-05-09,enterprise_ref_184656,合成运营主体_184656,store_ref_260139,X市,X市远岚商超门店,,job_ref_870573,1,1,1,否,0,0,0,0
商超,3,3,X市远岚商超门店,2026-05-09,enterprise_ref_184656,合成运营主体_184656,store_ref_260139,X市,X市远岚商超门店,,job_ref_870573,0,1,1,否,0,0,0,0
商超,3,3,X市远岚商超门店,2026-05-10,enterprise_ref_184656,合成运营主体_184656,store_ref_260139,X市,X市远岚商超门店,,job_ref_730028,1,1,1,否,0,0,0,0
商超,3,3,X市远岚商超门店,2026-05-10,enterprise_ref_184656,合成运营主体_184656,store_ref_260139,X市,X市远岚商超门店,,job_ref_733708,2,2,2,否,0,0,0,0
商超,3,3,X市远岚商超门店,2026-05-10,enterprise_ref_184656,合成运营主体_184656,store_ref_260139,X市,X市远岚商超门店,,job_ref_791925,1,1,1,否,0,0,0,0
商超,3,3,X市远岚商超门店,2026-05-10,enterprise_ref_184656,合成运营主体_184656,store_ref_260139,X市,X市远岚商超门店,,job_ref_981321,1,1,1,否,0,0,0,0
商超,3,3,X市远岚商超门店,2026-05-10,enterprise_ref_184656,合成运营主体_184656,store_ref_260139,X市,X市远岚商超门店,,job_ref_870573,1,1,1,否,0,0,0,0
商超,3,3,X市远岚商超门店,2026-05-10,enterprise_ref_184656,合成运营主体_184656,store_ref_260139,X市,X市远岚商超门店,,job_ref_371636,1,1,1,否,0,0,0,0
商超,3,3,X市远岚商超门店,2026-05-10,enterprise_ref_184656,合成运营主体_184656,store_ref_260139,X市,X市远岚商超门店,,job_ref_870573,1,1,1,否,0,0,0,0
商超,3,3,X市远岚商超门店,2026-05-10,enterprise_ref_184656,合成运营主体_184656,store_ref_260139,X市,X市远岚商超门店,,job_ref_726320,1,1,1,否,0,0,0,0
商超,3,3,X市远岚商超门店,2026-05-10,enterprise_ref_184656,合成运营主体_184656,store_ref_260139,X市,X市远岚商超门店,,job_ref_726320,1,1,1,否,0,0,0,0
商超,3,3,X市远岚商超门店,2026-05-10,enterprise_ref_184656,合成运营主体_184656,store_ref_260139,X市,X市远岚商超门店,,job_ref_413733,1,1,1,否,0,0,0,0
商超,3,3,X市远岚商超门店,2026-05-10,enterprise_ref_184656,合成运营主体_184656,store_ref_260139,X市,X市远岚商超门店,,job_ref_870573,1,1,1,否,0,0,0,0
商超,3,3,X市远岚商超门店,2026-05-10,enterprise_ref_184656,合成运营主体_184656,store_ref_260139,X市,X市远岚商超门店,,job_ref_726320,1,1,1,否,0,0,0,0
商超,3,3,X市远岚商超门店,2026-05-10,enterprise_ref_184656,合成运营主体_184656,store_ref_260139,X市,X市远岚商超门店,,job_ref_528868,1,1,1,否,0,0,0,0
商超,3,3,X市远岚商超门店,2026-05-10,enterprise_ref_184656,合成运营主体_184656,store_ref_260139,X市,X市远岚商超门店,,job_ref_733708,2,2,2,否,0,0,0,0
商超,3,3,X市远岚商超门店,2026-05-10,enterprise_ref_184656,合成运营主体_184656,store_ref_260139,X市,X市远岚商超门店,,job_ref_870573,1,1,1,否,0,0,0,0
商超,3,3,X市远岚商超门店,2026-05-10,enterprise_ref_184656,合成运营主体_184656,store_ref_260139,X市,X市远岚商超门店,,job_ref_528868,1,1,1,否,0,0,0,0
商超,3,3,X市远岚商超门店,2026-05-10,enterprise_ref_184656,合成运营主体_184656,store_ref_260139,X市,X市远岚商超门店,,job_ref_870573,1,1,1,否,0,0,0,0
商超,3,3,X市远岚商超门店,2026-05-10,enterprise_ref_184656,合成运营主体_184656,store_ref_260139,X市,X市远岚商超门店,,job_ref_730028,1,1,1,否,0,0,0,0
商超,3,3,X市远岚商超门店,2026-05-10,enterprise_ref_184656,合成运营主体_184656,store_ref_260139,X市,X市远岚商超门店,,job_ref_371636,1,1,1,否,0,0,0,0
商超,3,3,X市远岚商超门店,2026-05-10,enterprise_ref_184656,合成运营主体_184656,store_ref_260139,X市,X市远岚商超门店,,job_ref_528868,2,2,2,否,0,0,0,0
商超,3,3,X市远岚商超门店,2026-05-10,enterprise_ref_184656,合成运营主体_184656,store_ref_260139,X市,X市远岚商超门店,,job_ref_730028,1,1,1,否,0,0,0,0
商超,3,3,X市远岚商超门店,2026-05-10,enterprise_ref_184656,合成运营主体_184656,store_ref_260139,X市,X市远岚商超门店,,job_ref_870573,1,1,1,否,0,0,0,0
商超,3,3,X市远岚商超门店,2026-05-10,enterprise_ref_184656,合成运营主体_184656,store_ref_260139,X市,X市远岚商超门店,,job_ref_730028,1,1,1,否,0,0,0,0
商超,3,3,X市远岚商超门店,2026-05-10,enterprise_ref_184656,合成运营主体_184656,store_ref_260139,X市,X市远岚商超门店,,job_ref_870573,1,1,1,否,0,0,0,0
商超,3,3,X市远岚商超门店,2026-05-10,enterprise_ref_184656,合成运营主体_184656,store_ref_260139,X市,X市远岚商超门店,,job_ref_981321,2,2,2,否,0,0,0,0
商超,3,3,X市远岚商超门店,2026-05-10,enterprise_ref_184656,合成运营主体_184656,store_ref_260139,X市,X市远岚商超门店,,job_ref_730028,1,1,1,否,0,0,0,0
商超,3,3,X市远岚商超门店,2026-05-10,enterprise_ref_184656,合成运营主体_184656,store_ref_260139,X市,X市远岚商超门店,,job_ref_870573,1,1,1,否,0,0,0,0
商超,3,3,X市远岚商超门店,2026-05-11,enterprise_ref_184656,合成运营主体_184656,store_ref_260139,X市,X市远岚商超门店,,job_ref_528868,2,2,2,否,0,0,0,0
商超,3,3,X市远岚商超门店,2026-05-11,enterprise_ref_184656,合成运营主体_184656,store_ref_260139,X市,X市远岚商超门店,,job_ref_730028,1,1,1,否,0,0,0,0
商超,3,3,X市远岚商超门店,2026-05-11,enterprise_ref_184656,合成运营主体_184656,store_ref_260139,X市,X市远岚商超门店,,job_ref_981321,1,1,1,否,0,0,0,0
商超,3,3,X市远岚商超门店,2026-05-11,enterprise_ref_184656,合成运营主体_184656,store_ref_260139,X市,X市远岚商超门店,,job_ref_726320,1,1,1,否,0,0,0,0
商超,3,3,X市远岚商超门店,2026-05-11,enterprise_ref_184656,合成运营主体_184656,store_ref_260139,X市,X市远岚商超门店,,job_ref_870573,1,1,1,否,0,0,0,0
商超,3,3,X市远岚商超门店,2026-05-11,enterprise_ref_184656,合成运营主体_184656,store_ref_260139,X市,X市远岚商超门店,,job_ref_870573,1,1,1,否,0,0,0,0
商超,3,3,X市远岚商超门店,2026-05-11,enterprise_ref_184656,合成运营主体_184656,store_ref_260139,X市,X市远岚商超门店,,job_ref_870573,0,1,1,否,0,0,0,0
商超,3,3,X市远岚商超门店,2026-05-11,enterprise_ref_184656,合成运营主体_184656,store_ref_260139,X市,X市远岚商超门店,,job_ref_870573,1,1,1,否,0,0,0,0
商超,3,3,X市远岚商超门店,2026-05-11,enterprise_ref_184656,合成运营主体_184656,store_ref_260139,X市,X市远岚商超门店,,job_ref_870573,1,1,1,否,0,0,0,0
商超,3,3,X市远岚商超门店,2026-05-11,enterprise_ref_184656,合成运营主体_184656,store_ref_260139,X市,X市远岚商超门店,,job_ref_981321,2,2,2,否,0,0,0,0
商超,3,3,X市远岚商超门店,2026-05-11,enterprise_ref_184656,合成运营主体_184656,store_ref_260139,X市,X市远岚商超门店,,job_ref_413733,1,1,1,否,0,0,0,0
商超,3,3,X市远岚商超门店,2026-05-11,enterprise_ref_184656,合成运营主体_184656,store_ref_260139,X市,X市远岚商超门店,,job_ref_733708,2,2,2,否,0,0,0,0
商超,3,3,X市远岚商超门店,2026-05-11,enterprise_ref_184656,合成运营主体_184656,store_ref_260139,X市,X市远岚商超门店,,job_ref_733708,2,2,2,否,0,0,0,0
商超,3,3,X市远岚商超门店,2026-05-11,enterprise_ref_184656,合成运营主体_184656,store_ref_260139,X市,X市远岚商超门店,,job_ref_870573,1,1,1,否,0,0,0,0
商超,3,3,X市远岚商超门店,2026-05-11,enterprise_ref_184656,合成运营主体_184656,store_ref_260139,X市,X市远岚商超门店,,job_ref_730028,1,1,1,否,0,0,0,0
商超,3,3,X市远岚商超门店,2026-05-11,enterprise_ref_184656,合成运营主体_184656,store_ref_260139,X市,X市远岚商超门店,,job_ref_733708,1,1,1,否,0,0,0,0
商超,3,3,X市远岚商超门店,2026-05-11,enterprise_ref_184656,合成运营主体_184656,store_ref_260139,X市,X市远岚商超门店,,job_ref_870573,1,1,1,否,0,0,0,0
商超,3,3,X市远岚商超门店,2026-05-11,enterprise_ref_184656,合成运营主体_184656,store_ref_260139,X市,X市远岚商超门店,,job_ref_730028,1,1,1,否,0,0,0,0
商超,3,3,X市远岚商超门店,2026-05-11,enterprise_ref_184656,合成运营主体_184656,store_ref_260139,X市,X市远岚商超门店,,job_ref_730028,1,1,1,否,0,0,0,0
商超,3,3,X市远岚商超门店,2026-05-11,enterprise_ref_184656,合成运营主体_184656,store_ref_260139,X市,X市远岚商超门店,,job_ref_870573,0,1,1,否,0,0,0,0
商超,3,3,X市远岚商超门店,2026-05-11,enterprise_ref_184656,合成运营主体_184656,store_ref_260139,X市,X市远岚商超门店,,job_ref_726320,1,1,1,否,0,0,0,0
商超,3,3,X市远岚商超门店,2026-05-11,enterprise_ref_184656,合成运营主体_184656,store_ref_260139,X市,X市远岚商超门店,,job_ref_371636,1,1,1,否,0,0,0,0
商超,3,3,X市远岚商超门店,2026-05-11,enterprise_ref_184656,合成运营主体_184656,store_ref_260139,X市,X市远岚商超门店,,job_ref_528868,1,1,1,否,0,0,0,0
商超,3,3,X市远岚商超门店,2026-05-11,enterprise_ref_184656,合成运营主体_184656,store_ref_260139,X市,X市远岚商超门店,,job_ref_528868,1,1,1,否,0,0,0,0
商超,3,3,X市远岚商超门店,2026-05-11,enterprise_ref_184656,合成运营主体_184656,store_ref_260139,X市,X市远岚商超门店,,job_ref_791925,1,1,1,否,0,0,0,0
商超,3,3,X市远岚商超门店,2026-05-12,enterprise_ref_184656,合成运营主体_184656,store_ref_260139,X市,X市远岚商超门店,,job_ref_981321,2,2,2,否,0,0,0,0
商超,3,3,X市远岚商超门店,2026-05-12,enterprise_ref_184656,合成运营主体_184656,store_ref_260139,X市,X市远岚商超门店,,job_ref_371636,1,1,1,否,0,0,0,0
商超,3,3,X市远岚商超门店,2026-05-12,enterprise_ref_184656,合成运营主体_184656,store_ref_260139,X市,X市远岚商超门店,,job_ref_730028,1,1,1,否,0,0,0,0
商超,3,3,X市远岚商超门店,2026-05-12,enterprise_ref_184656,合成运营主体_184656,store_ref_260139,X市,X市远岚商超门店,,job_ref_733708,1,1,1,否,0,0,0,0
商超,3,3,X市远岚商超门店,2026-05-12,enterprise_ref_184656,合成运营主体_184656,store_ref_260139,X市,X市远岚商超门店,,job_ref_733708,2,2,2,否,0,0,0,0
商超,3,3,X市远岚商超门店,2026-05-12,enterprise_ref_184656,合成运营主体_184656,store_ref_260139,X市,X市远岚商超门店,,job_ref_528868,2,2,2,否,0,0,0,0
商超,3,3,X市远岚商超门店,2026-05-12,enterprise_ref_184656,合成运营主体_184656,store_ref_260139,X市,X市远岚商超门店,,job_ref_413733,0,1,1,否,0,0,0,0
商超,3,3,X市远岚商超门店,2026-05-12,enterprise_ref_184656,合成运营主体_184656,store_ref_260139,X市,X市远岚商超门店,,job_ref_726320,1,1,1,否,0,0,0,0
商超,3,3,X市远岚商超门店,2026-05-12,enterprise_ref_184656,合成运营主体_184656,store_ref_260139,X市,X市远岚商超门店,,job_ref_726320,1,1,1,否,0,0,0,0
商超,3,3,X市远岚商超门店,2026-05-12,enterprise_ref_184656,合成运营主体_184656,store_ref_260139,X市,X市远岚商超门店,,job_ref_870573,1,1,1,否,0,0,0,0
商超,3,3,X市远岚商超门店,2026-05-12,enterprise_ref_184656,合成运营主体_184656,store_ref_260139,X市,X市远岚商超门店,,job_ref_870573,1,1,1,否,0,0,0,0
商超,3,3,X市远岚商超门店,2026-05-12,enterprise_ref_184656,合成运营主体_184656,store_ref_260139,X市,X市远岚商超门店,,job_ref_870573,1,1,1,否,0,0,0,0
商超,3,3,X市远岚商超门店,2026-05-12,enterprise_ref_184656,合成运营主体_184656,store_ref_260139,X市,X市远岚商超门店,,job_ref_730028,1,1,1,否,0,0,0,0
商超,3,3,X市远岚商超门店,2026-05-12,enterprise_ref_184656,合成运营主体_184656,store_ref_260139,X市,X市远岚商超门店,,job_ref_528868,1,1,1,否,0,0,0,0
商超,3,3,X市远岚商超门店,2026-05-12,enterprise_ref_184656,合成运营主体_184656,store_ref_260139,X市,X市远岚商超门店,,job_ref_870573,1,1,1,否,0,0,0,0
商超,3,3,X市远岚商超门店,2026-05-12,enterprise_ref_184656,合成运营主体_184656,store_ref_260139,X市,X市远岚商超门店,,job_ref_791925,1,1,1,否,0,0,0,0
商超,3,3,X市远岚商超门店,2026-05-12,enterprise_ref_184656,合成运营主体_184656,store_ref_260139,X市,X市远岚商超门店,,job_ref_870573,1,1,1,否,0,0,0,0
商超,3,3,X市远岚商超门店,2026-05-12,enterprise_ref_184656,合成运营主体_184656,store_ref_260139,X市,X市远岚商超门店,,job_ref_870573,0,1,1,否,0,0,0,0
商超,3,3,X市远岚商超门店,2026-05-12,enterprise_ref_184656,合成运营主体_184656,store_ref_260139,X市,X市远岚商超门店,,job_ref_726320,0,1,1,否,0,0,0,0
商超,3,3,X市远岚商超门店,2026-05-12,enterprise_ref_184656,合成运营主体_184656,store_ref_260139,X市,X市远岚商超门店,,job_ref_870573,1,1,1,否,0,0,0,0
商超,3,3,X市远岚商超门店,2026-05-12,enterprise_ref_184656,合成运营主体_184656,store_ref_260139,X市,X市远岚商超门店,,job_ref_870573,0,1,1,否,0,0,0,0
商超,3,3,X市远岚商超门店,2026-05-12,enterprise_ref_184656,合成运营主体_184656,store_ref_260139,X市,X市远岚商超门店,,job_ref_730028,1,1,1,否,0,0,0,0
商超,3,3,X市远岚商超门店,2026-05-12,enterprise_ref_184656,合成运营主体_184656,store_ref_260139,X市,X市远岚商超门店,,job_ref_981321,1,1,1,否,0,0,0,0
商超,3,3,X市远岚商超门店,2026-05-12,enterprise_ref_184656,合成运营主体_184656,store_ref_260139,X市,X市远岚商超门店,,job_ref_733708,2,2,2,否,0,0,0,0
商超,3,3,X市远岚商超门店,2026-05-12,enterprise_ref_184656,合成运营主体_184656,store_ref_260139,X市,X市远岚商超门店,,job_ref_528868,1,1,1,否,0,0,0,0
商超,3,3,X市远岚商超门店,2026-05-12,enterprise_ref_184656,合成运营主体_184656,store_ref_260139,X市,X市远岚商超门店,,job_ref_730028,1,1,1,否,0,0,0,0
商超,3,3,X市远岚商超门店,2026-05-13,enterprise_ref_184656,合成运营主体_184656,store_ref_260139,X市,X市远岚商超门店,,job_ref_730028,1,1,1,否,0,0,0,0
商超,3,3,X市远岚商超门店,2026-05-13,enterprise_ref_184656,合成运营主体_184656,store_ref_260139,X市,X市远岚商超门店,,job_ref_730028,1,1,1,否,0,0,0,0
商超,3,3,X市远岚商超门店,2026-05-13,enterprise_ref_184656,合成运营主体_184656,store_ref_260139,X市,X市远岚商超门店,,job_ref_726320,0,1,1,否,0,0,0,0
商超,3,3,X市远岚商超门店,2026-05-13,enterprise_ref_184656,合成运营主体_184656,store_ref_260139,X市,X市远岚商超门店,,job_ref_371636,0,1,1,否,0,0,0,0
商超,3,3,X市远岚商超门店,2026-05-13,enterprise_ref_184656,合成运营主体_184656,store_ref_260139,X市,X市远岚商超门店,,job_ref_870573,1,1,1,否,0,0,0,0
商超,3,3,X市远岚商超门店,2026-05-13,enterprise_ref_184656,合成运营主体_184656,store_ref_260139,X市,X市远岚商超门店,,job_ref_870573,1,1,1,否,0,0,0,0
商超,3,3,X市远岚商超门店,2026-05-13,enterprise_ref_184656,合成运营主体_184656,store_ref_260139,X市,X市远岚商超门店,,job_ref_870573,0,1,1,否,0,0,0,0
商超,3,3,X市远岚商超门店,2026-05-13,enterprise_ref_184656,合成运营主体_184656,store_ref_260139,X市,X市远岚商超门店,,job_ref_870573,1,1,1,否,0,0,0,0
商超,3,3,X市远岚商超门店,2026-05-13,enterprise_ref_184656,合成运营主体_184656,store_ref_260139,X市,X市远岚商超门店,,job_ref_981321,1,1,1,否,0,0,0,0
商超,3,3,X市远岚商超门店,2026-05-13,enterprise_ref_184656,合成运营主体_184656,store_ref_260139,X市,X市远岚商超门店,,job_ref_870573,1,1,1,否,0,0,0,0
商超,3,3,X市远岚商超门店,2026-05-13,enterprise_ref_184656,合成运营主体_184656,store_ref_260139,X市,X市远岚商超门店,,job_ref_371636,1,1,1,否,0,0,0,0
商超,3,3,X市远岚商超门店,2026-05-13,enterprise_ref_184656,合成运营主体_184656,store_ref_260139,X市,X市远岚商超门店,,job_ref_870573,1,1,1,否,0,0,0,0
商超,3,3,X市远岚商超门店,2026-05-13,enterprise_ref_184656,合成运营主体_184656,store_ref_260139,X市,X市远岚商超门店,,job_ref_870573,1,1,1,否,0,0,0,0
商超,3,3,X市远岚商超门店,2026-05-13,enterprise_ref_184656,合成运营主体_184656,store_ref_260139,X市,X市远岚商超门店,,job_ref_528868,2,2,2,否,0,0,0,0
商超,3,3,X市远岚商超门店,2026-05-13,enterprise_ref_184656,合成运营主体_184656,store_ref_260139,X市,X市远岚商超门店,,job_ref_371636,1,1,1,否,0,0,0,0
商超,3,3,X市远岚商超门店,2026-05-13,enterprise_ref_184656,合成运营主体_184656,store_ref_260139,X市,X市远岚商超门店,,job_ref_733708,2,2,2,否,0,0,0,0
商超,3,3,X市远岚商超门店,2026-05-13,enterprise_ref_184656,合成运营主体_184656,store_ref_260139,X市,X市远岚商超门店,,job_ref_726320,1,1,1,否,0,0,0,0
商超,3,3,X市远岚商超门店,2026-05-13,enterprise_ref_184656,合成运营主体_184656,store_ref_260139,X市,X市远岚商超门店,,job_ref_733708,2,2,2,否,0,0,0,0
商超,3,3,X市远岚商超门店,2026-05-13,enterprise_ref_184656,合成运营主体_184656,store_ref_260139,X市,X市远岚商超门店,,job_ref_730028,1,1,1,否,0,0,0,0
商超,3,3,X市远岚商超门店,2026-05-13,enterprise_ref_184656,合成运营主体_184656,store_ref_260139,X市,X市远岚商超门店,,job_ref_981321,1,1,1,否,0,0,0,0
商超,3,3,X市远岚商超门店,2026-05-13,enterprise_ref_184656,合成运营主体_184656,store_ref_260139,X市,X市远岚商超门店,,job_ref_413733,1,1,1,否,0,0,0,0
商超,3,3,X市远岚商超门店,2026-05-13,enterprise_ref_184656,合成运营主体_184656,store_ref_260139,X市,X市远岚商超门店,,job_ref_791925,1,1,1,否,0,0,0,0
商超,3,3,X市远岚商超门店,2026-05-13,enterprise_ref_184656,合成运营主体_184656,store_ref_260139,X市,X市远岚商超门店,,job_ref_528868,1,1,1,否,0,0,0,0
商超,3,3,X市远岚商超门店,2026-05-13,enterprise_ref_184656,合成运营主体_184656,store_ref_260139,X市,X市远岚商超门店,,job_ref_726320,1,1,1,否,0,0,0,0
商超,3,3,X市远岚商超门店,2026-05-13,enterprise_ref_184656,合成运营主体_184656,store_ref_260139,X市,X市远岚商超门店,,job_ref_870573,1,1,1,否,0,0,0,0
商超,3,3,X市远岚商超门店,2026-05-13,enterprise_ref_184656,合成运营主体_184656,store_ref_260139,X市,X市远岚商超门店,,job_ref_870573,0,1,1,否,0,0,0,0
商超,3,3,X市远岚商超门店,2026-05-13,enterprise_ref_184656,合成运营主体_184656,store_ref_260139,X市,X市远岚商超门店,,job_ref_528868,2,2,2,否,0,0,0,0
商超,3,3,X市远岚商超门店,2026-05-13,enterprise_ref_184656,合成运营主体_184656,store_ref_260139,X市,X市远岚商超门店,,job_ref_981321,1,1,1,否,0,0,0,0
商超,3,3,X市远岚商超门店,2026-05-13,enterprise_ref_184656,合成运营主体_184656,store_ref_260139,X市,X市远岚商超门店,,job_ref_870573,1,1,1,否,0,0,0,0
商超,3,3,X市远岚商超门店,2026-05-13,enterprise_ref_184656,合成运营主体_184656,store_ref_260139,X市,X市远岚商超门店,,job_ref_730028,1,1,1,否,0,0,0,0
商超,3,3,X市远岚商超门店,2026-05-13,enterprise_ref_184656,合成运营主体_184656,store_ref_260139,X市,X市远岚商超门店,,job_ref_981321,1,1,1,否,0,0,0,0
商超,3,3,X市远岚商超门店,2026-05-13,enterprise_ref_184656,合成运营主体_184656,store_ref_260139,X市,X市远岚商超门店,,job_ref_726320,1,1,1,否,0,0,0,0
商超,3,3,X市远岚商超门店,2026-05-14,enterprise_ref_184656,合成运营主体_184656,store_ref_260139,X市,X市远岚商超门店,,job_ref_870573,1,1,1,否,0,0,0,0
商超,3,3,X市远岚商超门店,2026-05-14,enterprise_ref_184656,合成运营主体_184656,store_ref_260139,X市,X市远岚商超门店,,job_ref_413733,1,1,1,否,0,0,0,0
商超,3,3,X市远岚商超门店,2026-05-14,enterprise_ref_184656,合成运营主体_184656,store_ref_260139,X市,X市远岚商超门店,,job_ref_726320,1,1,1,否,0,0,0,0
商超,3,3,X市远岚商超门店,2026-05-14,enterprise_ref_184656,合成运营主体_184656,store_ref_260139,X市,X市远岚商超门店,,job_ref_528868,1,1,1,否,0,0,0,0
商超,3,3,X市远岚商超门店,2026-05-14,enterprise_ref_184656,合成运营主体_184656,store_ref_260139,X市,X市远岚商超门店,,job_ref_371636,1,1,1,否,0,0,0,0
商超,3,3,X市远岚商超门店,2026-05-14,enterprise_ref_184656,合成运营主体_184656,store_ref_260139,X市,X市远岚商超门店,,job_ref_870573,1,1,1,否,0,0,0,0
商超,3,3,X市远岚商超门店,2026-05-14,enterprise_ref_184656,合成运营主体_184656,store_ref_260139,X市,X市远岚商超门店,,job_ref_791925,1,1,1,否,0,0,0,0
商超,3,3,X市远岚商超门店,2026-05-14,enterprise_ref_184656,合成运营主体_184656,store_ref_260139,X市,X市远岚商超门店,,job_ref_870573,0,1,1,否,0,0,0,0
商超,3,3,X市远岚商超门店,2026-05-14,enterprise_ref_184656,合成运营主体_184656,store_ref_260139,X市,X市远岚商超门店,,job_ref_870573,1,1,1,否,0,0,0,0
商超,3,3,X市远岚商超门店,2026-05-14,enterprise_ref_184656,合成运营主体_184656,store_ref_260139,X市,X市远岚商超门店,,job_ref_870573,1,1,1,否,0,0,0,0
商超,3,3,X市远岚商超门店,2026-05-14,enterprise_ref_184656,合成运营主体_184656,store_ref_260139,X市,X市远岚商超门店,,job_ref_733708,2,2,2,否,0,0,0,0
商超,3,3,X市远岚商超门店,2026-05-14,enterprise_ref_184656,合成运营主体_184656,store_ref_260139,X市,X市远岚商超门店,,job_ref_870573,1,1,1,否,0,0,0,0
商超,3,3,X市远岚商超门店,2026-05-14,enterprise_ref_184656,合成运营主体_184656,store_ref_260139,X市,X市远岚商超门店,,job_ref_733708,2,2,2,否,0,0,0,0
商超,3,3,X市远岚商超门店,2026-05-14,enterprise_ref_184656,合成运营主体_184656,store_ref_260139,X市,X市远岚商超门店,,job_ref_730028,1,1,1,否,0,0,0,0
商超,3,3,X市远岚商超门店,2026-05-14,enterprise_ref_184656,合成运营主体_184656,store_ref_260139,X市,X市远岚商超门店,,job_ref_730028,1,1,1,否,0,0,0,0
商超,3,3,X市远岚商超门店,2026-05-14,enterprise_ref_184656,合成运营主体_184656,store_ref_260139,X市,X市远岚商超门店,,job_ref_870573,0,1,1,否,0,0,0,0
商超,3,3,X市远岚商超门店,2026-05-14,enterprise_ref_184656,合成运营主体_184656,store_ref_260139,X市,X市远岚商超门店,,job_ref_730028,1,1,1,否,0,0,0,0
商超,3,3,X市远岚商超门店,2026-05-14,enterprise_ref_184656,合成运营主体_184656,store_ref_260139,X市,X市远岚商超门店,,job_ref_528868,2,2,2,否,0,0,0,0
商超,3,3,X市远岚商超门店,2026-05-14,enterprise_ref_184656,合成运营主体_184656,store_ref_260139,X市,X市远岚商超门店,,job_ref_981321,2,3,3,否,0,0,0,0
商超,3,3,X市远岚商超门店,2026-05-14,enterprise_ref_184656,合成运营主体_184656,store_ref_260139,X市,X市远岚商超门店,,job_ref_870573,1,1,1,否,0,0,0,0
商超,3,3,X市远岚商超门店,2026-05-14,enterprise_ref_184656,合成运营主体_184656,store_ref_260139,X市,X市远岚商超门店,,job_ref_726320,1,1,1,否,0,0,0,0
商超,3,3,X市远岚商超门店,2026-05-14,enterprise_ref_184656,合成运营主体_184656,store_ref_260139,X市,X市远岚商超门店,,job_ref_726320,0,1,1,否,0,0,0,0
商超,3,3,X市远岚商超门店,2026-05-14,enterprise_ref_184656,合成运营主体_184656,store_ref_260139,X市,X市远岚商超门店,,job_ref_528868,2,2,2,否,0,0,0,0
商超,3,3,X市远岚商超门店,2026-05-14,enterprise_ref_184656,合成运营主体_184656,store_ref_260139,X市,X市远岚商超门店,,job_ref_730028,1,1,1,否,0,0,0,0
商超,3,3,X市远岚商超门店,2026-05-14,enterprise_ref_184656,合成运营主体_184656,store_ref_260139,X市,X市远岚商超门店,,job_ref_726320,1,1,1,否,0,0,0,0
商超,3,3,X市远岚商超门店,2026-05-14,enterprise_ref_184656,合成运营主体_184656,store_ref_260139,X市,X市远岚商超门店,,job_ref_870573,1,1,1,否,0,0,0,0
商超,3,3,X市远岚商超门店,2026-05-15,enterprise_ref_184656,合成运营主体_184656,store_ref_260139,X市,X市远岚商超门店,,job_ref_726320,1,1,1,否,0,0,0,0
商超,3,3,X市远岚商超门店,2026-05-15,enterprise_ref_184656,合成运营主体_184656,store_ref_260139,X市,X市远岚商超门店,,job_ref_870573,1,1,1,否,0,0,0,0
商超,3,3,X市远岚商超门店,2026-05-15,enterprise_ref_184656,合成运营主体_184656,store_ref_260139,X市,X市远岚商超门店,,job_ref_733708,2,2,2,否,0,0,0,0
商超,3,3,X市远岚商超门店,2026-05-15,enterprise_ref_184656,合成运营主体_184656,store_ref_260139,X市,X市远岚商超门店,,job_ref_870573,1,1,1,否,0,0,0,0
商超,3,3,X市远岚商超门店,2026-05-15,enterprise_ref_184656,合成运营主体_184656,store_ref_260139,X市,X市远岚商超门店,,job_ref_733708,2,2,2,否,0,0,0,0
商超,3,3,X市远岚商超门店,2026-05-15,enterprise_ref_184656,合成运营主体_184656,store_ref_260139,X市,X市远岚商超门店,,job_ref_791925,1,1,1,否,0,0,0,0
商超,3,3,X市远岚商超门店,2026-05-15,enterprise_ref_184656,合成运营主体_184656,store_ref_260139,X市,X市远岚商超门店,,job_ref_726320,1,1,1,否,0,0,0,0
商超,3,3,X市远岚商超门店,2026-05-15,enterprise_ref_184656,合成运营主体_184656,store_ref_260139,X市,X市远岚商超门店,,job_ref_730028,1,1,1,否,0,0,0,0
商超,3,3,X市远岚商超门店,2026-05-15,enterprise_ref_184656,合成运营主体_184656,store_ref_260139,X市,X市远岚商超门店,,job_ref_726320,0,1,1,否,0,0,0,0
商超,3,3,X市远岚商超门店,2026-05-15,enterprise_ref_184656,合成运营主体_184656,store_ref_260139,X市,X市远岚商超门店,,job_ref_981321,1,1,1,否,0,0,0,0
商超,3,3,X市远岚商超门店,2026-05-15,enterprise_ref_184656,合成运营主体_184656,store_ref_260139,X市,X市远岚商超门店,,job_ref_528868,2,2,2,否,0,0,0,0
商超,3,3,X市远岚商超门店,2026-05-15,enterprise_ref_184656,合成运营主体_184656,store_ref_260139,X市,X市远岚商超门店,,job_ref_730028,1,1,1,否,0,0,0,0
商超,3,3,X市远岚商超门店,2026-05-15,enterprise_ref_184656,合成运营主体_184656,store_ref_260139,X市,X市远岚商超门店,,job_ref_730028,1,1,1,否,0,0,0,0
商超,3,3,X市远岚商超门店,2026-05-15,enterprise_ref_184656,合成运营主体_184656,store_ref_260139,X市,X市远岚商超门店,,job_ref_730028,1,1,1,否,0,0,0,0
商超,3,3,X市远岚商超门店,2026-05-15,enterprise_ref_184656,合成运营主体_184656,store_ref_260139,X市,X市远岚商超门店,,job_ref_726320,1,1,1,否,0,0,0,0
商超,3,3,X市远岚商超门店,2026-05-15,enterprise_ref_184656,合成运营主体_184656,store_ref_260139,X市,X市远岚商超门店,,job_ref_413733,1,1,1,否,0,0,0,0
商超,3,3,X市远岚商超门店,2026-05-15,enterprise_ref_184656,合成运营主体_184656,store_ref_260139,X市,X市远岚商超门店,,job_ref_870573,0,1,1,否,0,0,0,0
商超,3,3,X市远岚商超门店,2026-05-15,enterprise_ref_184656,合成运营主体_184656,store_ref_260139,X市,X市远岚商超门店,,job_ref_870573,0,1,1,否,0,0,0,0
商超,3,3,X市远岚商超门店,2026-05-15,enterprise_ref_184656,合成运营主体_184656,store_ref_260139,X市,X市远岚商超门店,,job_ref_870573,1,1,1,否,0,0,0,0
商超,3,3,X市远岚商超门店,2026-05-15,enterprise_ref_184656,合成运营主体_184656,store_ref_260139,X市,X市远岚商超门店,,job_ref_870573,1,1,1,否,0,0,0,0
商超,3,3,X市远岚商超门店,2026-05-15,enterprise_ref_184656,合成运营主体_184656,store_ref_260139,X市,X市远岚商超门店,,job_ref_528868,1,1,1,否,0,0,0,0
商超,3,3,X市远岚商超门店,2026-05-15,enterprise_ref_184656,合成运营主体_184656,store_ref_260139,X市,X市远岚商超门店,,job_ref_981321,1,1,1,否,0,0,0,0
商超,3,3,X市远岚商超门店,2026-05-15,enterprise_ref_184656,合成运营主体_184656,store_ref_260139,X市,X市远岚商超门店,,job_ref_730028,1,1,1,否,0,0,0,0
商超,3,3,X市远岚商超门店,2026-05-15,enterprise_ref_184656,合成运营主体_184656,store_ref_260139,X市,X市远岚商超门店,,job_ref_371636,1,1,1,否,0,0,0,0
商超,3,3,X市远岚商超门店,2026-05-15,enterprise_ref_184656,合成运营主体_184656,store_ref_260139,X市,X市远岚商超门店,,job_ref_528868,1,1,1,否,0,0,0,0
商超,3,3,X市远岚商超门店,2026-05-15,enterprise_ref_184656,合成运营主体_184656,store_ref_260139,X市,X市远岚商超门店,,job_ref_981321,2,2,2,否,0,0,0,0
商超,3,3,X市远岚商超门店,2026-05-15,enterprise_ref_184656,合成运营主体_184656,store_ref_260139,X市,X市远岚商超门店,,job_ref_870573,1,1,1,否,0,0,0,0
商超,3,3,X市远岚商超门店,2026-05-15,enterprise_ref_184656,合成运营主体_184656,store_ref_260139,X市,X市远岚商超门店,,job_ref_733708,0,2,2,否,0,0,0,0
商超,3,3,X市远岚商超门店,2026-05-16,enterprise_ref_184656,合成运营主体_184656,store_ref_260139,X市,X市远岚商超门店,,job_ref_870573,0,1,1,否,0,0,0,0
商超,3,3,X市远岚商超门店,2026-05-16,enterprise_ref_184656,合成运营主体_184656,store_ref_260139,X市,X市远岚商超门店,,job_ref_528868,2,2,2,否,0,0,0,0
商超,3,3,X市远岚商超门店,2026-05-16,enterprise_ref_184656,合成运营主体_184656,store_ref_260139,X市,X市远岚商超门店,,job_ref_726320,1,1,1,否,0,0,0,0
商超,3,3,X市远岚商超门店,2026-05-16,enterprise_ref_184656,合成运营主体_184656,store_ref_260139,X市,X市远岚商超门店,,job_ref_870573,1,1,1,否,0,0,0,0
商超,3,3,X市远岚商超门店,2026-05-16,enterprise_ref_184656,合成运营主体_184656,store_ref_260139,X市,X市远岚商超门店,,job_ref_371636,1,1,1,否,0,0,0,0
商超,3,3,X市远岚商超门店,2026-05-16,enterprise_ref_184656,合成运营主体_184656,store_ref_260139,X市,X市远岚商超门店,,job_ref_870573,1,1,1,否,0,0,0,0
商超,3,3,X市远岚商超门店,2026-05-16,enterprise_ref_184656,合成运营主体_184656,store_ref_260139,X市,X市远岚商超门店,,job_ref_870573,0,1,1,否,0,0,0,0
商超,3,3,X市远岚商超门店,2026-05-16,enterprise_ref_184656,合成运营主体_184656,store_ref_260139,X市,X市远岚商超门店,,job_ref_730028,1,1,1,否,0,0,0,0
商超,3,3,X市远岚商超门店,2026-05-16,enterprise_ref_184656,合成运营主体_184656,store_ref_260139,X市,X市远岚商超门店,,job_ref_528868,1,1,1,否,0,0,0,0
商超,3,3,X市远岚商超门店,2026-05-16,enterprise_ref_184656,合成运营主体_184656,store_ref_260139,X市,X市远岚商超门店,,job_ref_726320,1,1,1,否,0,0,0,0
商超,3,3,X市远岚商超门店,2026-05-16,enterprise_ref_184656,合成运营主体_184656,store_ref_260139,X市,X市远岚商超门店,,job_ref_870573,1,1,1,否,0,0,0,0
商超,3,3,X市远岚商超门店,2026-05-16,enterprise_ref_184656,合成运营主体_184656,store_ref_260139,X市,X市远岚商超门店,,job_ref_733708,2,2,2,否,0,0,0,0
商超,3,3,X市远岚商超门店,2026-05-16,enterprise_ref_184656,合成运营主体_184656,store_ref_260139,X市,X市远岚商超门店,,job_ref_981321,1,1,1,否,0,0,0,0
商超,3,3,X市远岚商超门店,2026-05-16,enterprise_ref_184656,合成运营主体_184656,store_ref_260139,X市,X市远岚商超门店,,job_ref_730028,1,1,1,否,0,0,0,0
商超,3,3,X市远岚商超门店,2026-05-16,enterprise_ref_184656,合成运营主体_184656,store_ref_260139,X市,X市远岚商超门店,,job_ref_413733,1,1,1,否,0,0,0,0
商超,3,3,X市远岚商超门店,2026-05-16,enterprise_ref_184656,合成运营主体_184656,store_ref_260139,X市,X市远岚商超门店,,job_ref_791925,1,1,1,否,0,0,0,0
商超,3,3,X市远岚商超门店,2026-05-16,enterprise_ref_184656,合成运营主体_184656,store_ref_260139,X市,X市远岚商超门店,,job_ref_528868,2,2,2,否,0,0,0,0
商超,3,3,X市远岚商超门店,2026-05-16,enterprise_ref_184656,合成运营主体_184656,store_ref_260139,X市,X市远岚商超门店,,job_ref_730028,0,1,1,否,0,0,0,0
商超,3,3,X市远岚商超门店,2026-05-16,enterprise_ref_184656,合成运营主体_184656,store_ref_260139,X市,X市远岚商超门店,,job_ref_981321,1,1,1,否,0,0,0,0
商超,3,3,X市远岚商超门店,2026-05-16,enterprise_ref_184656,合成运营主体_184656,store_ref_260139,X市,X市远岚商超门店,,job_ref_726320,1,1,1,否,0,0,0,0
商超,3,3,X市远岚商超门店,2026-05-16,enterprise_ref_184656,合成运营主体_184656,store_ref_260139,X市,X市远岚商超门店,,job_ref_730028,1,1,1,否,0,0,0,0
商超,3,3,X市远岚商超门店,2026-05-16,enterprise_ref_184656,合成运营主体_184656,store_ref_260139,X市,X市远岚商超门店,,job_ref_981321,1,1,1,否,0,0,0,0
商超,3,3,X市远岚商超门店,2026-05-16,enterprise_ref_184656,合成运营主体_184656,store_ref_260139,X市,X市远岚商超门店,,job_ref_870573,1,1,1,否,0,0,0,0
商超,3,3,X市远岚商超门店,2026-05-16,enterprise_ref_184656,合成运营主体_184656,store_ref_260139,X市,X市远岚商超门店,,job_ref_870573,1,1,1,否,0,0,0,0
商超,3,3,X市远岚商超门店,2026-05-16,enterprise_ref_184656,合成运营主体_184656,store_ref_260139,X市,X市远岚商超门店,,job_ref_730028,1,1,1,否,0,0,0,0
商超,3,3,X市远岚商超门店,2026-05-16,enterprise_ref_184656,合成运营主体_184656,store_ref_260139,X市,X市远岚商超门店,,job_ref_733708,2,2,2,否,0,0,0,0
商超,3,3,X市远岚商超门店,2026-05-16,enterprise_ref_184656,合成运营主体_184656,store_ref_260139,X市,X市远岚商超门店,,job_ref_730028,1,1,1,否,0,0,0,0
商超,3,3,X市远岚商超门店,2026-05-16,enterprise_ref_184656,合成运营主体_184656,store_ref_260139,X市,X市远岚商超门店,,job_ref_870573,1,1,1,否,0,0,0,0
商超,3,3,X市远岚商超门店,2026-05-16,enterprise_ref_184656,合成运营主体_184656,store_ref_260139,X市,X市远岚商超门店,,job_ref_981321,1,1,1,否,0,0,0,0
商超,3,3,X市远岚商超门店,2026-05-16,enterprise_ref_184656,合成运营主体_184656,store_ref_260139,X市,X市远岚商超门店,,job_ref_371636,1,1,1,否,0,0,0,0
商超,3,3,X市远岚商超门店,2026-05-16,enterprise_ref_184656,合成运营主体_184656,store_ref_260139,X市,X市远岚商超门店,,job_ref_870573,1,1,1,否,0,0,0,0
商超,3,3,X市远岚商超门店,2026-05-17,enterprise_ref_184656,合成运营主体_184656,store_ref_260139,X市,X市远岚商超门店,,job_ref_726320,1,1,1,否,0,0,0,0
商超,3,3,X市远岚商超门店,2026-05-17,enterprise_ref_184656,合成运营主体_184656,store_ref_260139,X市,X市远岚商超门店,,job_ref_870573,1,1,1,否,0,0,0,0
商超,3,3,X市远岚商超门店,2026-05-17,enterprise_ref_184656,合成运营主体_184656,store_ref_260139,X市,X市远岚商超门店,,job_ref_726320,1,1,1,否,0,0,0,0
商超,3,3,X市远岚商超门店,2026-05-17,enterprise_ref_184656,合成运营主体_184656,store_ref_260139,X市,X市远岚商超门店,,job_ref_730028,1,1,1,否,0,0,0,0
商超,3,3,X市远岚商超门店,2026-05-17,enterprise_ref_184656,合成运营主体_184656,store_ref_260139,X市,X市远岚商超门店,,job_ref_791925,1,1,1,否,0,0,0,0
商超,3,3,X市远岚商超门店,2026-05-17,enterprise_ref_184656,合成运营主体_184656,store_ref_260139,X市,X市远岚商超门店,,job_ref_726320,1,1,1,否,0,0,0,0
商超,3,3,X市远岚商超门店,2026-05-17,enterprise_ref_184656,合成运营主体_184656,store_ref_260139,X市,X市远岚商超门店,,job_ref_870573,0,1,1,否,0,0,0,0
商超,3,3,X市远岚商超门店,2026-05-17,enterprise_ref_184656,合成运营主体_184656,store_ref_260139,X市,X市远岚商超门店,,job_ref_870573,1,1,1,否,0,0,0,0
商超,3,3,X市远岚商超门店,2026-05-17,enterprise_ref_184656,合成运营主体_184656,store_ref_260139,X市,X市远岚商超门店,,job_ref_870573,1,1,1,否,0,0,0,0
商超,3,3,X市远岚商超门店,2026-05-17,enterprise_ref_184656,合成运营主体_184656,store_ref_260139,X市,X市远岚商超门店,,job_ref_371636,1,1,1,否,0,0,0,0
商超,3,3,X市远岚商超门店,2026-05-17,enterprise_ref_184656,合成运营主体_184656,store_ref_260139,X市,X市远岚商超门店,,job_ref_371636,1,1,1,否,0,0,0,0
商超,3,3,X市远岚商超门店,2026-05-17,enterprise_ref_184656,合成运营主体_184656,store_ref_260139,X市,X市远岚商超门店,,job_ref_371636,0,1,1,否,0,0,0,0
商超,3,3,X市远岚商超门店,2026-05-17,enterprise_ref_184656,合成运营主体_184656,store_ref_260139,X市,X市远岚商超门店,,job_ref_730028,1,1,1,否,0,0,0,0
商超,3,3,X市远岚商超门店,2026-05-17,enterprise_ref_184656,合成运营主体_184656,store_ref_260139,X市,X市远岚商超门店,,job_ref_870573,1,1,1,否,0,0,0,0
商超,3,3,X市远岚商超门店,2026-05-17,enterprise_ref_184656,合成运营主体_184656,store_ref_260139,X市,X市远岚商超门店,,job_ref_528868,2,2,2,否,0,0,0,0
商超,3,3,X市远岚商超门店,2026-05-17,enterprise_ref_184656,合成运营主体_184656,store_ref_260139,X市,X市远岚商超门店,,job_ref_528868,2,2,2,否,0,0,0,0
商超,3,3,X市远岚商超门店,2026-05-17,enterprise_ref_184656,合成运营主体_184656,store_ref_260139,X市,X市远岚商超门店,,job_ref_981321,1,1,1,否,0,0,0,0
商超,3,3,X市远岚商超门店,2026-05-17,enterprise_ref_184656,合成运营主体_184656,store_ref_260139,X市,X市远岚商超门店,,job_ref_413733,1,1,1,否,0,0,0,0
商超,3,3,X市远岚商超门店,2026-05-17,enterprise_ref_184656,合成运营主体_184656,store_ref_260139,X市,X市远岚商超门店,,job_ref_981321,1,1,1,否,0,0,0,0
商超,3,3,X市远岚商超门店,2026-05-17,enterprise_ref_184656,合成运营主体_184656,store_ref_260139,X市,X市远岚商超门店,,job_ref_870573,1,1,1,否,0,0,0,0
商超,3,3,X市远岚商超门店,2026-05-17,enterprise_ref_184656,合成运营主体_184656,store_ref_260139,X市,X市远岚商超门店,,job_ref_733708,1,1,1,否,0,0,0,0
商超,3,3,X市远岚商超门店,2026-05-17,enterprise_ref_184656,合成运营主体_184656,store_ref_260139,X市,X市远岚商超门店,,job_ref_733708,2,2,2,否,0,0,0,0
商超,3,3,X市远岚商超门店,2026-05-17,enterprise_ref_184656,合成运营主体_184656,store_ref_260139,X市,X市远岚商超门店,,job_ref_870573,1,1,1,否,0,0,0,0
商超,3,3,X市远岚商超门店,2026-05-17,enterprise_ref_184656,合成运营主体_184656,store_ref_260139,X市,X市远岚商超门店,,job_ref_730028,1,1,1,否,0,0,0,0
商超,3,3,X市远岚商超门店,2026-05-17,enterprise_ref_184656,合成运营主体_184656,store_ref_260139,X市,X市远岚商超门店,,job_ref_981321,1,1,1,否,0,0,0,0
商超,3,3,X市远岚商超门店,2026-05-17,enterprise_ref_184656,合成运营主体_184656,store_ref_260139,X市,X市远岚商超门店,,job_ref_981321,1,1,1,否,0,0,0,0
商超,3,3,X市远岚商超门店,2026-05-17,enterprise_ref_184656,合成运营主体_184656,store_ref_260139,X市,X市远岚商超门店,,job_ref_528868,1,1,1,否,0,0,0,0
商超,3,3,X市远岚商超门店,2026-05-17,enterprise_ref_184656,合成运营主体_184656,store_ref_260139,X市,X市远岚商超门店,,job_ref_730028,1,1,1,否,0,0,0,0
商超,3,3,X市远岚商超门店,2026-05-17,enterprise_ref_184656,合成运营主体_184656,store_ref_260139,X市,X市远岚商超门店,,job_ref_730028,1,1,1,否,0,0,0,0
商超,3,3,X市远岚商超门店,2026-05-17,enterprise_ref_184656,合成运营主体_184656,store_ref_260139,X市,X市远岚商超门店,,job_ref_733708,1,1,1,否,0,0,0,0
商超,3,3,X市远岚商超门店,2026-05-17,enterprise_ref_184656,合成运营主体_184656,store_ref_260139,X市,X市远岚商超门店,,job_ref_730028,0,1,1,否,0,0,0,0
商超,3,3,X市远岚商超门店,2026-05-17,enterprise_ref_184656,合成运营主体_184656,store_ref_260139,X市,X市远岚商超门店,,job_ref_730028,0,1,1,否,0,0,0,0
商超,3,3,X市远岚商超门店,2026-05-17,enterprise_ref_184656,合成运营主体_184656,store_ref_260139,X市,X市远岚商超门店,,job_ref_870573,1,1,1,否,0,0,0,0
商超,3,3,X市远岚商超门店,2026-05-18,enterprise_ref_184656,合成运营主体_184656,store_ref_260139,X市,X市远岚商超门店,,job_ref_870573,0,1,1,否,0,0,0,0
商超,3,3,X市远岚商超门店,2026-05-18,enterprise_ref_184656,合成运营主体_184656,store_ref_260139,X市,X市远岚商超门店,,job_ref_733708,1,1,1,否,0,0,0,0
商超,3,3,X市远岚商超门店,2026-05-18,enterprise_ref_184656,合成运营主体_184656,store_ref_260139,X市,X市远岚商超门店,,job_ref_730028,1,1,1,否,0,0,0,0
商超,3,3,X市远岚商超门店,2026-05-18,enterprise_ref_184656,合成运营主体_184656,store_ref_260139,X市,X市远岚商超门店,,job_ref_981321,1,1,1,否,0,0,0,0
商超,3,3,X市远岚商超门店,2026-05-18,enterprise_ref_184656,合成运营主体_184656,store_ref_260139,X市,X市远岚商超门店,,job_ref_981321,1,1,1,否,0,0,0,0
商超,3,3,X市远岚商超门店,2026-05-18,enterprise_ref_184656,合成运营主体_184656,store_ref_260139,X市,X市远岚商超门店,,job_ref_371636,1,1,1,否,0,0,0,0
商超,3,3,X市远岚商超门店,2026-05-18,enterprise_ref_184656,合成运营主体_184656,store_ref_260139,X市,X市远岚商超门店,,job_ref_870573,1,1,1,否,0,0,0,0
商超,3,3,X市远岚商超门店,2026-05-18,enterprise_ref_184656,合成运营主体_184656,store_ref_260139,X市,X市远岚商超门店,,job_ref_870573,1,1,1,否,0,0,0,0
商超,3,3,X市远岚商超门店,2026-05-18,enterprise_ref_184656,合成运营主体_184656,store_ref_260139,X市,X市远岚商超门店,,job_ref_870573,1,1,1,否,0,0,0,0
商超,3,3,X市远岚商超门店,2026-05-18,enterprise_ref_184656,合成运营主体_184656,store_ref_260139,X市,X市远岚商超门店,,job_ref_730028,1,1,1,否,0,0,0,0
商超,3,3,X市远岚商超门店,2026-05-18,enterprise_ref_184656,合成运营主体_184656,store_ref_260139,X市,X市远岚商超门店,,job_ref_528868,1,1,1,否,0,0,0,0
商超,3,3,X市远岚商超门店,2026-05-18,enterprise_ref_184656,合成运营主体_184656,store_ref_260139,X市,X市远岚商超门店,,job_ref_870573,1,1,1,否,0,0,0,0
商超,3,3,X市远岚商超门店,2026-05-18,enterprise_ref_184656,合成运营主体_184656,store_ref_260139,X市,X市远岚商超门店,,job_ref_730028,1,1,1,否,0,0,0,0
商超,3,3,X市远岚商超门店,2026-05-18,enterprise_ref_184656,合成运营主体_184656,store_ref_260139,X市,X市远岚商超门店,,job_ref_726320,1,1,1,否,0,0,0,0
商超,3,3,X市远岚商超门店,2026-05-18,enterprise_ref_184656,合成运营主体_184656,store_ref_260139,X市,X市远岚商超门店,,job_ref_733708,2,2,2,否,0,0,0,0
商超,3,3,X市远岚商超门店,2026-05-18,enterprise_ref_184656,合成运营主体_184656,store_ref_260139,X市,X市远岚商超门店,,job_ref_870573,1,1,1,否,0,0,0,0
商超,3,3,X市远岚商超门店,2026-05-18,enterprise_ref_184656,合成运营主体_184656,store_ref_260139,X市,X市远岚商超门店,,job_ref_733708,2,2,2,否,0,0,0,0
商超,3,3,X市远岚商超门店,2026-05-18,enterprise_ref_184656,合成运营主体_184656,store_ref_260139,X市,X市远岚商超门店,,job_ref_528868,1,1,1,否,0,0,0,0
商超,3,3,X市远岚商超门店,2026-05-18,enterprise_ref_184656,合成运营主体_184656,store_ref_260139,X市,X市远岚商超门店,,job_ref_870573,0,1,1,否,0,0,0,0
商超,3,3,X市远岚商超门店,2026-05-18,enterprise_ref_184656,合成运营主体_184656,store_ref_260139,X市,X市远岚商超门店,,job_ref_413733,1,1,1,否,0,0,0,0
商超,3,3,X市远岚商超门店,2026-05-18,enterprise_ref_184656,合成运营主体_184656,store_ref_260139,X市,X市远岚商超门店,,job_ref_371636,1,1,1,否,0,0,0,0
商超,3,3,X市远岚商超门店,2026-05-18,enterprise_ref_184656,合成运营主体_184656,store_ref_260139,X市,X市远岚商超门店,,job_ref_870573,1,1,1,否,0,0,0,0
商超,3,3,X市远岚商超门店,2026-05-18,enterprise_ref_184656,合成运营主体_184656,store_ref_260139,X市,X市远岚商超门店,,job_ref_870573,0,1,1,否,0,0,0,0
商超,3,3,X市远岚商超门店,2026-05-18,enterprise_ref_184656,合成运营主体_184656,store_ref_260139,X市,X市远岚商超门店,,job_ref_726320,1,1,1,否,0,0,0,0
商超,3,3,X市远岚商超门店,2026-05-18,enterprise_ref_184656,合成运营主体_184656,store_ref_260139,X市,X市远岚商超门店,,job_ref_981321,1,1,1,否,0,0,0,0
商超,3,3,X市远岚商超门店,2026-05-18,enterprise_ref_184656,合成运营主体_184656,store_ref_260139,X市,X市远岚商超门店,,job_ref_528868,1,1,1,否,0,0,0,0
商超,3,3,X市远岚商超门店,2026-05-18,enterprise_ref_184656,合成运营主体_184656,store_ref_260139,X市,X市远岚商超门店,,job_ref_981321,1,1,1,否,0,0,0,0
商超,3,3,X市远岚商超门店,2026-05-18,enterprise_ref_184656,合成运营主体_184656,store_ref_260139,X市,X市远岚商超门店,,job_ref_528868,2,2,2,否,0,0,0,0
商超,3,3,X市远岚商超门店,2026-05-19,enterprise_ref_184656,合成运营主体_184656,store_ref_260139,X市,X市远岚商超门店,,job_ref_870573,0,1,1,否,0,0,0,0
商超,3,3,X市远岚商超门店,2026-05-19,enterprise_ref_184656,合成运营主体_184656,store_ref_260139,X市,X市远岚商超门店,,job_ref_371636,1,1,1,否,0,0,0,0
商超,3,3,X市远岚商超门店,2026-05-19,enterprise_ref_184656,合成运营主体_184656,store_ref_260139,X市,X市远岚商超门店,,job_ref_870573,1,1,1,否,0,0,0,0
商超,3,3,X市远岚商超门店,2026-05-19,enterprise_ref_184656,合成运营主体_184656,store_ref_260139,X市,X市远岚商超门店,,job_ref_371636,1,1,1,否,0,0,0,0
商超,3,3,X市远岚商超门店,2026-05-19,enterprise_ref_184656,合成运营主体_184656,store_ref_260139,X市,X市远岚商超门店,,job_ref_870573,1,1,1,否,0,0,0,0
商超,3,3,X市远岚商超门店,2026-05-19,enterprise_ref_184656,合成运营主体_184656,store_ref_260139,X市,X市远岚商超门店,,job_ref_528868,1,1,1,否,0,0,0,0
商超,3,3,X市远岚商超门店,2026-05-19,enterprise_ref_184656,合成运营主体_184656,store_ref_260139,X市,X市远岚商超门店,,job_ref_726320,1,1,1,否,0,0,0,0
商超,3,3,X市远岚商超门店,2026-05-19,enterprise_ref_184656,合成运营主体_184656,store_ref_260139,X市,X市远岚商超门店,,job_ref_528868,1,1,1,否,0,0,0,0
商超,3,3,X市远岚商超门店,2026-05-19,enterprise_ref_184656,合成运营主体_184656,store_ref_260139,X市,X市远岚商超门店,,job_ref_528868,1,1,1,否,0,0,0,0
商超,3,3,X市远岚商超门店,2026-05-19,enterprise_ref_184656,合成运营主体_184656,store_ref_260139,X市,X市远岚商超门店,,job_ref_730028,1,1,1,否,0,0,0,0
商超,3,3,X市远岚商超门店,2026-05-19,enterprise_ref_184656,合成运营主体_184656,store_ref_260139,X市,X市远岚商超门店,,job_ref_528868,1,1,1,否,0,0,0,0
商超,3,3,X市远岚商超门店,2026-05-19,enterprise_ref_184656,合成运营主体_184656,store_ref_260139,X市,X市远岚商超门店,,job_ref_981321,2,2,2,否,0,0,0,0
商超,3,3,X市远岚商超门店,2026-05-19,enterprise_ref_184656,合成运营主体_184656,store_ref_260139,X市,X市远岚商超门店,,job_ref_733708,1,1,1,否,0,0,0,0
商超,3,3,X市远岚商超门店,2026-05-19,enterprise_ref_184656,合成运营主体_184656,store_ref_260139,X市,X市远岚商超门店,,job_ref_733708,2,2,2,否,0,0,0,0
商超,3,3,X市远岚商超门店,2026-05-19,enterprise_ref_184656,合成运营主体_184656,store_ref_260139,X市,X市远岚商超门店,,job_ref_870573,1,1,1,否,0,0,0,0
商超,3,3,X市远岚商超门店,2026-05-19,enterprise_ref_184656,合成运营主体_184656,store_ref_260139,X市,X市远岚商超门店,,job_ref_981321,1,1,1,否,0,0,0,0
商超,3,3,X市远岚商超门店,2026-05-19,enterprise_ref_184656,合成运营主体_184656,store_ref_260139,X市,X市远岚商超门店,,job_ref_870573,0,1,1,否,0,0,0,0
商超,3,3,X市远岚商超门店,2026-05-19,enterprise_ref_184656,合成运营主体_184656,store_ref_260139,X市,X市远岚商超门店,,job_ref_733708,2,2,2,否,0,0,0,0
商超,3,3,X市远岚商超门店,2026-05-19,enterprise_ref_184656,合成运营主体_184656,store_ref_260139,X市,X市远岚商超门店,,job_ref_730028,1,1,1,否,0,0,0,0
商超,3,3,X市远岚商超门店,2026-05-19,enterprise_ref_184656,合成运营主体_184656,store_ref_260139,X市,X市远岚商超门店,,job_ref_791925,1,1,1,否,0,0,0,0
商超,3,3,X市远岚商超门店,2026-05-19,enterprise_ref_184656,合成运营主体_184656,store_ref_260139,X市,X市远岚商超门店,,job_ref_730028,1,1,1,否,0,0,0,0
商超,3,3,X市远岚商超门店,2026-05-19,enterprise_ref_184656,合成运营主体_184656,store_ref_260139,X市,X市远岚商超门店,,job_ref_870573,0,1,1,否,0,0,0,0
商超,3,3,X市远岚商超门店,2026-05-19,enterprise_ref_184656,合成运营主体_184656,store_ref_260139,X市,X市远岚商超门店,,job_ref_730028,1,1,1,否,0,0,0,0
商超,3,3,X市远岚商超门店,2026-05-19,enterprise_ref_184656,合成运营主体_184656,store_ref_260139,X市,X市远岚商超门店,,job_ref_726320,1,1,1,否,0,0,0,0
商超,3,3,X市远岚商超门店,2026-05-19,enterprise_ref_184656,合成运营主体_184656,store_ref_260139,X市,X市远岚商超门店,,job_ref_870573,1,1,1,否,0,0,0,0
商超,3,3,X市远岚商超门店,2026-05-19,enterprise_ref_184656,合成运营主体_184656,store_ref_260139,X市,X市远岚商超门店,,job_ref_981321,1,1,1,否,0,0,0,0
商超,3,3,X市远岚商超门店,2026-05-19,enterprise_ref_184656,合成运营主体_184656,store_ref_260139,X市,X市远岚商超门店,,job_ref_870573,0,1,1,否,0,0,0,0
商超,3,3,X市远岚商超门店,2026-05-20,enterprise_ref_184656,合成运营主体_184656,store_ref_260139,X市,X市远岚商超门店,,job_ref_981321,1,1,1,否,0,0,0,0
商超,3,3,X市远岚商超门店,2026-05-20,enterprise_ref_184656,合成运营主体_184656,store_ref_260139,X市,X市远岚商超门店,,job_ref_870573,1,1,1,否,0,0,0,0
商超,3,3,X市远岚商超门店,2026-05-20,enterprise_ref_184656,合成运营主体_184656,store_ref_260139,X市,X市远岚商超门店,,job_ref_870573,1,1,1,否,0,0,0,0
商超,3,3,X市远岚商超门店,2026-05-20,enterprise_ref_184656,合成运营主体_184656,store_ref_260139,X市,X市远岚商超门店,,job_ref_528868,2,2,2,否,0,0,0,0
商超,3,3,X市远岚商超门店,2026-05-20,enterprise_ref_184656,合成运营主体_184656,store_ref_260139,X市,X市远岚商超门店,,job_ref_870573,0,1,1,否,0,0,0,0
商超,3,3,X市远岚商超门店,2026-05-20,enterprise_ref_184656,合成运营主体_184656,store_ref_260139,X市,X市远岚商超门店,,job_ref_870573,1,1,1,否,0,0,0,0
商超,3,3,X市远岚商超门店,2026-05-20,enterprise_ref_184656,合成运营主体_184656,store_ref_260139,X市,X市远岚商超门店,,job_ref_870573,0,1,1,否,0,0,0,0
商超,3,3,X市远岚商超门店,2026-05-20,enterprise_ref_184656,合成运营主体_184656,store_ref_260139,X市,X市远岚商超门店,,job_ref_726320,2,2,2,否,0,0,0,0
商超,3,3,X市远岚商超门店,2026-05-20,enterprise_ref_184656,合成运营主体_184656,store_ref_260139,X市,X市远岚商超门店,,job_ref_870573,1,1,1,否,0,0,0,0
商超,3,3,X市远岚商超门店,2026-05-20,enterprise_ref_184656,合成运营主体_184656,store_ref_260139,X市,X市远岚商超门店,,job_ref_528868,1,1,1,否,0,0,0,0
商超,3,3,X市远岚商超门店,2026-05-20,enterprise_ref_184656,合成运营主体_184656,store_ref_260139,X市,X市远岚商超门店,,job_ref_730028,1,1,1,否,0,0,0,0
商超,3,3,X市远岚商超门店,2026-05-20,enterprise_ref_184656,合成运营主体_184656,store_ref_260139,X市,X市远岚商超门店,,job_ref_981321,1,1,1,否,0,0,0,0
商超,3,3,X市远岚商超门店,2026-05-20,enterprise_ref_184656,合成运营主体_184656,store_ref_260139,X市,X市远岚商超门店,,job_ref_730028,1,1,1,否,0,0,0,0
商超,3,3,X市远岚商超门店,2026-05-20,enterprise_ref_184656,合成运营主体_184656,store_ref_260139,X市,X市远岚商超门店,,job_ref_528868,2,2,2,否,0,0,0,0
商超,3,3,X市远岚商超门店,2026-05-20,enterprise_ref_184656,合成运营主体_184656,store_ref_260139,X市,X市远岚商超门店,,job_ref_413733,1,1,1,否,0,0,0,0
商超,3,3,X市远岚商超门店,2026-05-20,enterprise_ref_184656,合成运营主体_184656,store_ref_260139,X市,X市远岚商超门店,,job_ref_726320,0,1,1,否,0,0,0,0
商超,3,3,X市远岚商超门店,2026-05-20,enterprise_ref_184656,合成运营主体_184656,store_ref_260139,X市,X市远岚商超门店,,job_ref_726320,0,1,1,否,0,0,0,0
商超,3,3,X市远岚商超门店,2026-05-20,enterprise_ref_184656,合成运营主体_184656,store_ref_260139,X市,X市远岚商超门店,,job_ref_726320,1,1,1,否,0,0,0,0
商超,3,3,X市远岚商超门店,2026-05-20,enterprise_ref_184656,合成运营主体_184656,store_ref_260139,X市,X市远岚商超门店,,job_ref_981321,1,1,1,否,0,0,0,0
商超,3,3,X市远岚商超门店,2026-05-20,enterprise_ref_184656,合成运营主体_184656,store_ref_260139,X市,X市远岚商超门店,,job_ref_733708,2,2,2,否,0,0,0,0
商超,3,3,X市远岚商超门店,2026-05-20,enterprise_ref_184656,合成运营主体_184656,store_ref_260139,X市,X市远岚商超门店,,job_ref_791925,1,1,1,否,0,0,0,0
商超,3,3,X市远岚商超门店,2026-05-20,enterprise_ref_184656,合成运营主体_184656,store_ref_260139,X市,X市远岚商超门店,,job_ref_733708,2,2,2,否,0,0,0,0
商超,3,3,X市远岚商超门店,2026-05-20,enterprise_ref_184656,合成运营主体_184656,store_ref_260139,X市,X市远岚商超门店,,job_ref_730028,1,1,1,否,0,0,0,0
商超,3,3,X市远岚商超门店,2026-05-20,enterprise_ref_184656,合成运营主体_184656,store_ref_260139,X市,X市远岚商超门店,,job_ref_371636,1,1,1,否,0,0,0,0
商超,3,3,X市远岚商超门店,2026-05-20,enterprise_ref_184656,合成运营主体_184656,store_ref_260139,X市,X市远岚商超门店,,job_ref_730028,0,1,1,否,0,0,0,0
商超,3,3,X市远岚商超门店,2026-05-20,enterprise_ref_184656,合成运营主体_184656,store_ref_260139,X市,X市远岚商超门店,,job_ref_726320,0,1,1,否,0,0,0,0
商超,3,3,X市远岚商超门店,2026-05-20,enterprise_ref_184656,合成运营主体_184656,store_ref_260139,X市,X市远岚商超门店,,job_ref_730028,0,1,1,否,0,0,0,0
商超,3,3,X市远岚商超门店,2026-05-20,enterprise_ref_184656,合成运营主体_184656,store_ref_260139,X市,X市远岚商超门店,,job_ref_730028,1,1,1,否,0,0,0,0
商超,3,3,X市远岚商超门店,2026-05-20,enterprise_ref_184656,合成运营主体_184656,store_ref_260139,X市,X市远岚商超门店,,job_ref_730028,1,1,1,否,0,0,0,0
商超,3,3,X市远岚商超门店,2026-05-20,enterprise_ref_184656,合成运营主体_184656,store_ref_260139,X市,X市远岚商超门店,,job_ref_870573,1,1,1,否,0,0,0,0
商超,3,3,X市远岚商超门店,2026-05-20,enterprise_ref_184656,合成运营主体_184656,store_ref_260139,X市,X市远岚商超门店,,job_ref_870573,0,1,1,否,0,0,0,0
商超,3,3,X市远岚商超门店,2026-05-20,enterprise_ref_184656,合成运营主体_184656,store_ref_260139,X市,X市远岚商超门店,,job_ref_870573,1,1,1,否,0,0,0,0
商超,3,3,X市远岚商超门店,2026-05-21,enterprise_ref_184656,合成运营主体_184656,store_ref_260139,X市,X市远岚商超门店,,job_ref_371636,0,1,1,否,0,0,0,0
商超,3,3,X市远岚商超门店,2026-05-21,enterprise_ref_184656,合成运营主体_184656,store_ref_260139,X市,X市远岚商超门店,,job_ref_870573,1,1,1,否,0,0,0,0
商超,3,3,X市远岚商超门店,2026-05-21,enterprise_ref_184656,合成运营主体_184656,store_ref_260139,X市,X市远岚商超门店,,job_ref_726320,1,1,1,否,0,0,0,0
商超,3,3,X市远岚商超门店,2026-05-21,enterprise_ref_184656,合成运营主体_184656,store_ref_260139,X市,X市远岚商超门店,,job_ref_371636,1,1,1,否,0,0,0,0
商超,3,3,X市远岚商超门店,2026-05-21,enterprise_ref_184656,合成运营主体_184656,store_ref_260139,X市,X市远岚商超门店,,job_ref_733708,1,1,1,否,0,0,0,0
商超,3,3,X市远岚商超门店,2026-05-21,enterprise_ref_184656,合成运营主体_184656,store_ref_260139,X市,X市远岚商超门店,,job_ref_733708,1,1,1,否,0,0,0,0
商超,3,3,X市远岚商超门店,2026-05-21,enterprise_ref_184656,合成运营主体_184656,store_ref_260139,X市,X市远岚商超门店,,job_ref_870573,0,1,1,否,0,0,0,0
商超,3,3,X市远岚商超门店,2026-05-21,enterprise_ref_184656,合成运营主体_184656,store_ref_260139,X市,X市远岚商超门店,,job_ref_870573,0,1,1,否,0,0,0,0
商超,3,3,X市远岚商超门店,2026-05-21,enterprise_ref_184656,合成运营主体_184656,store_ref_260139,X市,X市远岚商超门店,,job_ref_981321,3,3,3,否,0,0,0,0
商超,3,3,X市远岚商超门店,2026-05-21,enterprise_ref_184656,合成运营主体_184656,store_ref_260139,X市,X市远岚商超门店,,job_ref_528868,0,2,2,否,0,0,0,0
商超,3,3,X市远岚商超门店,2026-05-21,enterprise_ref_184656,合成运营主体_184656,store_ref_260139,X市,X市远岚商超门店,,job_ref_528868,1,1,1,否,0,0,0,0
商超,3,3,X市远岚商超门店,2026-05-21,enterprise_ref_184656,合成运营主体_184656,store_ref_260139,X市,X市远岚商超门店,,job_ref_870573,1,1,1,否,0,0,0,0
商超,3,3,X市远岚商超门店,2026-05-21,enterprise_ref_184656,合成运营主体_184656,store_ref_260139,X市,X市远岚商超门店,,job_ref_528868,2,2,2,否,0,0,0,0
商超,3,3,X市远岚商超门店,2026-05-21,enterprise_ref_184656,合成运营主体_184656,store_ref_260139,X市,X市远岚商超门店,,job_ref_870573,1,1,1,否,0,0,0,0
商超,3,3,X市远岚商超门店,2026-05-21,enterprise_ref_184656,合成运营主体_184656,store_ref_260139,X市,X市远岚商超门店,,job_ref_726320,1,1,1,否,0,0,0,0
商超,3,3,X市远岚商超门店,2026-05-21,enterprise_ref_184656,合成运营主体_184656,store_ref_260139,X市,X市远岚商超门店,,job_ref_730028,1,1,1,否,0,0,0,0
商超,3,3,X市远岚商超门店,2026-05-21,enterprise_ref_184656,合成运营主体_184656,store_ref_260139,X市,X市远岚商超门店,,job_ref_870573,0,1,1,否,0,0,0,0
商超,3,3,X市远岚商超门店,2026-05-21,enterprise_ref_184656,合成运营主体_184656,store_ref_260139,X市,X市远岚商超门店,,job_ref_870573,0,1,1,否,0,0,0,0
商超,3,3,X市远岚商超门店,2026-05-21,enterprise_ref_184656,合成运营主体_184656,store_ref_260139,X市,X市远岚商超门店,,job_ref_870573,0,1,1,否,0,0,0,0
商超,3,3,X市远岚商超门店,2026-05-21,enterprise_ref_184656,合成运营主体_184656,store_ref_260139,X市,X市远岚商超门店,,job_ref_870573,1,1,1,否,0,0,0,0
商超,3,3,X市远岚商超门店,2026-05-21,enterprise_ref_184656,合成运营主体_184656,store_ref_260139,X市,X市远岚商超门店,,job_ref_733708,2,2,2,否,0,0,0,0
商超,3,3,X市远岚商超门店,2026-05-21,enterprise_ref_184656,合成运营主体_184656,store_ref_260139,X市,X市远岚商超门店,,job_ref_730028,1,1,1,否,0,0,0,0
商超,3,3,X市远岚商超门店,2026-05-21,enterprise_ref_184656,合成运营主体_184656,store_ref_260139,X市,X市远岚商超门店,,job_ref_730028,1,1,1,否,0,0,0,0
商超,3,3,X市远岚商超门店,2026-05-21,enterprise_ref_184656,合成运营主体_184656,store_ref_260139,X市,X市远岚商超门店,,job_ref_733708,1,1,1,否,0,0,0,0
商超,3,3,X市远岚商超门店,2026-05-21,enterprise_ref_184656,合成运营主体_184656,store_ref_260139,X市,X市远岚商超门店,,job_ref_413733,1,1,1,否,0,0,0,0
商超,3,3,X市远岚商超门店,2026-05-21,enterprise_ref_184656,合成运营主体_184656,store_ref_260139,X市,X市远岚商超门店,,job_ref_730028,1,1,1,否,0,0,0,0
商超,3,3,X市远岚商超门店,2026-05-21,enterprise_ref_184656,合成运营主体_184656,store_ref_260139,X市,X市远岚商超门店,,job_ref_730028,1,1,1,否,0,0,0,0
商超,3,3,X市远岚商超门店,2026-05-21,enterprise_ref_184656,合成运营主体_184656,store_ref_260139,X市,X市远岚商超门店,,job_ref_371636,0,1,1,否,0,0,0,0
商超,3,3,X市远岚商超门店,2026-05-21,enterprise_ref_184656,合成运营主体_184656,store_ref_260139,X市,X市远岚商超门店,,job_ref_870573,1,1,1,否,0,0,0,0
商超,3,3,X市远岚商超门店,2026-05-21,enterprise_ref_184656,合成运营主体_184656,store_ref_260139,X市,X市远岚商超门店,,job_ref_870573,1,1,1,否,0,0,0,0
商超,3,3,X市远岚商超门店,2026-05-21,enterprise_ref_184656,合成运营主体_184656,store_ref_260139,X市,X市远岚商超门店,,job_ref_870573,1,1,1,否,0,0,0,0
商超,3,3,X市远岚商超门店,2026-05-21,enterprise_ref_184656,合成运营主体_184656,store_ref_260139,X市,X市远岚商超门店,,job_ref_726320,1,1,1,否,0,0,0,0
商超,3,3,X市远岚商超门店,2026-05-21,enterprise_ref_184656,合成运营主体_184656,store_ref_260139,X市,X市远岚商超门店,,job_ref_528868,1,1,1,否,0,0,0,0
商超,3,3,X市远岚商超门店,2026-05-22,enterprise_ref_184656,合成运营主体_184656,store_ref_260139,X市,X市远岚商超门店,,job_ref_528868,1,1,1,否,0,0,0,0
商超,3,3,X市远岚商超门店,2026-05-22,enterprise_ref_184656,合成运营主体_184656,store_ref_260139,X市,X市远岚商超门店,,job_ref_726320,1,1,1,否,0,0,0,0
商超,3,3,X市远岚商超门店,2026-05-22,enterprise_ref_184656,合成运营主体_184656,store_ref_260139,X市,X市远岚商超门店,,job_ref_870573,0,1,1,否,0,0,0,0
商超,3,3,X市远岚商超门店,2026-05-22,enterprise_ref_184656,合成运营主体_184656,store_ref_260139,X市,X市远岚商超门店,,job_ref_870573,1,1,1,否,0,0,0,0
商超,3,3,X市远岚商超门店,2026-05-22,enterprise_ref_184656,合成运营主体_184656,store_ref_260139,X市,X市远岚商超门店,,job_ref_870573,0,1,1,否,0,0,0,0
商超,3,3,X市远岚商超门店,2026-05-22,enterprise_ref_184656,合成运营主体_184656,store_ref_260139,X市,X市远岚商超门店,,job_ref_870573,1,1,1,否,0,0,0,0
商超,3,3,X市远岚商超门店,2026-05-22,enterprise_ref_184656,合成运营主体_184656,store_ref_260139,X市,X市远岚商超门店,,job_ref_791925,1,1,1,否,0,0,0,0
商超,3,3,X市远岚商超门店,2026-05-22,enterprise_ref_184656,合成运营主体_184656,store_ref_260139,X市,X市远岚商超门店,,job_ref_726320,1,1,1,否,0,0,0,0
商超,3,3,X市远岚商超门店,2026-05-22,enterprise_ref_184656,合成运营主体_184656,store_ref_260139,X市,X市远岚商超门店,,job_ref_981321,3,3,3,否,0,0,0,0
商超,3,3,X市远岚商超门店,2026-05-22,enterprise_ref_184656,合成运营主体_184656,store_ref_260139,X市,X市远岚商超门店,,job_ref_730028,1,1,1,否,0,0,0,0
商超,3,3,X市远岚商超门店,2026-05-22,enterprise_ref_184656,合成运营主体_184656,store_ref_260139,X市,X市远岚商超门店,,job_ref_870573,0,1,1,否,0,0,0,0
商超,3,3,X市远岚商超门店,2026-05-22,enterprise_ref_184656,合成运营主体_184656,store_ref_260139,X市,X市远岚商超门店,,job_ref_870573,1,1,1,否,0,0,0,0
商超,3,3,X市远岚商超门店,2026-05-22,enterprise_ref_184656,合成运营主体_184656,store_ref_260139,X市,X市远岚商超门店,,job_ref_870573,0,1,1,否,0,0,0,0
商超,3,3,X市远岚商超门店,2026-05-22,enterprise_ref_184656,合成运营主体_184656,store_ref_260139,X市,X市远岚商超门店,,job_ref_733708,2,2,2,否,0,0,0,0
商超,3,3,X市远岚商超门店,2026-05-22,enterprise_ref_184656,合成运营主体_184656,store_ref_260139,X市,X市远岚商超门店,,job_ref_730028,1,1,1,否,0,0,0,0
商超,3,3,X市远岚商超门店,2026-05-22,enterprise_ref_184656,合成运营主体_184656,store_ref_260139,X市,X市远岚商超门店,,job_ref_528868,1,1,1,否,0,0,0,0
商超,3,3,X市远岚商超门店,2026-05-22,enterprise_ref_184656,合成运营主体_184656,store_ref_260139,X市,X市远岚商超门店,,job_ref_791925,1,1,1,否,0,0,0,0
商超,3,3,X市远岚商超门店,2026-05-22,enterprise_ref_184656,合成运营主体_184656,store_ref_260139,X市,X市远岚商超门店,,job_ref_981321,1,1,1,否,0,0,0,0
商超,3,3,X市远岚商超门店,2026-05-22,enterprise_ref_184656,合成运营主体_184656,store_ref_260139,X市,X市远岚商超门店,,job_ref_733708,2,2,2,否,0,0,0,0
商超,3,3,X市远岚商超门店,2026-05-22,enterprise_ref_184656,合成运营主体_184656,store_ref_260139,X市,X市远岚商超门店,,job_ref_870573,0,1,1,否,0,0,0,0
商超,3,3,X市远岚商超门店,2026-05-22,enterprise_ref_184656,合成运营主体_184656,store_ref_260139,X市,X市远岚商超门店,,job_ref_733708,1,1,1,否,0,0,0,0
商超,3,3,X市远岚商超门店,2026-05-22,enterprise_ref_184656,合成运营主体_184656,store_ref_260139,X市,X市远岚商超门店,,job_ref_413733,1,1,1,否,0,0,0,0
商超,3,3,X市远岚商超门店,2026-05-22,enterprise_ref_184656,合成运营主体_184656,store_ref_260139,X市,X市远岚商超门店,,job_ref_730028,1,1,1,否,0,0,0,0
商超,3,3,X市远岚商超门店,2026-05-22,enterprise_ref_184656,合成运营主体_184656,store_ref_260139,X市,X市远岚商超门店,,job_ref_870573,1,1,1,否,0,0,0,0
商超,3,3,X市远岚商超门店,2026-05-22,enterprise_ref_184656,合成运营主体_184656,store_ref_260139,X市,X市远岚商超门店,,job_ref_870573,1,1,1,否,0,0,0,0
商超,3,3,X市远岚商超门店,2026-05-22,enterprise_ref_184656,合成运营主体_184656,store_ref_260139,X市,X市远岚商超门店,,job_ref_528868,2,2,2,否,0,0,0,0
商超,3,3,X市远岚商超门店,2026-05-22,enterprise_ref_184656,合成运营主体_184656,store_ref_260139,X市,X市远岚商超门店,,job_ref_730028,1,1,1,否,0,0,0,0
商超,3,3,X市远岚商超门店,2026-05-22,enterprise_ref_184656,合成运营主体_184656,store_ref_260139,X市,X市远岚商超门店,,job_ref_371636,0,1,1,否,0,0,0,0
商超,3,3,X市远岚商超门店,2026-05-22,enterprise_ref_184656,合成运营主体_184656,store_ref_260139,X市,X市远岚商超门店,,job_ref_726320,1,1,1,否,0,0,0,0
商超,3,3,X市远岚商超门店,2026-05-22,enterprise_ref_184656,合成运营主体_184656,store_ref_260139,X市,X市远岚商超门店,,job_ref_870573,1,1,1,否,0,0,0,0
商超,3,3,X市远岚商超门店,2026-05-22,enterprise_ref_184656,合成运营主体_184656,store_ref_260139,X市,X市远岚商超门店,,job_ref_726320,0,1,1,否,0,0,0,0
商超,3,3,X市远岚商超门店,2026-05-23,enterprise_ref_184656,合成运营主体_184656,store_ref_260139,X市,X市远岚商超门店,,job_ref_870573,0,1,1,否,0,0,0,0
商超,3,3,X市远岚商超门店,2026-05-23,enterprise_ref_184656,合成运营主体_184656,store_ref_260139,X市,X市远岚商超门店,,job_ref_981321,1,1,1,否,0,0,0,0
商超,3,3,X市远岚商超门店,2026-05-23,enterprise_ref_184656,合成运营主体_184656,store_ref_260139,X市,X市远岚商超门店,,job_ref_870573,0,1,1,否,0,0,0,0
商超,3,3,X市远岚商超门店,2026-05-23,enterprise_ref_184656,合成运营主体_184656,store_ref_260139,X市,X市远岚商超门店,,job_ref_528868,2,2,2,否,0,0,0,0
商超,3,3,X市远岚商超门店,2026-05-23,enterprise_ref_184656,合成运营主体_184656,store_ref_260139,X市,X市远岚商超门店,,job_ref_870573,0,1,1,否,0,0,0,0
商超,3,3,X市远岚商超门店,2026-05-23,enterprise_ref_184656,合成运营主体_184656,store_ref_260139,X市,X市远岚商超门店,,job_ref_730028,1,1,1,否,0,0,0,0
商超,3,3,X市远岚商超门店,2026-05-23,enterprise_ref_184656,合成运营主体_184656,store_ref_260139,X市,X市远岚商超门店,,job_ref_413733,1,1,1,否,0,0,0,0
商超,3,3,X市远岚商超门店,2026-05-23,enterprise_ref_184656,合成运营主体_184656,store_ref_260139,X市,X市远岚商超门店,,job_ref_733708,2,2,2,否,0,0,0,0
商超,3,3,X市远岚商超门店,2026-05-23,enterprise_ref_184656,合成运营主体_184656,store_ref_260139,X市,X市远岚商超门店,,job_ref_981321,1,1,1,否,0,0,0,0
商超,3,3,X市远岚商超门店,2026-05-23,enterprise_ref_184656,合成运营主体_184656,store_ref_260139,X市,X市远岚商超门店,,job_ref_730028,1,1,1,否,0,0,0,0
商超,3,3,X市远岚商超门店,2026-05-23,enterprise_ref_184656,合成运营主体_184656,store_ref_260139,X市,X市远岚商超门店,,job_ref_870573,0,1,1,否,0,0,0,0
商超,3,3,X市远岚商超门店,2026-05-23,enterprise_ref_184656,合成运营主体_184656,store_ref_260139,X市,X市远岚商超门店,,job_ref_371636,1,1,1,否,0,0,0,0
商超,3,3,X市远岚商超门店,2026-05-23,enterprise_ref_184656,合成运营主体_184656,store_ref_260139,X市,X市远岚商超门店,,job_ref_730028,1,1,1,否,0,0,0,0
商超,3,3,X市远岚商超门店,2026-05-23,enterprise_ref_184656,合成运营主体_184656,store_ref_260139,X市,X市远岚商超门店,,job_ref_870573,1,1,1,否,0,0,0,0
商超,3,3,X市远岚商超门店,2026-05-23,enterprise_ref_184656,合成运营主体_184656,store_ref_260139,X市,X市远岚商超门店,,job_ref_870573,1,1,1,否,0,0,0,0
商超,3,3,X市远岚商超门店,2026-05-23,enterprise_ref_184656,合成运营主体_184656,store_ref_260139,X市,X市远岚商超门店,,job_ref_870573,1,1,1,否,0,0,0,0
商超,3,3,X市远岚商超门店,2026-05-23,enterprise_ref_184656,合成运营主体_184656,store_ref_260139,X市,X市远岚商超门店,,job_ref_870573,1,1,1,否,0,0,0,0
商超,3,3,X市远岚商超门店,2026-05-23,enterprise_ref_184656,合成运营主体_184656,store_ref_260139,X市,X市远岚商超门店,,job_ref_870573,1,1,1,否,0,0,0,0
商超,3,3,X市远岚商超门店,2026-05-23,enterprise_ref_184656,合成运营主体_184656,store_ref_260139,X市,X市远岚商超门店,,job_ref_726320,1,1,1,否,0,0,0,0
商超,3,3,X市远岚商超门店,2026-05-23,enterprise_ref_184656,合成运营主体_184656,store_ref_260139,X市,X市远岚商超门店,,job_ref_726320,1,1,1,否,0,0,0,0
商超,3,3,X市远岚商超门店,2026-05-23,enterprise_ref_184656,合成运营主体_184656,store_ref_260139,X市,X市远岚商超门店,,job_ref_791925,1,1,1,否,0,0,0,0
商超,3,3,X市远岚商超门店,2026-05-23,enterprise_ref_184656,合成运营主体_184656,store_ref_260139,X市,X市远岚商超门店,,job_ref_870573,1,1,1,否,0,0,0,0
商超,3,3,X市远岚商超门店,2026-05-23,enterprise_ref_184656,合成运营主体_184656,store_ref_260139,X市,X市远岚商超门店,,job_ref_726320,1,1,1,否,0,0,0,0
商超,3,3,X市远岚商超门店,2026-05-23,enterprise_ref_184656,合成运营主体_184656,store_ref_260139,X市,X市远岚商超门店,,job_ref_870573,0,1,1,否,0,0,0,0
商超,3,3,X市远岚商超门店,2026-05-23,enterprise_ref_184656,合成运营主体_184656,store_ref_260139,X市,X市远岚商超门店,,job_ref_870573,0,1,1,否,0,0,0,0
商超,3,3,X市远岚商超门店,2026-05-23,enterprise_ref_184656,合成运营主体_184656,store_ref_260139,X市,X市远岚商超门店,,job_ref_730028,1,1,1,否,0,0,0,0
商超,3,3,X市远岚商超门店,2026-05-23,enterprise_ref_184656,合成运营主体_184656,store_ref_260139,X市,X市远岚商超门店,,job_ref_791925,1,1,1,否,0,0,0,0
商超,3,3,X市远岚商超门店,2026-05-23,enterprise_ref_184656,合成运营主体_184656,store_ref_260139,X市,X市远岚商超门店,,job_ref_870573,0,1,1,否,0,0,0,0
商超,3,3,X市远岚商超门店,2026-05-23,enterprise_ref_184656,合成运营主体_184656,store_ref_260139,X市,X市远岚商超门店,,job_ref_730028,1,1,1,否,0,0,0,0
商超,3,3,X市远岚商超门店,2026-05-23,enterprise_ref_184656,合成运营主体_184656,store_ref_260139,X市,X市远岚商超门店,,job_ref_733708,1,1,1,否,0,0,0,0
商超,3,3,X市远岚商超门店,2026-05-23,enterprise_ref_184656,合成运营主体_184656,store_ref_260139,X市,X市远岚商超门店,,job_ref_981321,1,1,1,否,0,0,0,0
商超,3,3,X市远岚商超门店,2026-05-23,enterprise_ref_184656,合成运营主体_184656,store_ref_260139,X市,X市远岚商超门店,,job_ref_528868,1,1,1,否,0,0,0,0
商超,3,3,X市远岚商超门店,2026-05-23,enterprise_ref_184656,合成运营主体_184656,store_ref_260139,X市,X市远岚商超门店,,job_ref_528868,2,2,2,否,0,0,0,0
商超,3,3,X市远岚商超门店,2026-05-23,enterprise_ref_184656,合成运营主体_184656,store_ref_260139,X市,X市远岚商超门店,,job_ref_733708,2,2,2,否,0,0,0,0
商超,3,3,X市远岚商超门店,2026-05-23,enterprise_ref_184656,合成运营主体_184656,store_ref_260139,X市,X市远岚商超门店,,job_ref_981321,1,1,1,否,0,0,0,0
商超,3,3,X市远岚商超门店,2026-05-24,enterprise_ref_184656,合成运营主体_184656,store_ref_260139,X市,X市远岚商超门店,,job_ref_730028,1,1,1,否,0,0,0,0
商超,3,3,X市远岚商超门店,2026-05-24,enterprise_ref_184656,合成运营主体_184656,store_ref_260139,X市,X市远岚商超门店,,job_ref_791925,1,1,1,否,0,0,0,0
商超,3,3,X市远岚商超门店,2026-05-24,enterprise_ref_184656,合成运营主体_184656,store_ref_260139,X市,X市远岚商超门店,,job_ref_870573,0,1,1,否,0,0,0,0
商超,3,3,X市远岚商超门店,2026-05-24,enterprise_ref_184656,合成运营主体_184656,store_ref_260139,X市,X市远岚商超门店,,job_ref_870573,0,1,1,否,0,0,0,0
商超,3,3,X市远岚商超门店,2026-05-24,enterprise_ref_184656,合成运营主体_184656,store_ref_260139,X市,X市远岚商超门店,,job_ref_528868,1,1,1,否,0,0,0,0
商超,3,3,X市远岚商超门店,2026-05-24,enterprise_ref_184656,合成运营主体_184656,store_ref_260139,X市,X市远岚商超门店,,job_ref_981321,1,1,1,否,0,0,0,0
商超,3,3,X市远岚商超门店,2026-05-24,enterprise_ref_184656,合成运营主体_184656,store_ref_260139,X市,X市远岚商超门店,,job_ref_870573,1,1,1,否,0,0,0,0
商超,3,3,X市远岚商超门店,2026-05-24,enterprise_ref_184656,合成运营主体_184656,store_ref_260139,X市,X市远岚商超门店,,job_ref_730028,1,1,1,否,0,0,0,0
商超,3,3,X市远岚商超门店,2026-05-24,enterprise_ref_184656,合成运营主体_184656,store_ref_260139,X市,X市远岚商超门店,,job_ref_870573,0,1,1,否,0,0,0,0
商超,3,3,X市远岚商超门店,2026-05-24,enterprise_ref_184656,合成运营主体_184656,store_ref_260139,X市,X市远岚商超门店,,job_ref_413733,1,1,1,否,0,0,0,0
商超,3,3,X市远岚商超门店,2026-05-24,enterprise_ref_184656,合成运营主体_184656,store_ref_260139,X市,X市远岚商超门店,,job_ref_726320,1,1,1,否,0,0,0,0
商超,3,3,X市远岚商超门店,2026-05-24,enterprise_ref_184656,合成运营主体_184656,store_ref_260139,X市,X市远岚商超门店,,job_ref_726320,1,1,1,否,0,0,0,0
商超,3,3,X市远岚商超门店,2026-05-24,enterprise_ref_184656,合成运营主体_184656,store_ref_260139,X市,X市远岚商超门店,,job_ref_870573,1,1,1,否,0,0,0,0
商超,3,3,X市远岚商超门店,2026-05-24,enterprise_ref_184656,合成运营主体_184656,store_ref_260139,X市,X市远岚商超门店,,job_ref_870573,1,1,1,否,0,0,0,0
商超,3,3,X市远岚商超门店,2026-05-24,enterprise_ref_184656,合成运营主体_184656,store_ref_260139,X市,X市远岚商超门店,,job_ref_726320,0,1,1,否,0,0,0,0
商超,3,3,X市远岚商超门店,2026-05-24,enterprise_ref_184656,合成运营主体_184656,store_ref_260139,X市,X市远岚商超门店,,job_ref_733708,1,1,1,否,0,0,0,0
商超,3,3,X市远岚商超门店,2026-05-24,enterprise_ref_184656,合成运营主体_184656,store_ref_260139,X市,X市远岚商超门店,,job_ref_870573,0,1,1,否,0,0,0,0
商超,3,3,X市远岚商超门店,2026-05-24,enterprise_ref_184656,合成运营主体_184656,store_ref_260139,X市,X市远岚商超门店,,job_ref_528868,2,2,2,否,0,0,0,0
商超,3,3,X市远岚商超门店,2026-05-24,enterprise_ref_184656,合成运营主体_184656,store_ref_260139,X市,X市远岚商超门店,,job_ref_733708,2,3,3,否,0,0,0,0
商超,3,3,X市远岚商超门店,2026-05-24,enterprise_ref_184656,合成运营主体_184656,store_ref_260139,X市,X市远岚商超门店,,job_ref_981321,1,1,1,否,0,0,0,0
商超,3,3,X市远岚商超门店,2026-05-24,enterprise_ref_184656,合成运营主体_184656,store_ref_260139,X市,X市远岚商超门店,,job_ref_870573,0,1,1,否,0,0,0,0
商超,3,3,X市远岚商超门店,2026-05-24,enterprise_ref_184656,合成运营主体_184656,store_ref_260139,X市,X市远岚商超门店,,job_ref_870573,0,1,1,否,0,0,0,0
商超,3,3,X市远岚商超门店,2026-05-24,enterprise_ref_184656,合成运营主体_184656,store_ref_260139,X市,X市远岚商超门店,,job_ref_870573,1,1,1,否,0,0,0,0
商超,3,3,X市远岚商超门店,2026-05-24,enterprise_ref_184656,合成运营主体_184656,store_ref_260139,X市,X市远岚商超门店,,job_ref_730028,1,1,1,否,0,0,0,0
商超,3,3,X市远岚商超门店,2026-05-24,enterprise_ref_184656,合成运营主体_184656,store_ref_260139,X市,X市远岚商超门店,,job_ref_726320,1,1,1,否,0,0,0,0
商超,3,3,X市远岚商超门店,2026-05-24,enterprise_ref_184656,合成运营主体_184656,store_ref_260139,X市,X市远岚商超门店,,job_ref_870573,1,1,1,否,0,0,0,0
商超,3,3,X市远岚商超门店,2026-05-24,enterprise_ref_184656,合成运营主体_184656,store_ref_260139,X市,X市远岚商超门店,,job_ref_371636,1,1,1,否,0,0,0,0
商超,3,3,X市远岚商超门店,2026-05-24,enterprise_ref_184656,合成运营主体_184656,store_ref_260139,X市,X市远岚商超门店,,job_ref_733708,1,1,1,否,0,0,0,0
商超,3,3,X市远岚商超门店,2026-05-24,enterprise_ref_184656,合成运营主体_184656,store_ref_260139,X市,X市远岚商超门店,,job_ref_870573,1,1,1,否,0,0,0,0
商超,3,3,X市远岚商超门店,2026-05-24,enterprise_ref_184656,合成运营主体_184656,store_ref_260139,X市,X市远岚商超门店,,job_ref_733708,1,1,1,否,0,0,0,0
商超,3,3,X市远岚商超门店,2026-05-24,enterprise_ref_184656,合成运营主体_184656,store_ref_260139,X市,X市远岚商超门店,,job_ref_791925,1,1,1,否,0,0,0,0
商超,3,3,X市远岚商超门店,2026-05-24,enterprise_ref_184656,合成运营主体_184656,store_ref_260139,X市,X市远岚商超门店,,job_ref_981321,1,1,1,否,0,0,0,0
商超,3,3,X市远岚商超门店,2026-05-24,enterprise_ref_184656,合成运营主体_184656,store_ref_260139,X市,X市远岚商超门店,,job_ref_528868,2,2,2,否,0,0,0,0
商超,3,3,X市远岚商超门店,2026-05-24,enterprise_ref_184656,合成运营主体_184656,store_ref_260139,X市,X市远岚商超门店,,job_ref_981321,1,1,1,否,0,0,0,0
商超,3,3,X市远岚商超门店,2026-05-24,enterprise_ref_184656,合成运营主体_184656,store_ref_260139,X市,X市远岚商超门店,,job_ref_730028,1,1,1,否,0,0,0,0
商超,3,3,X市远岚商超门店,2026-05-25,enterprise_ref_184656,合成运营主体_184656,store_ref_260139,X市,X市远岚商超门店,,job_ref_870573,1,1,1,否,0,0,0,0
商超,3,3,X市远岚商超门店,2026-05-25,enterprise_ref_184656,合成运营主体_184656,store_ref_260139,X市,X市远岚商超门店,,job_ref_981321,1,1,1,否,0,0,0,0
商超,3,3,X市远岚商超门店,2026-05-25,enterprise_ref_184656,合成运营主体_184656,store_ref_260139,X市,X市远岚商超门店,,job_ref_733708,2,2,2,否,0,0,0,0
商超,3,3,X市远岚商超门店,2026-05-25,enterprise_ref_184656,合成运营主体_184656,store_ref_260139,X市,X市远岚商超门店,,job_ref_733708,2,2,2,否,0,0,0,0
商超,3,3,X市远岚商超门店,2026-05-25,enterprise_ref_184656,合成运营主体_184656,store_ref_260139,X市,X市远岚商超门店,,job_ref_791925,0,1,1,否,0,0,0,0
商超,3,3,X市远岚商超门店,2026-05-25,enterprise_ref_184656,合成运营主体_184656,store_ref_260139,X市,X市远岚商超门店,,job_ref_528868,2,2,2,否,0,0,0,0
商超,3,3,X市远岚商超门店,2026-05-25,enterprise_ref_184656,合成运营主体_184656,store_ref_260139,X市,X市远岚商超门店,,job_ref_791925,1,1,1,否,0,0,0,0
商超,3,3,X市远岚商超门店,2026-05-25,enterprise_ref_184656,合成运营主体_184656,store_ref_260139,X市,X市远岚商超门店,,job_ref_528868,2,2,2,否,0,0,0,0
商超,3,3,X市远岚商超门店,2026-05-25,enterprise_ref_184656,合成运营主体_184656,store_ref_260139,X市,X市远岚商超门店,,job_ref_870573,1,1,1,否,0,0,0,0
商超,3,3,X市远岚商超门店,2026-05-25,enterprise_ref_184656,合成运营主体_184656,store_ref_260139,X市,X市远岚商超门店,,job_ref_726320,1,1,1,否,0,0,0,0
商超,3,3,X市远岚商超门店,2026-05-25,enterprise_ref_184656,合成运营主体_184656,store_ref_260139,X市,X市远岚商超门店,,job_ref_870573,0,1,1,否,0,0,0,0
商超,3,3,X市远岚商超门店,2026-05-25,enterprise_ref_184656,合成运营主体_184656,store_ref_260139,X市,X市远岚商超门店,,job_ref_870573,1,1,1,否,0,0,0,0
商超,3,3,X市远岚商超门店,2026-05-25,enterprise_ref_184656,合成运营主体_184656,store_ref_260139,X市,X市远岚商超门店,,job_ref_870573,0,1,1,否,0,0,0,0
商超,3,3,X市远岚商超门店,2026-05-25,enterprise_ref_184656,合成运营主体_184656,store_ref_260139,X市,X市远岚商超门店,,job_ref_726320,1,1,1,否,0,0,0,0
商超,3,3,X市远岚商超门店,2026-05-25,enterprise_ref_184656,合成运营主体_184656,store_ref_260139,X市,X市远岚商超门店,,job_ref_870573,0,1,1,否,0,0,0,0
商超,3,3,X市远岚商超门店,2026-05-25,enterprise_ref_184656,合成运营主体_184656,store_ref_260139,X市,X市远岚商超门店,,job_ref_870573,0,1,1,否,0,0,0,0
商超,3,3,X市远岚商超门店,2026-05-25,enterprise_ref_184656,合成运营主体_184656,store_ref_260139,X市,X市远岚商超门店,,job_ref_730028,1,1,1,否,0,0,0,0
商超,3,3,X市远岚商超门店,2026-05-25,enterprise_ref_184656,合成运营主体_184656,store_ref_260139,X市,X市远岚商超门店,,job_ref_726320,1,1,1,否,0,0,0,0
商超,3,3,X市远岚商超门店,2026-05-25,enterprise_ref_184656,合成运营主体_184656,store_ref_260139,X市,X市远岚商超门店,,job_ref_791925,0,1,1,否,0,0,0,0
商超,3,3,X市远岚商超门店,2026-05-25,enterprise_ref_184656,合成运营主体_184656,store_ref_260139,X市,X市远岚商超门店,,job_ref_981321,1,1,1,否,0,0,0,0
商超,3,3,X市远岚商超门店,2026-05-25,enterprise_ref_184656,合成运营主体_184656,store_ref_260139,X市,X市远岚商超门店,,job_ref_730028,1,1,1,否,0,0,0,0
商超,3,3,X市远岚商超门店,2026-05-25,enterprise_ref_184656,合成运营主体_184656,store_ref_260139,X市,X市远岚商超门店,,job_ref_870573,1,1,1,否,0,0,0,0
商超,3,3,X市远岚商超门店,2026-05-25,enterprise_ref_184656,合成运营主体_184656,store_ref_260139,X市,X市远岚商超门店,,job_ref_870573,0,1,1,否,0,0,0,0
商超,3,3,X市远岚商超门店,2026-05-25,enterprise_ref_184656,合成运营主体_184656,store_ref_260139,X市,X市远岚商超门店,,job_ref_371636,1,1,1,否,0,0,0,0
商超,3,3,X市远岚商超门店,2026-05-25,enterprise_ref_184656,合成运营主体_184656,store_ref_260139,X市,X市远岚商超门店,,job_ref_730028,1,1,1,否,0,0,0,0
商超,3,3,X市远岚商超门店,2026-05-25,enterprise_ref_184656,合成运营主体_184656,store_ref_260139,X市,X市远岚商超门店,,job_ref_733708,2,2,2,否,0,0,0,0
商超,3,3,X市远岚商超门店,2026-05-25,enterprise_ref_184656,合成运营主体_184656,store_ref_260139,X市,X市远岚商超门店,,job_ref_413733,1,1,1,否,0,0,0,0
商超,3,3,X市远岚商超门店,2026-05-25,enterprise_ref_184656,合成运营主体_184656,store_ref_260139,X市,X市远岚商超门店,,job_ref_791925,1,1,1,否,0,0,0,0
商超,3,3,X市远岚商超门店,2026-05-25,enterprise_ref_184656,合成运营主体_184656,store_ref_260139,X市,X市远岚商超门店,,job_ref_870573,1,1,1,否,0,0,0,0
商超,3,3,X市远岚商超门店,2026-05-25,enterprise_ref_184656,合成运营主体_184656,store_ref_260139,X市,X市远岚商超门店,,job_ref_528868,1,1,1,否,0,0,0,0
商超,3,3,X市远岚商超门店,2026-05-25,enterprise_ref_184656,合成运营主体_184656,store_ref_260139,X市,X市远岚商超门店,,job_ref_870573,1,1,1,否,0,0,0,0
商超,3,3,X市远岚商超门店,2026-05-25,enterprise_ref_184656,合成运营主体_184656,store_ref_260139,X市,X市远岚商超门店,,job_ref_730028,1,1,1,否,0,0,0,0
商超,3,3,X市远岚商超门店,2026-05-25,enterprise_ref_184656,合成运营主体_184656,store_ref_260139,X市,X市远岚商超门店,,job_ref_981321,1,1,1,否,0,0,0,0
商超,3,3,X市远岚商超门店,2026-05-25,enterprise_ref_184656,合成运营主体_184656,store_ref_260139,X市,X市远岚商超门店,,job_ref_733708,0,2,2,否,0,0,0,0
商超,3,3,X市远岚商超门店,2026-05-26,enterprise_ref_184656,合成运营主体_184656,store_ref_260139,X市,X市远岚商超门店,,job_ref_791925,1,1,1,否,0,0,0,0
商超,3,3,X市远岚商超门店,2026-05-26,enterprise_ref_184656,合成运营主体_184656,store_ref_260139,X市,X市远岚商超门店,,job_ref_870573,0,1,1,否,0,0,0,0
商超,3,3,X市远岚商超门店,2026-05-26,enterprise_ref_184656,合成运营主体_184656,store_ref_260139,X市,X市远岚商超门店,,job_ref_791925,0,1,1,否,0,0,0,0
商超,3,3,X市远岚商超门店,2026-05-26,enterprise_ref_184656,合成运营主体_184656,store_ref_260139,X市,X市远岚商超门店,,job_ref_981321,1,1,1,否,0,0,0,0
商超,3,3,X市远岚商超门店,2026-05-26,enterprise_ref_184656,合成运营主体_184656,store_ref_260139,X市,X市远岚商超门店,,job_ref_791925,1,1,1,否,0,0,0,0
商超,3,3,X市远岚商超门店,2026-05-26,enterprise_ref_184656,合成运营主体_184656,store_ref_260139,X市,X市远岚商超门店,,job_ref_413733,1,1,1,否,0,0,0,0
商超,3,3,X市远岚商超门店,2026-05-26,enterprise_ref_184656,合成运营主体_184656,store_ref_260139,X市,X市远岚商超门店,,job_ref_733708,1,1,1,否,0,0,0,0
商超,3,3,X市远岚商超门店,2026-05-26,enterprise_ref_184656,合成运营主体_184656,store_ref_260139,X市,X市远岚商超门店,,job_ref_733708,2,2,2,否,0,0,0,0
商超,3,3,X市远岚商超门店,2026-05-26,enterprise_ref_184656,合成运营主体_184656,store_ref_260139,X市,X市远岚商超门店,,job_ref_791925,0,1,1,否,0,0,0,0
商超,3,3,X市远岚商超门店,2026-05-26,enterprise_ref_184656,合成运营主体_184656,store_ref_260139,X市,X市远岚商超门店,,job_ref_730028,1,1,1,否,0,0,0,0
商超,3,3,X市远岚商超门店,2026-05-26,enterprise_ref_184656,合成运营主体_184656,store_ref_260139,X市,X市远岚商超门店,,job_ref_528868,2,2,2,否,0,0,0,0
商超,3,3,X市远岚商超门店,2026-05-26,enterprise_ref_184656,合成运营主体_184656,store_ref_260139,X市,X市远岚商超门店,,job_ref_870573,0,1,1,否,0,0,0,0
商超,3,3,X市远岚商超门店,2026-05-26,enterprise_ref_184656,合成运营主体_184656,store_ref_260139,X市,X市远岚商超门店,,job_ref_730028,1,1,1,否,0,0,0,0
商超,3,3,X市远岚商超门店,2026-05-26,enterprise_ref_184656,合成运营主体_184656,store_ref_260139,X市,X市远岚商超门店,,job_ref_870573,0,1,1,否,0,0,0,0
商超,3,3,X市远岚商超门店,2026-05-26,enterprise_ref_184656,合成运营主体_184656,store_ref_260139,X市,X市远岚商超门店,,job_ref_730028,1,1,1,否,0,0,0,0
商超,3,3,X市远岚商超门店,2026-05-26,enterprise_ref_184656,合成运营主体_184656,store_ref_260139,X市,X市远岚商超门店,,job_ref_870573,0,3,3,否,0,0,0,0
商超,3,3,X市远岚商超门店,2026-05-26,enterprise_ref_184656,合成运营主体_184656,store_ref_260139,X市,X市远岚商超门店,,job_ref_870573,0,1,1,否,0,0,0,0
商超,3,3,X市远岚商超门店,2026-05-26,enterprise_ref_184656,合成运营主体_184656,store_ref_260139,X市,X市远岚商超门店,,job_ref_870573,0,1,1,否,0,0,0,0
商超,3,3,X市远岚商超门店,2026-05-26,enterprise_ref_184656,合成运营主体_184656,store_ref_260139,X市,X市远岚商超门店,,job_ref_528868,2,2,2,否,0,0,0,0
商超,3,3,X市远岚商超门店,2026-05-26,enterprise_ref_184656,合成运营主体_184656,store_ref_260139,X市,X市远岚商超门店,,job_ref_981321,1,1,1,否,0,0,0,0
商超,3,3,X市远岚商超门店,2026-05-26,enterprise_ref_184656,合成运营主体_184656,store_ref_260139,X市,X市远岚商超门店,,job_ref_870573,0,1,1,否,0,0,0,0
商超,3,3,X市远岚商超门店,2026-05-26,enterprise_ref_184656,合成运营主体_184656,store_ref_260139,X市,X市远岚商超门店,,job_ref_726320,0,1,1,否,0,0,0,0
商超,3,3,X市远岚商超门店,2026-05-26,enterprise_ref_184656,合成运营主体_184656,store_ref_260139,X市,X市远岚商超门店,,job_ref_730028,1,1,1,否,0,0,0,0
商超,3,3,X市远岚商超门店,2026-05-26,enterprise_ref_184656,合成运营主体_184656,store_ref_260139,X市,X市远岚商超门店,,job_ref_870573,1,1,1,否,0,0,0,0
商超,3,3,X市远岚商超门店,2026-05-26,enterprise_ref_184656,合成运营主体_184656,store_ref_260139,X市,X市远岚商超门店,,job_ref_981321,1,1,1,否,0,0,0,0
商超,3,3,X市远岚商超门店,2026-05-26,enterprise_ref_184656,合成运营主体_184656,store_ref_260139,X市,X市远岚商超门店,,job_ref_870573,0,1,1,否,0,0,0,0
商超,3,3,X市远岚商超门店,2026-05-26,enterprise_ref_184656,合成运营主体_184656,store_ref_260139,X市,X市远岚商超门店,,job_ref_870573,1,1,1,否,0,0,0,0
商超,3,3,X市远岚商超门店,2026-05-26,enterprise_ref_184656,合成运营主体_184656,store_ref_260139,X市,X市远岚商超门店,,job_ref_371636,1,1,1,否,0,0,0,0
商超,3,3,X市远岚商超门店,2026-05-26,enterprise_ref_184656,合成运营主体_184656,store_ref_260139,X市,X市远岚商超门店,,job_ref_726320,1,1,1,否,0,0,0,0
商超,3,3,X市远岚商超门店,2026-05-26,enterprise_ref_184656,合成运营主体_184656,store_ref_260139,X市,X市远岚商超门店,,job_ref_791925,0,1,1,否,0,0,0,0
商超,3,3,X市远岚商超门店,2026-05-26,enterprise_ref_184656,合成运营主体_184656,store_ref_260139,X市,X市远岚商超门店,,job_ref_870573,2,2,2,否,0,0,0,0
商超,3,3,X市远岚商超门店,2026-05-26,enterprise_ref_184656,合成运营主体_184656,store_ref_260139,X市,X市远岚商超门店,,job_ref_726320,1,1,1,否,0,0,0,0
商超,3,3,X市远岚商超门店,2026-05-26,enterprise_ref_184656,合成运营主体_184656,store_ref_260139,X市,X市远岚商超门店,,job_ref_870573,1,1,1,否,0,0,0,0
商超,3,3,X市远岚商超门店,2026-05-26,enterprise_ref_184656,合成运营主体_184656,store_ref_260139,X市,X市远岚商超门店,,job_ref_733708,2,2,2,否,0,0,0,0
商超,3,3,X市远岚商超门店,2026-05-26,enterprise_ref_184656,合成运营主体_184656,store_ref_260139,X市,X市远岚商超门店,,job_ref_528868,1,1,1,否,0,0,0,0
商超,3,3,X市远岚商超门店,2026-05-26,enterprise_ref_184656,合成运营主体_184656,store_ref_260139,X市,X市远岚商超门店,,job_ref_730028,1,1,1,否,0,0,0,0
商超,3,3,X市远岚商超门店,2026-05-26,enterprise_ref_184656,合成运营主体_184656,store_ref_260139,X市,X市远岚商超门店,,job_ref_726320,0,1,1,否,0,0,0,0
商超,3,3,X市远岚商超门店,2026-05-26,enterprise_ref_184656,合成运营主体_184656,store_ref_260139,X市,X市远岚商超门店,,job_ref_726320,1,1,1,否,0,0,0,0
商超,3,3,X市远岚商超门店,2026-05-27,enterprise_ref_184656,合成运营主体_184656,store_ref_260139,X市,X市远岚商超门店,,job_ref_730028,1,1,1,否,0,0,0,0
商超,3,3,X市远岚商超门店,2026-05-27,enterprise_ref_184656,合成运营主体_184656,store_ref_260139,X市,X市远岚商超门店,,job_ref_981321,1,1,1,否,0,0,0,0
商超,3,3,X市远岚商超门店,2026-05-27,enterprise_ref_184656,合成运营主体_184656,store_ref_260139,X市,X市远岚商超门店,,job_ref_528868,1,1,1,否,0,0,0,0
商超,3,3,X市远岚商超门店,2026-05-27,enterprise_ref_184656,合成运营主体_184656,store_ref_260139,X市,X市远岚商超门店,,job_ref_791925,0,1,1,否,0,0,0,0
商超,3,3,X市远岚商超门店,2026-05-27,enterprise_ref_184656,合成运营主体_184656,store_ref_260139,X市,X市远岚商超门店,,job_ref_726320,1,1,1,否,0,0,0,0
商超,3,3,X市远岚商超门店,2026-05-27,enterprise_ref_184656,合成运营主体_184656,store_ref_260139,X市,X市远岚商超门店,,job_ref_870573,0,1,1,否,0,0,0,0
商超,3,3,X市远岚商超门店,2026-05-27,enterprise_ref_184656,合成运营主体_184656,store_ref_260139,X市,X市远岚商超门店,,job_ref_870573,0,1,1,否,0,0,0,0
商超,3,3,X市远岚商超门店,2026-05-27,enterprise_ref_184656,合成运营主体_184656,store_ref_260139,X市,X市远岚商超门店,,job_ref_870573,1,1,1,否,0,0,0,0
商超,3,3,X市远岚商超门店,2026-05-27,enterprise_ref_184656,合成运营主体_184656,store_ref_260139,X市,X市远岚商超门店,,job_ref_870573,1,1,1,否,0,0,0,0
商超,3,3,X市远岚商超门店,2026-05-27,enterprise_ref_184656,合成运营主体_184656,store_ref_260139,X市,X市远岚商超门店,,job_ref_870573,0,1,1,否,0,0,0,0
商超,3,3,X市远岚商超门店,2026-05-27,enterprise_ref_184656,合成运营主体_184656,store_ref_260139,X市,X市远岚商超门店,,job_ref_981321,1,1,1,否,0,0,0,0
商超,3,3,X市远岚商超门店,2026-05-27,enterprise_ref_184656,合成运营主体_184656,store_ref_260139,X市,X市远岚商超门店,,job_ref_870573,0,1,1,否,0,0,0,0
商超,3,3,X市远岚商超门店,2026-05-27,enterprise_ref_184656,合成运营主体_184656,store_ref_260139,X市,X市远岚商超门店,,job_ref_870573,0,1,1,否,0,0,0,0
商超,3,3,X市远岚商超门店,2026-05-27,enterprise_ref_184656,合成运营主体_184656,store_ref_260139,X市,X市远岚商超门店,,job_ref_870573,1,1,1,否,0,0,0,0
商超,3,3,X市远岚商超门店,2026-05-27,enterprise_ref_184656,合成运营主体_184656,store_ref_260139,X市,X市远岚商超门店,,job_ref_726320,1,1,1,否,0,0,0,0
商超,3,3,X市远岚商超门店,2026-05-27,enterprise_ref_184656,合成运营主体_184656,store_ref_260139,X市,X市远岚商超门店,,job_ref_791925,0,1,1,否,0,0,0,0
商超,3,3,X市远岚商超门店,2026-05-27,enterprise_ref_184656,合成运营主体_184656,store_ref_260139,X市,X市远岚商超门店,,job_ref_528868,2,2,2,否,0,0,0,0
商超,3,3,X市远岚商超门店,2026-05-27,enterprise_ref_184656,合成运营主体_184656,store_ref_260139,X市,X市远岚商超门店,,job_ref_371636,1,1,1,否,0,0,0,0
商超,3,3,X市远岚商超门店,2026-05-27,enterprise_ref_184656,合成运营主体_184656,store_ref_260139,X市,X市远岚商超门店,,job_ref_981321,1,1,1,否,0,0,0,0
商超,3,3,X市远岚商超门店,2026-05-27,enterprise_ref_184656,合成运营主体_184656,store_ref_260139,X市,X市远岚商超门店,,job_ref_791925,1,1,1,否,0,0,0,0
商超,3,3,X市远岚商超门店,2026-05-27,enterprise_ref_184656,合成运营主体_184656,store_ref_260139,X市,X市远岚商超门店,,job_ref_726320,1,1,1,否,0,0,0,0
商超,3,3,X市远岚商超门店,2026-05-27,enterprise_ref_184656,合成运营主体_184656,store_ref_260139,X市,X市远岚商超门店,,job_ref_730028,1,1,1,否,0,0,0,0
商超,3,3,X市远岚商超门店,2026-05-27,enterprise_ref_184656,合成运营主体_184656,store_ref_260139,X市,X市远岚商超门店,,job_ref_730028,1,1,1,否,0,0,0,0
商超,3,3,X市远岚商超门店,2026-05-27,enterprise_ref_184656,合成运营主体_184656,store_ref_260139,X市,X市远岚商超门店,,job_ref_733708,2,2,2,否,0,0,0,0
商超,3,3,X市远岚商超门店,2026-05-27,enterprise_ref_184656,合成运营主体_184656,store_ref_260139,X市,X市远岚商超门店,,job_ref_528868,2,2,2,否,0,0,0,0
商超,3,3,X市远岚商超门店,2026-05-27,enterprise_ref_184656,合成运营主体_184656,store_ref_260139,X市,X市远岚商超门店,,job_ref_733708,2,2,2,否,0,0,0,0
商超,3,3,X市远岚商超门店,2026-05-27,enterprise_ref_184656,合成运营主体_184656,store_ref_260139,X市,X市远岚商超门店,,job_ref_870573,1,1,1,否,0,0,0,0
商超,3,3,X市远岚商超门店,2026-05-28,enterprise_ref_184656,合成运营主体_184656,store_ref_260139,X市,X市远岚商超门店,,job_ref_870573,1,1,1,否,0,0,0,0
商超,3,3,X市远岚商超门店,2026-05-28,enterprise_ref_184656,合成运营主体_184656,store_ref_260139,X市,X市远岚商超门店,,job_ref_733708,2,2,2,否,0,0,0,0
商超,3,3,X市远岚商超门店,2026-05-28,enterprise_ref_184656,合成运营主体_184656,store_ref_260139,X市,X市远岚商超门店,,job_ref_981321,2,2,2,否,0,0,0,0
商超,3,3,X市远岚商超门店,2026-05-28,enterprise_ref_184656,合成运营主体_184656,store_ref_260139,X市,X市远岚商超门店,,job_ref_730028,1,1,1,否,0,0,0,0
商超,3,3,X市远岚商超门店,2026-05-28,enterprise_ref_184656,合成运营主体_184656,store_ref_260139,X市,X市远岚商超门店,,job_ref_733708,1,1,1,否,0,0,0,0
商超,3,3,X市远岚商超门店,2026-05-28,enterprise_ref_184656,合成运营主体_184656,store_ref_260139,X市,X市远岚商超门店,,job_ref_413733,0,1,1,否,0,0,0,0
商超,3,3,X市远岚商超门店,2026-05-28,enterprise_ref_184656,合成运营主体_184656,store_ref_260139,X市,X市远岚商超门店,,job_ref_726320,1,1,1,否,0,0,0,0
商超,3,3,X市远岚商超门店,2026-05-28,enterprise_ref_184656,合成运营主体_184656,store_ref_260139,X市,X市远岚商超门店,,job_ref_870573,0,1,1,否,0,0,0,0
商超,3,3,X市远岚商超门店,2026-05-28,enterprise_ref_184656,合成运营主体_184656,store_ref_260139,X市,X市远岚商超门店,,job_ref_726320,1,1,1,否,0,0,0,0
商超,3,3,X市远岚商超门店,2026-05-28,enterprise_ref_184656,合成运营主体_184656,store_ref_260139,X市,X市远岚商超门店,,job_ref_870573,1,1,1,否,0,0,0,0
商超,3,3,X市远岚商超门店,2026-05-28,enterprise_ref_184656,合成运营主体_184656,store_ref_260139,X市,X市远岚商超门店,,job_ref_870573,0,1,1,否,0,0,0,0
商超,3,3,X市远岚商超门店,2026-05-28,enterprise_ref_184656,合成运营主体_184656,store_ref_260139,X市,X市远岚商超门店,,job_ref_870573,0,1,1,否,0,0,0,0
商超,3,3,X市远岚商超门店,2026-05-28,enterprise_ref_184656,合成运营主体_184656,store_ref_260139,X市,X市远岚商超门店,,job_ref_528868,2,2,2,否,0,0,0,0
商超,3,3,X市远岚商超门店,2026-05-28,enterprise_ref_184656,合成运营主体_184656,store_ref_260139,X市,X市远岚商超门店,,job_ref_791925,1,1,1,否,0,0,0,0
商超,3,3,X市远岚商超门店,2026-05-28,enterprise_ref_184656,合成运营主体_184656,store_ref_260139,X市,X市远岚商超门店,,job_ref_791925,0,1,1,否,0,0,0,0
商超,3,3,X市远岚商超门店,2026-05-28,enterprise_ref_184656,合成运营主体_184656,store_ref_260139,X市,X市远岚商超门店,,job_ref_528868,1,1,1,否,0,0,0,0
商超,3,3,X市远岚商超门店,2026-05-28,enterprise_ref_184656,合成运营主体_184656,store_ref_260139,X市,X市远岚商超门店,,job_ref_371636,1,1,1,否,0,0,0,0
商超,3,3,X市远岚商超门店,2026-05-28,enterprise_ref_184656,合成运营主体_184656,store_ref_260139,X市,X市远岚商超门店,,job_ref_870573,1,1,1,否,0,0,0,0
商超,3,3,X市远岚商超门店,2026-05-28,enterprise_ref_184656,合成运营主体_184656,store_ref_260139,X市,X市远岚商超门店,,job_ref_870573,0,1,1,否,0,0,0,0
商超,3,3,X市远岚商超门店,2026-05-28,enterprise_ref_184656,合成运营主体_184656,store_ref_260139,X市,X市远岚商超门店,,job_ref_981321,1,1,1,否,0,0,0,0
商超,3,3,X市远岚商超门店,2026-05-28,enterprise_ref_184656,合成运营主体_184656,store_ref_260139,X市,X市远岚商超门店,,job_ref_730028,1,1,1,否,0,0,0,0
商超,3,3,X市远岚商超门店,2026-05-28,enterprise_ref_184656,合成运营主体_184656,store_ref_260139,X市,X市远岚商超门店,,job_ref_730028,1,1,1,否,0,0,0,0
商超,3,3,X市远岚商超门店,2026-05-28,enterprise_ref_184656,合成运营主体_184656,store_ref_260139,X市,X市远岚商超门店,,job_ref_733708,2,2,2,否,0,0,0,0
商超,3,3,X市远岚商超门店,2026-05-28,enterprise_ref_184656,合成运营主体_184656,store_ref_260139,X市,X市远岚商超门店,,job_ref_726320,1,1,1,否,0,0,0,0
商超,3,3,X市远岚商超门店,2026-05-28,enterprise_ref_184656,合成运营主体_184656,store_ref_260139,X市,X市远岚商超门店,,job_ref_870573,1,1,1,否,0,0,0,0
商超,3,3,X市远岚商超门店,2026-05-28,enterprise_ref_184656,合成运营主体_184656,store_ref_260139,X市,X市远岚商超门店,,job_ref_730028,1,1,1,否,0,0,0,0
商超,3,3,X市远岚商超门店,2026-05-28,enterprise_ref_184656,合成运营主体_184656,store_ref_260139,X市,X市远岚商超门店,,job_ref_870573,0,1,1,否,0,0,0,0
商超,3,3,X市远岚商超门店,2026-05-28,enterprise_ref_184656,合成运营主体_184656,store_ref_260139,X市,X市远岚商超门店,,job_ref_528868,2,2,2,否,0,0,0,0
商超,3,3,X市远岚商超门店,2026-05-28,enterprise_ref_184656,合成运营主体_184656,store_ref_260139,X市,X市远岚商超门店,,job_ref_870573,1,1,1,否,0,0,0,0
商超,3,3,X市远岚商超门店,2026-05-29,enterprise_ref_184656,合成运营主体_184656,store_ref_260139,X市,X市远岚商超门店,,job_ref_528868,1,1,1,否,0,0,0,0
商超,3,3,X市远岚商超门店,2026-05-29,enterprise_ref_184656,合成运营主体_184656,store_ref_260139,X市,X市远岚商超门店,,job_ref_733708,2,2,2,否,0,0,0,0
商超,3,3,X市远岚商超门店,2026-05-29,enterprise_ref_184656,合成运营主体_184656,store_ref_260139,X市,X市远岚商超门店,,job_ref_870573,1,1,1,否,0,0,0,0
商超,3,3,X市远岚商超门店,2026-05-29,enterprise_ref_184656,合成运营主体_184656,store_ref_260139,X市,X市远岚商超门店,,job_ref_981321,2,2,2,否,0,0,0,0
商超,3,3,X市远岚商超门店,2026-05-29,enterprise_ref_184656,合成运营主体_184656,store_ref_260139,X市,X市远岚商超门店,,job_ref_371636,1,1,1,否,0,0,0,0
商超,3,3,X市远岚商超门店,2026-05-29,enterprise_ref_184656,合成运营主体_184656,store_ref_260139,X市,X市远岚商超门店,,job_ref_413733,1,1,1,否,0,0,0,0
商超,3,3,X市远岚商超门店,2026-05-29,enterprise_ref_184656,合成运营主体_184656,store_ref_260139,X市,X市远岚商超门店,,job_ref_981321,1,1,1,否,0,0,0,0
商超,3,3,X市远岚商超门店,2026-05-29,enterprise_ref_184656,合成运营主体_184656,store_ref_260139,X市,X市远岚商超门店,,job_ref_730028,1,1,1,否,0,0,0,0
商超,3,3,X市远岚商超门店,2026-05-29,enterprise_ref_184656,合成运营主体_184656,store_ref_260139,X市,X市远岚商超门店,,job_ref_726320,1,1,1,否,0,0,0,0
商超,3,3,X市远岚商超门店,2026-05-29,enterprise_ref_184656,合成运营主体_184656,store_ref_260139,X市,X市远岚商超门店,,job_ref_870573,1,1,1,否,0,0,0,0
商超,3,3,X市远岚商超门店,2026-05-29,enterprise_ref_184656,合成运营主体_184656,store_ref_260139,X市,X市远岚商超门店,,job_ref_528868,2,2,2,否,0,0,0,0
商超,3,3,X市远岚商超门店,2026-05-29,enterprise_ref_184656,合成运营主体_184656,store_ref_260139,X市,X市远岚商超门店,,job_ref_730028,1,1,1,否,0,0,0,0
商超,3,3,X市远岚商超门店,2026-05-29,enterprise_ref_184656,合成运营主体_184656,store_ref_260139,X市,X市远岚商超门店,,job_ref_528868,1,1,1,否,0,0,0,0
商超,3,3,X市远岚商超门店,2026-05-29,enterprise_ref_184656,合成运营主体_184656,store_ref_260139,X市,X市远岚商超门店,,job_ref_870573,1,1,1,否,0,0,0,0
商超,3,3,X市远岚商超门店,2026-05-29,enterprise_ref_184656,合成运营主体_184656,store_ref_260139,X市,X市远岚商超门店,,job_ref_870573,0,1,1,否,0,0,0,0
商超,3,3,X市远岚商超门店,2026-05-29,enterprise_ref_184656,合成运营主体_184656,store_ref_260139,X市,X市远岚商超门店,,job_ref_733708,2,2,2,否,0,0,0,0
商超,3,3,X市远岚商超门店,2026-05-29,enterprise_ref_184656,合成运营主体_184656,store_ref_260139,X市,X市远岚商超门店,,job_ref_870573,1,1,1,否,0,0,0,0
商超,3,3,X市远岚商超门店,2026-05-29,enterprise_ref_184656,合成运营主体_184656,store_ref_260139,X市,X市远岚商超门店,,job_ref_791925,1,1,1,否,0,0,0,0
商超,3,3,X市远岚商超门店,2026-05-29,enterprise_ref_184656,合成运营主体_184656,store_ref_260139,X市,X市远岚商超门店,,job_ref_726320,1,1,1,否,0,0,0,0
商超,3,3,X市远岚商超门店,2026-05-29,enterprise_ref_184656,合成运营主体_184656,store_ref_260139,X市,X市远岚商超门店,,job_ref_791925,0,1,1,否,0,0,0,0
商超,3,3,X市远岚商超门店,2026-05-29,enterprise_ref_184656,合成运营主体_184656,store_ref_260139,X市,X市远岚商超门店,,job_ref_870573,1,1,1,否,0,0,0,0
商超,3,3,X市远岚商超门店,2026-05-29,enterprise_ref_184656,合成运营主体_184656,store_ref_260139,X市,X市远岚商超门店,,job_ref_730028,1,1,1,否,0,0,0,0
商超,3,3,X市远岚商超门店,2026-05-29,enterprise_ref_184656,合成运营主体_184656,store_ref_260139,X市,X市远岚商超门店,,job_ref_791925,1,1,1,否,0,0,0,0
商超,3,3,X市远岚商超门店,2026-05-29,enterprise_ref_184656,合成运营主体_184656,store_ref_260139,X市,X市远岚商超门店,,job_ref_981321,1,1,1,否,0,0,0,0
商超,3,3,X市远岚商超门店,2026-05-29,enterprise_ref_184656,合成运营主体_184656,store_ref_260139,X市,X市远岚商超门店,,job_ref_730028,1,1,1,否,0,0,0,0
商超,3,3,X市远岚商超门店,2026-05-29,enterprise_ref_184656,合成运营主体_184656,store_ref_260139,X市,X市远岚商超门店,,job_ref_870573,0,1,1,否,0,0,0,0
商超,3,3,X市远岚商超门店,2026-05-29,enterprise_ref_184656,合成运营主体_184656,store_ref_260139,X市,X市远岚商超门店,,job_ref_733708,2,2,2,否,0,0,0,0
商超,3,3,X市远岚商超门店,2026-05-30,enterprise_ref_184656,合成运营主体_184656,store_ref_260139,X市,X市远岚商超门店,,job_ref_371636,0,1,1,否,0,0,0,0
商超,3,3,X市远岚商超门店,2026-05-30,enterprise_ref_184656,合成运营主体_184656,store_ref_260139,X市,X市远岚商超门店,,job_ref_726320,1,1,1,否,0,0,0,0
商超,3,3,X市远岚商超门店,2026-05-30,enterprise_ref_184656,合成运营主体_184656,store_ref_260139,X市,X市远岚商超门店,,job_ref_730028,1,1,1,否,0,0,0,0
商超,3,3,X市远岚商超门店,2026-05-30,enterprise_ref_184656,合成运营主体_184656,store_ref_260139,X市,X市远岚商超门店,,job_ref_730028,1,1,1,否,0,0,0,0
商超,3,3,X市远岚商超门店,2026-05-30,enterprise_ref_184656,合成运营主体_184656,store_ref_260139,X市,X市远岚商超门店,,job_ref_981321,1,1,1,否,0,0,0,0
商超,3,3,X市远岚商超门店,2026-05-30,enterprise_ref_184656,合成运营主体_184656,store_ref_260139,X市,X市远岚商超门店,,job_ref_791925,1,1,1,否,0,0,0,0
商超,3,3,X市远岚商超门店,2026-05-30,enterprise_ref_184656,合成运营主体_184656,store_ref_260139,X市,X市远岚商超门店,,job_ref_791925,0,1,1,否,0,0,0,0
商超,3,3,X市远岚商超门店,2026-05-30,enterprise_ref_184656,合成运营主体_184656,store_ref_260139,X市,X市远岚商超门店,,job_ref_413733,1,1,1,否,0,0,0,0
商超,3,3,X市远岚商超门店,2026-05-30,enterprise_ref_184656,合成运营主体_184656,store_ref_260139,X市,X市远岚商超门店,,job_ref_726320,1,1,1,否,0,0,0,0
商超,3,3,X市远岚商超门店,2026-05-30,enterprise_ref_184656,合成运营主体_184656,store_ref_260139,X市,X市远岚商超门店,,job_ref_371636,1,1,1,否,0,0,0,0
商超,3,3,X市远岚商超门店,2026-05-30,enterprise_ref_184656,合成运营主体_184656,store_ref_260139,X市,X市远岚商超门店,,job_ref_730028,1,1,1,否,0,0,0,0
商超,3,3,X市远岚商超门店,2026-05-30,enterprise_ref_184656,合成运营主体_184656,store_ref_260139,X市,X市远岚商超门店,,job_ref_870573,1,1,1,否,0,0,0,0
商超,3,3,X市远岚商超门店,2026-05-30,enterprise_ref_184656,合成运营主体_184656,store_ref_260139,X市,X市远岚商超门店,,job_ref_870573,1,1,1,否,0,0,0,0
商超,3,3,X市远岚商超门店,2026-05-30,enterprise_ref_184656,合成运营主体_184656,store_ref_260139,X市,X市远岚商超门店,,job_ref_870573,1,1,1,否,0,0,0,0
商超,3,3,X市远岚商超门店,2026-05-30,enterprise_ref_184656,合成运营主体_184656,store_ref_260139,X市,X市远岚商超门店,,job_ref_730028,1,1,1,否,0,0,0,0
商超,3,3,X市远岚商超门店,2026-05-30,enterprise_ref_184656,合成运营主体_184656,store_ref_260139,X市,X市远岚商超门店,,job_ref_733708,1,1,1,否,0,0,0,0
商超,3,3,X市远岚商超门店,2026-05-30,enterprise_ref_184656,合成运营主体_184656,store_ref_260139,X市,X市远岚商超门店,,job_ref_870573,0,1,1,否,0,0,0,0
商超,3,3,X市远岚商超门店,2026-05-30,enterprise_ref_184656,合成运营主体_184656,store_ref_260139,X市,X市远岚商超门店,,job_ref_733708,1,1,1,否,0,0,0,0
商超,3,3,X市远岚商超门店,2026-05-30,enterprise_ref_184656,合成运营主体_184656,store_ref_260139,X市,X市远岚商超门店,,job_ref_870573,1,1,1,否,0,0,0,0
商超,3,3,X市远岚商超门店,2026-05-30,enterprise_ref_184656,合成运营主体_184656,store_ref_260139,X市,X市远岚商超门店,,job_ref_870573,0,1,1,否,0,0,0,0
商超,3,3,X市远岚商超门店,2026-05-30,enterprise_ref_184656,合成运营主体_184656,store_ref_260139,X市,X市远岚商超门店,,job_ref_528868,1,1,1,否,0,0,0,0
商超,3,3,X市远岚商超门店,2026-05-30,enterprise_ref_184656,合成运营主体_184656,store_ref_260139,X市,X市远岚商超门店,,job_ref_791925,1,1,1,否,0,0,0,0
商超,3,3,X市远岚商超门店,2026-05-30,enterprise_ref_184656,合成运营主体_184656,store_ref_260139,X市,X市远岚商超门店,,job_ref_981321,2,2,2,否,0,0,0,0
商超,3,3,X市远岚商超门店,2026-05-30,enterprise_ref_184656,合成运营主体_184656,store_ref_260139,X市,X市远岚商超门店,,job_ref_528868,1,1,1,否,0,0,0,0
商超,3,3,X市远岚商超门店,2026-05-30,enterprise_ref_184656,合成运营主体_184656,store_ref_260139,X市,X市远岚商超门店,,job_ref_981321,1,1,1,否,0,0,0,0
商超,3,3,X市远岚商超门店,2026-05-30,enterprise_ref_184656,合成运营主体_184656,store_ref_260139,X市,X市远岚商超门店,,job_ref_870573,1,1,1,否,0,0,0,0
商超,3,3,X市远岚商超门店,2026-05-30,enterprise_ref_184656,合成运营主体_184656,store_ref_260139,X市,X市远岚商超门店,,job_ref_730028,1,1,1,否,0,0,0,0
商超,3,3,X市远岚商超门店,2026-05-30,enterprise_ref_184656,合成运营主体_184656,store_ref_260139,X市,X市远岚商超门店,,job_ref_870573,1,1,1,否,0,0,0,0
商超,3,3,X市远岚商超门店,2026-05-30,enterprise_ref_184656,合成运营主体_184656,store_ref_260139,X市,X市远岚商超门店,,job_ref_870573,1,1,1,否,0,0,0,0
商超,3,3,X市远岚商超门店,2026-05-30,enterprise_ref_184656,合成运营主体_184656,store_ref_260139,X市,X市远岚商超门店,,job_ref_528868,2,2,2,否,0,0,0,0
商超,3,3,X市远岚商超门店,2026-05-30,enterprise_ref_184656,合成运营主体_184656,store_ref_260139,X市,X市远岚商超门店,,job_ref_726320,1,1,1,否,0,0,0,0
商超,3,3,X市远岚商超门店,2026-05-30,enterprise_ref_184656,合成运营主体_184656,store_ref_260139,X市,X市远岚商超门店,,job_ref_733708,2,2,2,否,0,0,0,0
商超,3,3,X市远岚商超门店,2026-05-30,enterprise_ref_184656,合成运营主体_184656,store_ref_260139,X市,X市远岚商超门店,,job_ref_870573,0,1,1,否,0,0,0,0
商超,3,3,X市远岚商超门店,2026-05-31,enterprise_ref_184656,合成运营主体_184656,store_ref_260139,X市,X市远岚商超门店,,job_ref_726320,1,1,1,否,0,0,0,0
商超,3,3,X市远岚商超门店,2026-05-31,enterprise_ref_184656,合成运营主体_184656,store_ref_260139,X市,X市远岚商超门店,,job_ref_981321,1,1,1,否,0,0,0,0
商超,3,3,X市远岚商超门店,2026-05-31,enterprise_ref_184656,合成运营主体_184656,store_ref_260139,X市,X市远岚商超门店,,job_ref_870573,0,1,1,否,0,0,0,0
商超,3,3,X市远岚商超门店,2026-05-31,enterprise_ref_184656,合成运营主体_184656,store_ref_260139,X市,X市远岚商超门店,,job_ref_981321,1,1,1,否,0,0,0,0
商超,3,3,X市远岚商超门店,2026-05-31,enterprise_ref_184656,合成运营主体_184656,store_ref_260139,X市,X市远岚商超门店,,job_ref_870573,1,1,1,否,0,0,0,0
商超,3,3,X市远岚商超门店,2026-05-31,enterprise_ref_184656,合成运营主体_184656,store_ref_260139,X市,X市远岚商超门店,,job_ref_733708,2,2,2,否,0,0,0,0
商超,3,3,X市远岚商超门店,2026-05-31,enterprise_ref_184656,合成运营主体_184656,store_ref_260139,X市,X市远岚商超门店,,job_ref_726320,1,1,1,否,0,0,0,0
商超,3,3,X市远岚商超门店,2026-05-31,enterprise_ref_184656,合成运营主体_184656,store_ref_260139,X市,X市远岚商超门店,,job_ref_371636,1,1,1,否,0,0,0,0
商超,3,3,X市远岚商超门店,2026-05-31,enterprise_ref_184656,合成运营主体_184656,store_ref_260139,X市,X市远岚商超门店,,job_ref_528868,1,1,1,否,0,0,0,0
商超,3,3,X市远岚商超门店,2026-05-31,enterprise_ref_184656,合成运营主体_184656,store_ref_260139,X市,X市远岚商超门店,,job_ref_733708,2,2,2,否,0,0,0,0
商超,3,3,X市远岚商超门店,2026-05-31,enterprise_ref_184656,合成运营主体_184656,store_ref_260139,X市,X市远岚商超门店,,job_ref_528868,1,1,1,否,0,0,0,0
商超,3,3,X市远岚商超门店,2026-05-31,enterprise_ref_184656,合成运营主体_184656,store_ref_260139,X市,X市远岚商超门店,,job_ref_791925,1,1,1,否,0,0,0,0
商超,3,3,X市远岚商超门店,2026-05-31,enterprise_ref_184656,合成运营主体_184656,store_ref_260139,X市,X市远岚商超门店,,job_ref_730028,1,1,1,否,0,0,0,0
商超,3,3,X市远岚商超门店,2026-05-31,enterprise_ref_184656,合成运营主体_184656,store_ref_260139,X市,X市远岚商超门店,,job_ref_528868,1,1,1,否,0,0,0,0
商超,3,3,X市远岚商超门店,2026-05-31,enterprise_ref_184656,合成运营主体_184656,store_ref_260139,X市,X市远岚商超门店,,job_ref_870573,0,1,1,否,0,0,0,0
商超,3,3,X市远岚商超门店,2026-05-31,enterprise_ref_184656,合成运营主体_184656,store_ref_260139,X市,X市远岚商超门店,,job_ref_870573,0,1,1,否,0,0,0,0
商超,3,3,X市远岚商超门店,2026-05-31,enterprise_ref_184656,合成运营主体_184656,store_ref_260139,X市,X市远岚商超门店,,job_ref_870573,1,1,1,否,0,0,0,0
商超,3,3,X市远岚商超门店,2026-05-31,enterprise_ref_184656,合成运营主体_184656,store_ref_260139,X市,X市远岚商超门店,,job_ref_413733,1,1,1,否,0,0,0,0
商超,3,3,X市远岚商超门店,2026-05-31,enterprise_ref_184656,合成运营主体_184656,store_ref_260139,X市,X市远岚商超门店,,job_ref_730028,1,1,1,否,0,0,0,0
商超,3,3,X市远岚商超门店,2026-05-31,enterprise_ref_184656,合成运营主体_184656,store_ref_260139,X市,X市远岚商超门店,,job_ref_870573,1,1,1,否,0,0,0,0
商超,3,3,X市远岚商超门店,2026-05-31,enterprise_ref_184656,合成运营主体_184656,store_ref_260139,X市,X市远岚商超门店,,job_ref_730028,1,1,1,否,0,0,0,0
商超,3,3,X市远岚商超门店,2026-05-31,enterprise_ref_184656,合成运营主体_184656,store_ref_260139,X市,X市远岚商超门店,,job_ref_981321,1,1,1,否,0,0,0,0
商超,3,3,X市远岚商超门店,2026-05-31,enterprise_ref_184656,合成运营主体_184656,store_ref_260139,X市,X市远岚商超门店,,job_ref_870573,1,1,1,否,0,0,0,0
商超,3,3,X市远岚商超门店,2026-05-31,enterprise_ref_184656,合成运营主体_184656,store_ref_260139,X市,X市远岚商超门店,,job_ref_791925,1,1,1,否,0,0,0,0
商超,3,3,X市远岚商超门店,2026-05-31,enterprise_ref_184656,合成运营主体_184656,store_ref_260139,X市,X市远岚商超门店,,job_ref_870573,1,1,1,否,0,0,0,0
商超,3,3,X市远岚商超门店,2026-05-31,enterprise_ref_184656,合成运营主体_184656,store_ref_260139,X市,X市远岚商超门店,,job_ref_528868,2,2,2,否,0,0,0,0
商超,3,3,X市远岚商超门店,2026-05-31,enterprise_ref_184656,合成运营主体_184656,store_ref_260139,X市,X市远岚商超门店,,job_ref_730028,1,1,1,否,0,0,0,0
商超,3,3,X市远岚商超门店,2026-05-31,enterprise_ref_184656,合成运营主体_184656,store_ref_260139,X市,X市远岚商超门店,,job_ref_870573,0,1,1,否,0,0,0,0
商超,3,3,X市远岚商超门店,2026-05-31,enterprise_ref_184656,合成运营主体_184656,store_ref_260139,X市,X市远岚商超门店,,job_ref_870573,1,1,1,否,0,0,0,0
商超,3,3,X市远岚商超门店,2026-05-31,enterprise_ref_184656,合成运营主体_184656,store_ref_260139,X市,X市远岚商超门店,,job_ref_726320,1,1,1,否,0,0,0,0
商超,3,3,X市远岚商超门店,2026-05-31,enterprise_ref_184656,合成运营主体_184656,store_ref_260139,X市,X市远岚商超门店,,job_ref_981321,1,1,1,否,0,0,0,0
商超,3,3,X市远岚商超门店,2026-05-31,enterprise_ref_184656,合成运营主体_184656,store_ref_260139,X市,X市远岚商超门店,,job_ref_733708,1,1,1,否,0,0,0,0
商超,3,3,X市远岚商超门店,2026-05-31,enterprise_ref_184656,合成运营主体_184656,store_ref_260139,X市,X市远岚商超门店,,job_ref_730028,1,1,1,否,0,0,0,0
商超,3,3,X市远岚商超门店,2026-05-31,enterprise_ref_184656,合成运营主体_184656,store_ref_260139,X市,X市远岚商超门店,,job_ref_870573,1,1,1,否,0,0,0,0
商超,3,3,X市远岚商超门店,2026-05-31,enterprise_ref_184656,合成运营主体_184656,store_ref_260139,X市,X市远岚商超门店,,job_ref_791925,0,1,1,否,0,0,0,0
中餐,4,1,L市川野中餐店,2026-05-01,enterprise_ref_634361,合成运营主体_634361,store_ref_067256,L市,L市川野中餐店,,job_ref_785394,1,1,1,否,0,0,0,0
中餐,4,1,L市川野中餐店,2026-05-01,enterprise_ref_634361,合成运营主体_634361,store_ref_067256,L市,L市川野中餐店,,job_ref_785394,1,1,1,否,0,0,0,0
中餐,4,1,L市川野中餐店,2026-05-01,enterprise_ref_634361,合成运营主体_634361,store_ref_067256,L市,L市川野中餐店,,job_ref_785394,1,1,1,否,0,0,0,0
中餐,4,1,L市川野中餐店,2026-05-01,enterprise_ref_634361,合成运营主体_634361,store_ref_067256,L市,L市川野中餐店,,job_ref_536414,1,1,1,否,0,0,0,0
中餐,4,1,L市川野中餐店,2026-05-02,enterprise_ref_634361,合成运营主体_634361,store_ref_067256,L市,L市川野中餐店,,job_ref_536414,1,1,1,否,0,0,0,0
中餐,4,1,L市川野中餐店,2026-05-02,enterprise_ref_634361,合成运营主体_634361,store_ref_067256,L市,L市川野中餐店,,job_ref_785394,1,1,1,否,0,0,0,0
中餐,4,1,L市川野中餐店,2026-05-02,enterprise_ref_634361,合成运营主体_634361,store_ref_067256,L市,L市川野中餐店,,job_ref_986375,1,1,1,否,0,0,0,0
中餐,4,1,L市川野中餐店,2026-05-03,enterprise_ref_634361,合成运营主体_634361,store_ref_067256,L市,L市川野中餐店,,job_ref_536414,1,1,1,否,0,0,0,0
中餐,4,1,L市川野中餐店,2026-05-03,enterprise_ref_634361,合成运营主体_634361,store_ref_067256,L市,L市川野中餐店,,job_ref_785394,1,1,1,否,0,0,0,0
中餐,4,1,L市川野中餐店,2026-05-03,enterprise_ref_634361,合成运营主体_634361,store_ref_067256,L市,L市川野中餐店,,job_ref_536414,1,1,1,否,0,0,0,0
中餐,4,1,L市川野中餐店,2026-05-04,enterprise_ref_634361,合成运营主体_634361,store_ref_067256,L市,L市川野中餐店,,job_ref_536414,1,1,1,否,0,0,0,0
中餐,4,1,L市川野中餐店,2026-05-04,enterprise_ref_634361,合成运营主体_634361,store_ref_067256,L市,L市川野中餐店,,job_ref_785394,1,1,1,否,0,0,0,0
中餐,4,1,L市川野中餐店,2026-05-04,enterprise_ref_634361,合成运营主体_634361,store_ref_067256,L市,L市川野中餐店,,job_ref_986375,1,1,1,否,0,0,0,0
中餐,4,1,L市川野中餐店,2026-05-05,enterprise_ref_634361,合成运营主体_634361,store_ref_067256,L市,L市川野中餐店,,job_ref_785394,1,1,1,否,0,0,0,0
中餐,4,1,L市川野中餐店,2026-05-05,enterprise_ref_634361,合成运营主体_634361,store_ref_067256,L市,L市川野中餐店,,job_ref_536414,1,1,1,否,0,0,0,0
中餐,4,1,L市川野中餐店,2026-05-05,enterprise_ref_634361,合成运营主体_634361,store_ref_067256,L市,L市川野中餐店,,job_ref_986375,1,1,1,否,0,0,0,0
中餐,4,1,L市川野中餐店,2026-05-05,enterprise_ref_634361,合成运营主体_634361,store_ref_067256,L市,L市川野中餐店,,job_ref_785394,2,2,2,否,0,0,0,0
中餐,4,1,L市川野中餐店,2026-05-05,enterprise_ref_634361,合成运营主体_634361,store_ref_067256,L市,L市川野中餐店,,job_ref_785394,1,1,1,否,0,0,0,0
中餐,4,1,L市川野中餐店,2026-05-05,enterprise_ref_634361,合成运营主体_634361,store_ref_067256,L市,L市川野中餐店,,job_ref_785394,2,2,2,否,0,0,0,0
中餐,4,1,L市川野中餐店,2026-05-05,enterprise_ref_634361,合成运营主体_634361,store_ref_067256,L市,L市川野中餐店,,job_ref_785394,1,1,1,否,0,0,0,0
中餐,4,1,L市川野中餐店,2026-05-06,enterprise_ref_634361,合成运营主体_634361,store_ref_067256,L市,L市川野中餐店,,job_ref_785394,1,1,1,否,0,0,0,0
中餐,4,1,L市川野中餐店,2026-05-06,enterprise_ref_634361,合成运营主体_634361,store_ref_067256,L市,L市川野中餐店,,job_ref_536414,0,1,1,否,0,0,0,0
中餐,4,1,L市川野中餐店,2026-05-06,enterprise_ref_634361,合成运营主体_634361,store_ref_067256,L市,L市川野中餐店,,job_ref_785394,1,1,1,否,0,0,0,0
中餐,4,1,L市川野中餐店,2026-05-06,enterprise_ref_634361,合成运营主体_634361,store_ref_067256,L市,L市川野中餐店,,job_ref_536414,1,1,1,否,0,0,0,0
中餐,4,1,L市川野中餐店,2026-05-07,enterprise_ref_634361,合成运营主体_634361,store_ref_067256,L市,L市川野中餐店,,job_ref_785394,2,2,2,否,0,0,0,0
中餐,4,1,L市川野中餐店,2026-05-07,enterprise_ref_634361,合成运营主体_634361,store_ref_067256,L市,L市川野中餐店,,job_ref_986375,0,1,1,否,0,0,0,0
中餐,4,1,L市川野中餐店,2026-05-07,enterprise_ref_634361,合成运营主体_634361,store_ref_067256,L市,L市川野中餐店,,job_ref_785394,1,1,1,否,0,0,0,0
中餐,4,1,L市川野中餐店,2026-05-07,enterprise_ref_634361,合成运营主体_634361,store_ref_067256,L市,L市川野中餐店,,job_ref_785394,1,1,1,否,0,0,0,0
中餐,4,1,L市川野中餐店,2026-05-07,enterprise_ref_634361,合成运营主体_634361,store_ref_067256,L市,L市川野中餐店,,job_ref_785394,0,1,1,否,0,0,0,0
中餐,4,1,L市川野中餐店,2026-05-07,enterprise_ref_634361,合成运营主体_634361,store_ref_067256,L市,L市川野中餐店,,job_ref_785394,0,1,1,否,0,0,0,0
中餐,4,1,L市川野中餐店,2026-05-07,enterprise_ref_634361,合成运营主体_634361,store_ref_067256,L市,L市川野中餐店,,job_ref_785394,1,1,1,否,0,0,0,0
中餐,4,1,L市川野中餐店,2026-05-07,enterprise_ref_634361,合成运营主体_634361,store_ref_067256,L市,L市川野中餐店,,job_ref_536414,1,1,1,否,0,0,0,0
中餐,4,1,L市川野中餐店,2026-05-09,enterprise_ref_634361,合成运营主体_634361,store_ref_067256,L市,L市川野中餐店,,job_ref_785394,1,1,1,否,0,0,0,0
中餐,4,1,L市川野中餐店,2026-05-10,enterprise_ref_634361,合成运营主体_634361,store_ref_067256,L市,L市川野中餐店,,job_ref_986375,2,2,2,否,0,0,0,0
中餐,4,1,L市川野中餐店,2026-05-10,enterprise_ref_634361,合成运营主体_634361,store_ref_067256,L市,L市川野中餐店,,job_ref_785394,1,1,1,否,0,0,0,0
中餐,4,1,L市川野中餐店,2026-05-10,enterprise_ref_634361,合成运营主体_634361,store_ref_067256,L市,L市川野中餐店,,job_ref_785394,1,1,1,否,0,0,0,0
中餐,4,1,L市川野中餐店,2026-05-10,enterprise_ref_634361,合成运营主体_634361,store_ref_067256,L市,L市川野中餐店,,job_ref_785394,1,1,1,否,0,0,0,0
中餐,4,1,L市川野中餐店,2026-05-11,enterprise_ref_634361,合成运营主体_634361,store_ref_067256,L市,L市川野中餐店,,job_ref_536414,1,1,1,否,0,0,0,0
中餐,4,1,L市川野中餐店,2026-05-11,enterprise_ref_634361,合成运营主体_634361,store_ref_067256,L市,L市川野中餐店,,job_ref_785394,1,1,1,否,0,0,0,0
中餐,4,1,L市川野中餐店,2026-05-11,enterprise_ref_634361,合成运营主体_634361,store_ref_067256,L市,L市川野中餐店,,job_ref_536414,1,1,1,否,0,0,0,0
中餐,4,1,L市川野中餐店,2026-05-11,enterprise_ref_634361,合成运营主体_634361,store_ref_067256,L市,L市川野中餐店,,job_ref_536414,1,1,1,否,0,0,0,0
中餐,4,1,L市川野中餐店,2026-05-11,enterprise_ref_634361,合成运营主体_634361,store_ref_067256,L市,L市川野中餐店,,job_ref_785394,1,1,1,否,0,0,0,0
中餐,4,1,L市川野中餐店,2026-05-11,enterprise_ref_634361,合成运营主体_634361,store_ref_067256,L市,L市川野中餐店,,job_ref_785394,1,1,1,否,0,0,0,0
中餐,4,1,L市川野中餐店,2026-05-11,enterprise_ref_634361,合成运营主体_634361,store_ref_067256,L市,L市川野中餐店,,job_ref_785394,1,1,1,否,0,0,0,0
中餐,4,1,L市川野中餐店,2026-05-12,enterprise_ref_634361,合成运营主体_634361,store_ref_067256,L市,L市川野中餐店,,job_ref_785394,1,1,1,否,0,0,0,0
中餐,4,1,L市川野中餐店,2026-05-12,enterprise_ref_634361,合成运营主体_634361,store_ref_067256,L市,L市川野中餐店,,job_ref_785394,1,1,1,否,0,0,0,0
中餐,4,1,L市川野中餐店,2026-05-12,enterprise_ref_634361,合成运营主体_634361,store_ref_067256,L市,L市川野中餐店,,job_ref_536414,1,1,1,否,0,0,0,0
中餐,4,1,L市川野中餐店,2026-05-12,enterprise_ref_634361,合成运营主体_634361,store_ref_067256,L市,L市川野中餐店,,job_ref_536414,1,1,1,否,0,0,0,0
中餐,4,1,L市川野中餐店,2026-05-12,enterprise_ref_634361,合成运营主体_634361,store_ref_067256,L市,L市川野中餐店,,job_ref_785394,1,1,1,否,0,0,0,0
中餐,4,1,L市川野中餐店,2026-05-13,enterprise_ref_634361,合成运营主体_634361,store_ref_067256,L市,L市川野中餐店,,job_ref_536414,1,1,1,否,0,0,0,0
中餐,4,1,L市川野中餐店,2026-05-13,enterprise_ref_634361,合成运营主体_634361,store_ref_067256,L市,L市川野中餐店,,job_ref_785394,1,1,1,否,0,0,0,0
中餐,4,1,L市川野中餐店,2026-05-14,enterprise_ref_634361,合成运营主体_634361,store_ref_067256,L市,L市川野中餐店,,job_ref_785394,1,1,1,否,0,0,0,0
中餐,4,1,L市川野中餐店,2026-05-14,enterprise_ref_634361,合成运营主体_634361,store_ref_067256,L市,L市川野中餐店,,job_ref_785394,1,1,1,否,0,0,0,0
中餐,4,1,L市川野中餐店,2026-05-14,enterprise_ref_634361,合成运营主体_634361,store_ref_067256,L市,L市川野中餐店,,job_ref_785394,1,1,1,否,0,0,0,0
中餐,4,1,L市川野中餐店,2026-05-14,enterprise_ref_634361,合成运营主体_634361,store_ref_067256,L市,L市川野中餐店,,job_ref_536414,1,1,1,否,0,0,0,0
中餐,4,1,L市川野中餐店,2026-05-15,enterprise_ref_634361,合成运营主体_634361,store_ref_067256,L市,L市川野中餐店,,job_ref_536414,1,1,1,否,0,0,0,0
中餐,4,1,L市川野中餐店,2026-05-15,enterprise_ref_634361,合成运营主体_634361,store_ref_067256,L市,L市川野中餐店,,job_ref_785394,1,1,1,否,0,0,0,0
中餐,4,1,L市川野中餐店,2026-05-16,enterprise_ref_634361,合成运营主体_634361,store_ref_067256,L市,L市川野中餐店,,job_ref_785394,1,1,1,否,0,0,0,0
中餐,4,1,L市川野中餐店,2026-05-16,enterprise_ref_634361,合成运营主体_634361,store_ref_067256,L市,L市川野中餐店,,job_ref_785394,1,1,1,否,0,0,0,0
中餐,4,1,L市川野中餐店,2026-05-16,enterprise_ref_634361,合成运营主体_634361,store_ref_067256,L市,L市川野中餐店,,job_ref_785394,1,1,1,否,0,0,0,0
中餐,4,1,L市川野中餐店,2026-05-16,enterprise_ref_634361,合成运营主体_634361,store_ref_067256,L市,L市川野中餐店,,job_ref_785394,0,1,1,否,0,0,0,0
中餐,4,1,L市川野中餐店,2026-05-16,enterprise_ref_634361,合成运营主体_634361,store_ref_067256,L市,L市川野中餐店,,job_ref_536414,1,1,1,否,0,0,0,0
中餐,4,1,L市川野中餐店,2026-05-16,enterprise_ref_634361,合成运营主体_634361,store_ref_067256,L市,L市川野中餐店,,job_ref_785394,1,1,1,否,0,0,0,0
中餐,4,1,L市川野中餐店,2026-05-17,enterprise_ref_634361,合成运营主体_634361,store_ref_067256,L市,L市川野中餐店,,job_ref_785394,1,1,1,否,0,0,0,0
中餐,4,1,L市川野中餐店,2026-05-17,enterprise_ref_634361,合成运营主体_634361,store_ref_067256,L市,L市川野中餐店,,job_ref_986375,2,2,2,否,0,0,0,0
中餐,4,1,L市川野中餐店,2026-05-17,enterprise_ref_634361,合成运营主体_634361,store_ref_067256,L市,L市川野中餐店,,job_ref_986375,2,2,2,否,0,0,0,0
中餐,4,1,L市川野中餐店,2026-05-17,enterprise_ref_634361,合成运营主体_634361,store_ref_067256,L市,L市川野中餐店,,job_ref_785394,1,1,1,否,0,0,0,0
中餐,4,1,L市川野中餐店,2026-05-17,enterprise_ref_634361,合成运营主体_634361,store_ref_067256,L市,L市川野中餐店,,job_ref_536414,1,1,1,否,0,0,0,0
中餐,4,1,L市川野中餐店,2026-05-17,enterprise_ref_634361,合成运营主体_634361,store_ref_067256,L市,L市川野中餐店,,job_ref_785394,1,1,1,否,0,0,0,0
中餐,4,1,L市川野中餐店,2026-05-17,enterprise_ref_634361,合成运营主体_634361,store_ref_067256,L市,L市川野中餐店,,job_ref_785394,1,1,1,否,0,0,0,0
中餐,4,1,L市川野中餐店,2026-05-17,enterprise_ref_634361,合成运营主体_634361,store_ref_067256,L市,L市川野中餐店,,job_ref_785394,1,1,1,否,0,0,0,0
中餐,4,1,L市川野中餐店,2026-05-18,enterprise_ref_634361,合成运营主体_634361,store_ref_067256,L市,L市川野中餐店,,job_ref_785394,1,1,1,否,0,0,0,0
中餐,4,1,L市川野中餐店,2026-05-18,enterprise_ref_634361,合成运营主体_634361,store_ref_067256,L市,L市川野中餐店,,job_ref_785394,1,1,1,否,0,0,0,0
中餐,4,1,L市川野中餐店,2026-05-18,enterprise_ref_634361,合成运营主体_634361,store_ref_067256,L市,L市川野中餐店,,job_ref_785394,1,1,1,否,0,0,0,0
中餐,4,1,L市川野中餐店,2026-05-18,enterprise_ref_634361,合成运营主体_634361,store_ref_067256,L市,L市川野中餐店,,job_ref_785394,1,1,1,否,0,0,0,0
中餐,4,1,L市川野中餐店,2026-05-18,enterprise_ref_634361,合成运营主体_634361,store_ref_067256,L市,L市川野中餐店,,job_ref_785394,1,1,1,否,0,0,0,0
中餐,4,1,L市川野中餐店,2026-05-19,enterprise_ref_634361,合成运营主体_634361,store_ref_067256,L市,L市川野中餐店,,job_ref_785394,1,1,1,否,0,0,0,0
中餐,4,1,L市川野中餐店,2026-05-19,enterprise_ref_634361,合成运营主体_634361,store_ref_067256,L市,L市川野中餐店,,job_ref_785394,1,1,1,否,0,0,0,0
中餐,4,1,L市川野中餐店,2026-05-19,enterprise_ref_634361,合成运营主体_634361,store_ref_067256,L市,L市川野中餐店,,job_ref_785394,2,2,2,否,0,0,0,0
中餐,4,1,L市川野中餐店,2026-05-19,enterprise_ref_634361,合成运营主体_634361,store_ref_067256,L市,L市川野中餐店,,job_ref_785394,1,1,1,否,0,0,0,0
中餐,4,1,L市川野中餐店,2026-05-20,enterprise_ref_634361,合成运营主体_634361,store_ref_067256,L市,L市川野中餐店,,job_ref_785394,1,1,1,否,0,0,0,0
中餐,4,1,L市川野中餐店,2026-05-20,enterprise_ref_634361,合成运营主体_634361,store_ref_067256,L市,L市川野中餐店,,job_ref_785394,2,2,2,否,0,0,0,0
中餐,4,1,L市川野中餐店,2026-05-20,enterprise_ref_634361,合成运营主体_634361,store_ref_067256,L市,L市川野中餐店,,job_ref_785394,1,1,1,否,0,0,0,0
中餐,4,1,L市川野中餐店,2026-05-20,enterprise_ref_634361,合成运营主体_634361,store_ref_067256,L市,L市川野中餐店,,job_ref_785394,1,1,1,否,0,0,0,0
中餐,4,1,L市川野中餐店,2026-05-21,enterprise_ref_634361,合成运营主体_634361,store_ref_067256,L市,L市川野中餐店,,job_ref_536414,1,1,1,否,0,0,0,0
中餐,4,1,L市川野中餐店,2026-05-21,enterprise_ref_634361,合成运营主体_634361,store_ref_067256,L市,L市川野中餐店,,job_ref_785394,1,1,1,否,0,0,0,0
中餐,4,1,L市川野中餐店,2026-05-21,enterprise_ref_634361,合成运营主体_634361,store_ref_067256,L市,L市川野中餐店,,job_ref_785394,1,1,1,否,0,0,0,0
中餐,4,1,L市川野中餐店,2026-05-21,enterprise_ref_634361,合成运营主体_634361,store_ref_067256,L市,L市川野中餐店,,job_ref_785394,1,1,1,否,0,0,0,0
中餐,4,1,L市川野中餐店,2026-05-21,enterprise_ref_634361,合成运营主体_634361,store_ref_067256,L市,L市川野中餐店,,job_ref_785394,1,1,1,否,0,0,0,0
中餐,4,1,L市川野中餐店,2026-05-21,enterprise_ref_634361,合成运营主体_634361,store_ref_067256,L市,L市川野中餐店,,job_ref_785394,1,1,1,否,0,0,0,0
中餐,4,1,L市川野中餐店,2026-05-21,enterprise_ref_634361,合成运营主体_634361,store_ref_067256,L市,L市川野中餐店,,job_ref_785394,1,1,1,否,0,0,0,0
中餐,4,1,L市川野中餐店,2026-05-21,enterprise_ref_634361,合成运营主体_634361,store_ref_067256,L市,L市川野中餐店,,job_ref_536414,1,1,1,否,0,0,0,0
中餐,4,1,L市川野中餐店,2026-05-21,enterprise_ref_634361,合成运营主体_634361,store_ref_067256,L市,L市川野中餐店,,job_ref_785394,0,2,2,否,0,0,0,0
中餐,4,1,L市川野中餐店,2026-05-21,enterprise_ref_634361,合成运营主体_634361,store_ref_067256,L市,L市川野中餐店,,job_ref_785394,1,1,1,否,0,0,0,0
中餐,4,1,L市川野中餐店,2026-05-22,enterprise_ref_634361,合成运营主体_634361,store_ref_067256,L市,L市川野中餐店,,job_ref_785394,3,3,3,否,0,0,0,0
中餐,4,1,L市川野中餐店,2026-05-22,enterprise_ref_634361,合成运营主体_634361,store_ref_067256,L市,L市川野中餐店,,job_ref_986375,1,1,1,否,0,0,0,0
中餐,4,1,L市川野中餐店,2026-05-22,enterprise_ref_634361,合成运营主体_634361,store_ref_067256,L市,L市川野中餐店,,job_ref_536414,1,1,1,否,0,0,0,0
中餐,4,1,L市川野中餐店,2026-05-22,enterprise_ref_634361,合成运营主体_634361,store_ref_067256,L市,L市川野中餐店,,job_ref_785394,1,1,1,否,0,0,0,0
中餐,4,1,L市川野中餐店,2026-05-22,enterprise_ref_634361,合成运营主体_634361,store_ref_067256,L市,L市川野中餐店,,job_ref_986375,1,1,1,否,0,0,0,0
中餐,4,1,L市川野中餐店,2026-05-22,enterprise_ref_634361,合成运营主体_634361,store_ref_067256,L市,L市川野中餐店,,job_ref_785394,1,1,1,否,0,0,0,0
中餐,4,1,L市川野中餐店,2026-05-22,enterprise_ref_634361,合成运营主体_634361,store_ref_067256,L市,L市川野中餐店,,job_ref_785394,1,1,1,否,0,0,0,0
中餐,4,1,L市川野中餐店,2026-05-23,enterprise_ref_634361,合成运营主体_634361,store_ref_067256,L市,L市川野中餐店,,job_ref_785394,1,1,1,否,0,0,0,0
中餐,4,1,L市川野中餐店,2026-05-23,enterprise_ref_634361,合成运营主体_634361,store_ref_067256,L市,L市川野中餐店,,job_ref_785394,1,1,1,否,0,0,0,0
中餐,4,1,L市川野中餐店,2026-05-23,enterprise_ref_634361,合成运营主体_634361,store_ref_067256,L市,L市川野中餐店,,job_ref_785394,1,1,1,否,0,0,0,0
中餐,4,1,L市川野中餐店,2026-05-24,enterprise_ref_634361,合成运营主体_634361,store_ref_067256,L市,L市川野中餐店,,job_ref_785394,1,1,1,否,0,0,0,0
中餐,4,1,L市川野中餐店,2026-05-24,enterprise_ref_634361,合成运营主体_634361,store_ref_067256,L市,L市川野中餐店,,job_ref_785394,1,1,1,否,0,0,0,0
中餐,4,1,L市川野中餐店,2026-05-24,enterprise_ref_634361,合成运营主体_634361,store_ref_067256,L市,L市川野中餐店,,job_ref_785394,3,3,3,否,0,0,0,0
中餐,4,1,L市川野中餐店,2026-05-24,enterprise_ref_634361,合成运营主体_634361,store_ref_067256,L市,L市川野中餐店,,job_ref_785394,1,1,1,否,0,0,0,0
中餐,4,1,L市川野中餐店,2026-05-25,enterprise_ref_634361,合成运营主体_634361,store_ref_067256,L市,L市川野中餐店,,job_ref_785394,1,1,1,否,0,0,0,0
中餐,4,1,L市川野中餐店,2026-05-25,enterprise_ref_634361,合成运营主体_634361,store_ref_067256,L市,L市川野中餐店,,job_ref_785394,1,1,1,否,0,0,0,0
中餐,4,1,L市川野中餐店,2026-05-25,enterprise_ref_634361,合成运营主体_634361,store_ref_067256,L市,L市川野中餐店,,job_ref_785394,1,1,1,否,0,0,0,0
中餐,4,1,L市川野中餐店,2026-05-25,enterprise_ref_634361,合成运营主体_634361,store_ref_067256,L市,L市川野中餐店,,job_ref_785394,1,1,1,否,0,0,0,0
中餐,4,1,L市川野中餐店,2026-05-26,enterprise_ref_634361,合成运营主体_634361,store_ref_067256,L市,L市川野中餐店,,job_ref_785394,1,1,1,否,0,0,0,0
中餐,4,1,L市川野中餐店,2026-05-26,enterprise_ref_634361,合成运营主体_634361,store_ref_067256,L市,L市川野中餐店,,job_ref_785394,1,1,1,否,0,0,0,0
中餐,4,1,L市川野中餐店,2026-05-26,enterprise_ref_634361,合成运营主体_634361,store_ref_067256,L市,L市川野中餐店,,job_ref_785394,1,1,1,否,0,0,0,0
中餐,4,1,L市川野中餐店,2026-05-26,enterprise_ref_634361,合成运营主体_634361,store_ref_067256,L市,L市川野中餐店,,job_ref_785394,1,1,1,否,0,0,0,0
中餐,4,1,L市川野中餐店,2026-05-26,enterprise_ref_634361,合成运营主体_634361,store_ref_067256,L市,L市川野中餐店,,job_ref_785394,1,1,1,否,0,0,0,0
中餐,4,1,L市川野中餐店,2026-05-27,enterprise_ref_634361,合成运营主体_634361,store_ref_067256,L市,L市川野中餐店,,job_ref_785394,1,1,1,否,0,0,0,0
中餐,4,1,L市川野中餐店,2026-05-28,enterprise_ref_634361,合成运营主体_634361,store_ref_067256,L市,L市川野中餐店,,job_ref_785394,1,1,1,否,0,0,0,0
中餐,4,1,L市川野中餐店,2026-05-28,enterprise_ref_634361,合成运营主体_634361,store_ref_067256,L市,L市川野中餐店,,job_ref_536414,1,1,1,否,0,0,0,0
中餐,4,1,L市川野中餐店,2026-05-28,enterprise_ref_634361,合成运营主体_634361,store_ref_067256,L市,L市川野中餐店,,job_ref_536414,1,1,1,否,0,0,0,0
中餐,4,1,L市川野中餐店,2026-05-28,enterprise_ref_634361,合成运营主体_634361,store_ref_067256,L市,L市川野中餐店,,job_ref_536414,1,1,1,否,0,0,0,0
中餐,4,1,L市川野中餐店,2026-05-28,enterprise_ref_634361,合成运营主体_634361,store_ref_067256,L市,L市川野中餐店,,job_ref_536414,1,1,1,否,0,0,0,0
中餐,4,1,L市川野中餐店,2026-05-28,enterprise_ref_634361,合成运营主体_634361,store_ref_067256,L市,L市川野中餐店,,job_ref_785394,1,1,1,否,0,0,0,0
中餐,4,1,L市川野中餐店,2026-05-28,enterprise_ref_634361,合成运营主体_634361,store_ref_067256,L市,L市川野中餐店,,job_ref_785394,1,1,1,否,0,0,0,0
中餐,4,1,L市川野中餐店,2026-05-28,enterprise_ref_634361,合成运营主体_634361,store_ref_067256,L市,L市川野中餐店,,job_ref_536414,1,1,1,否,0,0,0,0
中餐,4,1,L市川野中餐店,2026-05-28,enterprise_ref_634361,合成运营主体_634361,store_ref_067256,L市,L市川野中餐店,,job_ref_536414,1,1,1,否,0,0,0,0
中餐,4,1,L市川野中餐店,2026-05-29,enterprise_ref_634361,合成运营主体_634361,store_ref_067256,L市,L市川野中餐店,,job_ref_785394,1,1,1,否,0,0,0,0
中餐,4,1,L市川野中餐店,2026-05-29,enterprise_ref_634361,合成运营主体_634361,store_ref_067256,L市,L市川野中餐店,,job_ref_785394,1,1,1,否,0,0,0,0
中餐,4,1,L市川野中餐店,2026-05-29,enterprise_ref_634361,合成运营主体_634361,store_ref_067256,L市,L市川野中餐店,,job_ref_536414,1,1,1,否,0,0,0,0
中餐,4,1,L市川野中餐店,2026-05-29,enterprise_ref_634361,合成运营主体_634361,store_ref_067256,L市,L市川野中餐店,,job_ref_785394,1,1,1,否,0,0,0,0
中餐,4,1,L市川野中餐店,2026-05-29,enterprise_ref_634361,合成运营主体_634361,store_ref_067256,L市,L市川野中餐店,,job_ref_785394,1,1,1,否,0,0,0,0
中餐,4,1,L市川野中餐店,2026-05-30,enterprise_ref_634361,合成运营主体_634361,store_ref_067256,L市,L市川野中餐店,,job_ref_536414,1,1,1,否,0,0,0,0
中餐,4,1,L市川野中餐店,2026-05-30,enterprise_ref_634361,合成运营主体_634361,store_ref_067256,L市,L市川野中餐店,,job_ref_986375,1,1,1,否,0,0,0,0
中餐,4,1,L市川野中餐店,2026-05-30,enterprise_ref_634361,合成运营主体_634361,store_ref_067256,L市,L市川野中餐店,,job_ref_785394,1,1,1,否,0,0,0,0
中餐,4,1,L市川野中餐店,2026-05-30,enterprise_ref_634361,合成运营主体_634361,store_ref_067256,L市,L市川野中餐店,,job_ref_785394,1,1,1,否,0,0,0,0
中餐,4,1,L市川野中餐店,2026-05-30,enterprise_ref_634361,合成运营主体_634361,store_ref_067256,L市,L市川野中餐店,,job_ref_785394,1,1,1,否,0,0,0,0
中餐,4,1,L市川野中餐店,2026-05-30,enterprise_ref_634361,合成运营主体_634361,store_ref_067256,L市,L市川野中餐店,,job_ref_785394,1,1,1,否,0,0,0,0
中餐,4,1,L市川野中餐店,2026-05-31,enterprise_ref_634361,合成运营主体_634361,store_ref_067256,L市,L市川野中餐店,,job_ref_785394,1,1,1,否,0,0,0,0
中餐,4,1,L市川野中餐店,2026-05-31,enterprise_ref_634361,合成运营主体_634361,store_ref_067256,L市,L市川野中餐店,,job_ref_785394,1,1,1,否,0,0,0,0
中餐,4,1,L市川野中餐店,2026-05-31,enterprise_ref_634361,合成运营主体_634361,store_ref_067256,L市,L市川野中餐店,,job_ref_986375,1,1,1,否,0,0,0,0
中餐,4,1,L市川野中餐店,2026-05-31,enterprise_ref_634361,合成运营主体_634361,store_ref_067256,L市,L市川野中餐店,,job_ref_762252,1,1,1,否,0,0,0,0
中餐,4,1,L市川野中餐店,2026-05-31,enterprise_ref_634361,合成运营主体_634361,store_ref_067256,L市,L市川野中餐店,,job_ref_785394,1,1,1,否,0,0,0,0
中餐,4,1,L市川野中餐店,2026-05-31,enterprise_ref_634361,合成运营主体_634361,store_ref_067256,L市,L市川野中餐店,,job_ref_536414,1,1,1,否,0,0,0,0
中餐,4,3,N市安和中餐店,2026-05-01,enterprise_ref_634361,合成运营主体_634361,store_ref_139821,N市,N市安和中餐店,,job_ref_199140,2,2,2,否,0,0,0,0
中餐,4,3,N市安和中餐店,2026-05-01,enterprise_ref_634361,合成运营主体_634361,store_ref_139821,N市,N市安和中餐店,,job_ref_199140,2,2,2,否,0,0,0,0
中餐,4,3,N市安和中餐店,2026-05-02,enterprise_ref_634361,合成运营主体_634361,store_ref_139821,N市,N市安和中餐店,,job_ref_199140,1,1,1,否,0,0,0,0
中餐,4,3,N市安和中餐店,2026-05-02,enterprise_ref_634361,合成运营主体_634361,store_ref_139821,N市,N市安和中餐店,,job_ref_199140,1,1,1,否,0,0,0,0
中餐,4,3,N市安和中餐店,2026-05-02,enterprise_ref_634361,合成运营主体_634361,store_ref_139821,N市,N市安和中餐店,,job_ref_199140,1,1,1,否,0,0,0,0
中餐,4,3,N市安和中餐店,2026-05-03,enterprise_ref_634361,合成运营主体_634361,store_ref_139821,N市,N市安和中餐店,,job_ref_199140,1,1,1,否,0,0,0,0
中餐,4,3,N市安和中餐店,2026-05-03,enterprise_ref_634361,合成运营主体_634361,store_ref_139821,N市,N市安和中餐店,,job_ref_199140,1,1,1,否,0,0,0,0
中餐,4,3,N市安和中餐店,2026-05-04,enterprise_ref_634361,合成运营主体_634361,store_ref_139821,N市,N市安和中餐店,,job_ref_199140,1,1,1,否,0,0,0,0
中餐,4,3,N市安和中餐店,2026-05-04,enterprise_ref_634361,合成运营主体_634361,store_ref_139821,N市,N市安和中餐店,,job_ref_199140,1,1,1,否,0,0,0,0
中餐,4,3,N市安和中餐店,2026-05-05,enterprise_ref_634361,合成运营主体_634361,store_ref_139821,N市,N市安和中餐店,,job_ref_199140,1,1,1,否,0,0,0,0
中餐,4,3,N市安和中餐店,2026-05-10,enterprise_ref_634361,合成运营主体_634361,store_ref_139821,N市,N市安和中餐店,,job_ref_199140,1,1,1,否,0,0,0,0
中餐,4,3,N市安和中餐店,2026-05-10,enterprise_ref_634361,合成运营主体_634361,store_ref_139821,N市,N市安和中餐店,,job_ref_199140,1,1,1,否,0,0,0,0
中餐,4,3,N市安和中餐店,2026-05-16,enterprise_ref_634361,合成运营主体_634361,store_ref_139821,N市,N市安和中餐店,,job_ref_199140,1,1,1,否,0,0,0,0
中餐,4,3,N市安和中餐店,2026-05-16,enterprise_ref_634361,合成运营主体_634361,store_ref_139821,N市,N市安和中餐店,,job_ref_199140,1,1,1,否,0,0,0,0
中餐,4,3,N市安和中餐店,2026-05-23,enterprise_ref_634361,合成运营主体_634361,store_ref_139821,N市,N市安和中餐店,,job_ref_199140,1,1,1,否,0,0,0,0
中餐,4,3,N市安和中餐店,2026-05-23,enterprise_ref_634361,合成运营主体_634361,store_ref_139821,N市,N市安和中餐店,,job_ref_199140,1,1,1,否,0,0,0,0
中餐,4,3,N市安和中餐店,2026-05-24,enterprise_ref_634361,合成运营主体_634361,store_ref_139821,N市,N市安和中餐店,,job_ref_199140,1,1,1,否,0,0,0,0
中餐,4,3,N市安和中餐店,2026-05-24,enterprise_ref_634361,合成运营主体_634361,store_ref_139821,N市,N市安和中餐店,,job_ref_199140,1,1,1,否,0,0,0,0
中餐,4,3,N市安和中餐店,2026-05-30,enterprise_ref_634361,合成运营主体_634361,store_ref_139821,N市,N市安和中餐店,,job_ref_199140,1,1,1,否,0,0,0,0
中餐,4,3,N市安和中餐店,2026-05-30,enterprise_ref_634361,合成运营主体_634361,store_ref_139821,N市,N市安和中餐店,,job_ref_199140,1,1,1,否,0,0,0,0
中餐,4,3,N市安和中餐店,2026-05-31,enterprise_ref_634361,合成运营主体_634361,store_ref_139821,N市,N市安和中餐店,,job_ref_199140,1,1,1,否,0,0,0,0
中餐,4,3,N市安和中餐店,2026-05-31,enterprise_ref_634361,合成运营主体_634361,store_ref_139821,N市,N市安和中餐店,,job_ref_199140,1,1,1,否,0,0,0,0
中餐,4,4,O市望舒中餐店,2026-05-12,enterprise_ref_634361,合成运营主体_634361,store_ref_556697,O市,O市望舒中餐店,,job_ref_339201,0,1,1,否,0,0,0,0
中餐,4,4,O市望舒中餐店,2026-05-12,enterprise_ref_634361,合成运营主体_634361,store_ref_556697,O市,O市望舒中餐店,,job_ref_339201,0,1,1,否,0,0,0,0
茶饮,6,2,B市金穗茶饮店,2026-05-01,enterprise_ref_100337,合成运营主体_100337,store_ref_696194,B市,B市金穗茶饮店,,job_ref_495265,1,1,1,否,0,0,0,0
茶饮,6,2,B市金穗茶饮店,2026-05-02,enterprise_ref_100337,合成运营主体_100337,store_ref_696194,B市,B市金穗茶饮店,,job_ref_495265,1,1,1,否,0,0,0,0
茶饮,6,2,B市金穗茶饮店,2026-05-03,enterprise_ref_100337,合成运营主体_100337,store_ref_696194,B市,B市金穗茶饮店,,job_ref_495265,1,1,1,否,0,0,0,0
茶饮,6,2,B市金穗茶饮店,2026-05-04,enterprise_ref_100337,合成运营主体_100337,store_ref_696194,B市,B市金穗茶饮店,,job_ref_495265,1,1,1,否,0,0,0,0
茶饮,6,2,B市金穗茶饮店,2026-05-04,enterprise_ref_100337,合成运营主体_100337,store_ref_696194,B市,B市金穗茶饮店,,job_ref_495265,1,1,1,否,0,0,0,0
茶饮,6,2,B市金穗茶饮店,2026-05-05,enterprise_ref_100337,合成运营主体_100337,store_ref_696194,B市,B市金穗茶饮店,,job_ref_495265,1,1,1,否,0,0,0,0
茶饮,6,2,B市金穗茶饮店,2026-05-06,enterprise_ref_100337,合成运营主体_100337,store_ref_696194,B市,B市金穗茶饮店,,job_ref_495265,1,1,1,否,0,0,0,0
茶饮,6,2,B市金穗茶饮店,2026-05-06,enterprise_ref_100337,合成运营主体_100337,store_ref_696194,B市,B市金穗茶饮店,,job_ref_495265,1,1,1,否,0,0,0,0
茶饮,6,2,B市金穗茶饮店,2026-05-07,enterprise_ref_100337,合成运营主体_100337,store_ref_696194,B市,B市金穗茶饮店,,job_ref_495265,1,1,1,否,0,0,0,0
茶饮,6,2,B市金穗茶饮店,2026-05-08,enterprise_ref_100337,合成运营主体_100337,store_ref_696194,B市,B市金穗茶饮店,,job_ref_495265,1,1,1,否,0,0,0,0
茶饮,6,2,B市金穗茶饮店,2026-05-08,enterprise_ref_100337,合成运营主体_100337,store_ref_696194,B市,B市金穗茶饮店,,job_ref_495265,1,1,1,否,0,0,0,0
茶饮,6,2,B市金穗茶饮店,2026-05-09,enterprise_ref_100337,合成运营主体_100337,store_ref_696194,B市,B市金穗茶饮店,,job_ref_495265,1,1,1,否,0,0,0,0
茶饮,6,2,B市金穗茶饮店,2026-05-09,enterprise_ref_100337,合成运营主体_100337,store_ref_696194,B市,B市金穗茶饮店,,job_ref_495265,1,1,1,否,0,0,0,0
茶饮,6,2,B市金穗茶饮店,2026-05-10,enterprise_ref_100337,合成运营主体_100337,store_ref_696194,B市,B市金穗茶饮店,,job_ref_495265,1,1,1,否,0,0,0,0
茶饮,6,2,B市金穗茶饮店,2026-05-10,enterprise_ref_100337,合成运营主体_100337,store_ref_696194,B市,B市金穗茶饮店,,job_ref_495265,0,1,1,否,0,0,0,0
茶饮,6,2,B市金穗茶饮店,2026-05-10,enterprise_ref_100337,合成运营主体_100337,store_ref_696194,B市,B市金穗茶饮店,,job_ref_495265,1,1,1,否,0,0,0,0
茶饮,6,2,B市金穗茶饮店,2026-05-11,enterprise_ref_100337,合成运营主体_100337,store_ref_696194,B市,B市金穗茶饮店,,job_ref_495265,1,1,1,否,0,0,0,0
茶饮,6,2,B市金穗茶饮店,2026-05-11,enterprise_ref_100337,合成运营主体_100337,store_ref_696194,B市,B市金穗茶饮店,,job_ref_495265,1,1,1,否,0,0,0,0
茶饮,6,2,B市金穗茶饮店,2026-05-12,enterprise_ref_100337,合成运营主体_100337,store_ref_696194,B市,B市金穗茶饮店,,job_ref_495265,1,1,1,否,0,0,0,0
茶饮,6,2,B市金穗茶饮店,2026-05-12,enterprise_ref_100337,合成运营主体_100337,store_ref_696194,B市,B市金穗茶饮店,,job_ref_495265,1,1,1,否,0,0,0,0
茶饮,6,2,B市金穗茶饮店,2026-05-13,enterprise_ref_100337,合成运营主体_100337,store_ref_696194,B市,B市金穗茶饮店,,job_ref_495265,1,1,1,否,0,0,0,0
茶饮,6,2,B市金穗茶饮店,2026-05-13,enterprise_ref_100337,合成运营主体_100337,store_ref_696194,B市,B市金穗茶饮店,,job_ref_495265,1,1,1,否,0,0,0,0
茶饮,6,2,B市金穗茶饮店,2026-05-14,enterprise_ref_100337,合成运营主体_100337,store_ref_696194,B市,B市金穗茶饮店,,job_ref_495265,1,1,1,否,0,0,0,0
茶饮,6,2,B市金穗茶饮店,2026-05-14,enterprise_ref_100337,合成运营主体_100337,store_ref_696194,B市,B市金穗茶饮店,,job_ref_495265,1,1,1,否,0,0,0,0
茶饮,6,2,B市金穗茶饮店,2026-05-15,enterprise_ref_100337,合成运营主体_100337,store_ref_696194,B市,B市金穗茶饮店,,job_ref_495265,1,1,1,否,0,0,0,0
茶饮,6,2,B市金穗茶饮店,2026-05-16,enterprise_ref_100337,合成运营主体_100337,store_ref_696194,B市,B市金穗茶饮店,,job_ref_495265,1,1,1,否,0,0,0,0
茶饮,6,2,B市金穗茶饮店,2026-05-16,enterprise_ref_100337,合成运营主体_100337,store_ref_696194,B市,B市金穗茶饮店,,job_ref_495265,0,1,1,否,0,0,0,0
茶饮,6,2,B市金穗茶饮店,2026-05-17,enterprise_ref_100337,合成运营主体_100337,store_ref_696194,B市,B市金穗茶饮店,,job_ref_495265,1,1,1,否,0,0,0,0
茶饮,6,2,B市金穗茶饮店,2026-05-18,enterprise_ref_100337,合成运营主体_100337,store_ref_696194,B市,B市金穗茶饮店,,job_ref_495265,1,1,1,否,0,0,0,0
茶饮,6,2,B市金穗茶饮店,2026-05-18,enterprise_ref_100337,合成运营主体_100337,store_ref_696194,B市,B市金穗茶饮店,,job_ref_495265,1,1,1,否,0,0,0,0
茶饮,6,2,B市金穗茶饮店,2026-05-19,enterprise_ref_100337,合成运营主体_100337,store_ref_696194,B市,B市金穗茶饮店,,job_ref_495265,1,1,1,否,0,0,0,0
茶饮,6,2,B市金穗茶饮店,2026-05-19,enterprise_ref_100337,合成运营主体_100337,store_ref_696194,B市,B市金穗茶饮店,,job_ref_495265,1,1,1,否,0,0,0,0
茶饮,6,2,B市金穗茶饮店,2026-05-20,enterprise_ref_100337,合成运营主体_100337,store_ref_696194,B市,B市金穗茶饮店,,job_ref_495265,1,1,1,否,0,0,0,0
茶饮,6,2,B市金穗茶饮店,2026-05-20,enterprise_ref_100337,合成运营主体_100337,store_ref_696194,B市,B市金穗茶饮店,,job_ref_495265,1,1,1,否,0,0,0,0
茶饮,6,2,B市金穗茶饮店,2026-05-21,enterprise_ref_100337,合成运营主体_100337,store_ref_696194,B市,B市金穗茶饮店,,job_ref_495265,1,1,1,否,0,0,0,0
茶饮,6,2,B市金穗茶饮店,2026-05-22,enterprise_ref_100337,合成运营主体_100337,store_ref_696194,B市,B市金穗茶饮店,,job_ref_495265,1,1,1,否,0,0,0,0
茶饮,6,2,B市金穗茶饮店,2026-05-22,enterprise_ref_100337,合成运营主体_100337,store_ref_696194,B市,B市金穗茶饮店,,job_ref_495265,1,1,1,否,0,0,0,0
茶饮,6,2,B市金穗茶饮店,2026-05-23,enterprise_ref_100337,合成运营主体_100337,store_ref_696194,B市,B市金穗茶饮店,,job_ref_495265,1,1,1,否,0,0,0,0
茶饮,6,2,B市金穗茶饮店,2026-05-24,enterprise_ref_100337,合成运营主体_100337,store_ref_696194,B市,B市金穗茶饮店,,job_ref_495265,1,1,1,否,0,0,0,0
茶饮,6,2,B市金穗茶饮店,2026-05-25,enterprise_ref_100337,合成运营主体_100337,store_ref_696194,B市,B市金穗茶饮店,,job_ref_495265,0,1,1,否,0,0,0,0
茶饮,6,2,B市金穗茶饮店,2026-05-25,enterprise_ref_100337,合成运营主体_100337,store_ref_696194,B市,B市金穗茶饮店,,job_ref_495265,1,1,1,否,0,0,0,0
茶饮,6,2,B市金穗茶饮店,2026-05-26,enterprise_ref_100337,合成运营主体_100337,store_ref_696194,B市,B市金穗茶饮店,,job_ref_495265,1,1,1,否,0,0,0,0
茶饮,6,2,B市金穗茶饮店,2026-05-26,enterprise_ref_100337,合成运营主体_100337,store_ref_696194,B市,B市金穗茶饮店,,job_ref_495265,1,1,1,否,0,0,0,0
茶饮,6,2,B市金穗茶饮店,2026-05-27,enterprise_ref_100337,合成运营主体_100337,store_ref_696194,B市,B市金穗茶饮店,,job_ref_495265,1,1,1,否,0,0,0,0
茶饮,6,2,B市金穗茶饮店,2026-05-27,enterprise_ref_100337,合成运营主体_100337,store_ref_696194,B市,B市金穗茶饮店,,job_ref_495265,1,1,1,否,0,0,0,0
茶饮,6,2,B市金穗茶饮店,2026-05-28,enterprise_ref_100337,合成运营主体_100337,store_ref_696194,B市,B市金穗茶饮店,,job_ref_495265,1,1,1,否,0,0,0,0
茶饮,6,2,B市金穗茶饮店,2026-05-28,enterprise_ref_100337,合成运营主体_100337,store_ref_696194,B市,B市金穗茶饮店,,job_ref_495265,1,1,1,否,0,0,0,0
茶饮,6,2,B市金穗茶饮店,2026-05-29,enterprise_ref_100337,合成运营主体_100337,store_ref_696194,B市,B市金穗茶饮店,,job_ref_495265,1,1,1,否,0,0,0,0
茶饮,6,2,B市金穗茶饮店,2026-05-29,enterprise_ref_100337,合成运营主体_100337,store_ref_696194,B市,B市金穗茶饮店,,job_ref_495265,1,1,1,否,0,0,0,0
茶饮,6,2,B市金穗茶饮店,2026-05-30,enterprise_ref_100337,合成运营主体_100337,store_ref_696194,B市,B市金穗茶饮店,,job_ref_495265,1,1,1,否,0,0,0,0
茶饮,6,2,B市金穗茶饮店,2026-05-31,enterprise_ref_100337,合成运营主体_100337,store_ref_696194,B市,B市金穗茶饮店,,job_ref_495265,1,1,1,否,0,0,0,0
