industry,industry_rank,anchor_store_rank,entity_path,enterprise_id,enterprise_name,store_id,region_name,store_name,worker_id,worker_name,worker_gender,worker_age,worker_education,worker_has_health_card,attendance_rows,attended_rows,absent_rows,first_business_date,last_business_date,is_ent_black,is_dept_black,is_white,block_dept_num,remove_black_dept_num
火锅,1,1,A市星桥火锅店,enterprise_ref_434012,合成运营主体_434012,store_ref_127991,A市,A市星桥火锅店,worker_ref_099431,worker_798236,女,53.0,初中及以下,是,20,19,1,2026-05-02,2026-05-31,False,,False,0,0
火锅,1,1,A市星桥火锅店,enterprise_ref_434012,合成运营主体_434012,store_ref_127991,A市,A市星桥火锅店,worker_ref_483124,worker_314214,女,18.0,高中,是,11,9,2,2026-05-03,2026-05-31,False,,False,0,0
火锅,1,1,A市星桥火锅店,enterprise_ref_434012,合成运营主体_434012,store_ref_127991,A市,A市星桥火锅店,worker_ref_375361,worker_210027,女,18.0,中专/技校,是,16,13,3,2026-05-01,2026-05-29,False,,False,0,0
火锅,1,1,A市星桥火锅店,enterprise_ref_434012,合成运营主体_434012,store_ref_127991,A市,A市星桥火锅店,worker_ref_877206,worker_389335,女,21.0,高中,是,53,53,0,2026-05-01,2026-05-31,False,,False,0,0
火锅,1,1,A市星桥火锅店,enterprise_ref_434012,合成运营主体_434012,store_ref_127991,A市,A市星桥火锅店,worker_ref_845999,worker_255443,女,20.0,大专,是,41,37,4,2026-05-01,2026-05-31,False,,False,0,0
火锅,1,1,A市星桥火锅店,enterprise_ref_434012,合成运营主体_434012,store_ref_127991,A市,A市星桥火锅店,worker_ref_229352,worker_593613,男,24.0,初中及以下,是,54,54,0,2026-05-01,2026-05-31,False,,False,0,0
火锅,1,1,A市星桥火锅店,enterprise_ref_434012,合成运营主体_434012,store_ref_127991,A市,A市星桥火锅店,worker_ref_516486,worker_109862,女,22.0,高中,是,53,53,0,2026-05-01,2026-05-31,False,,False,0,0
火锅,1,1,A市星桥火锅店,enterprise_ref_434012,合成运营主体_434012,store_ref_127991,A市,A市星桥火锅店,worker_ref_934940,worker_413920,女,31.0,初中及以下,是,48,47,1,2026-05-01,2026-05-31,False,,False,0,0
火锅,1,1,A市星桥火锅店,enterprise_ref_434012,合成运营主体_434012,store_ref_127991,A市,A市星桥火锅店,worker_ref_172965,worker_830015,男,24.0,大专,是,26,26,0,2026-05-01,2026-05-16,False,,False,0,0
火锅,1,1,A市星桥火锅店,enterprise_ref_434012,合成运营主体_434012,store_ref_127991,A市,A市星桥火锅店,worker_ref_452408,worker_934406,男,19.0,高中,是,53,53,0,2026-05-01,2026-05-31,False,,False,0,0
火锅,1,1,A市星桥火锅店,enterprise_ref_434012,合成运营主体_434012,store_ref_127991,A市,A市星桥火锅店,worker_ref_454294,worker_303996,女,18.0,高中,是,43,42,1,2026-05-01,2026-05-31,False,,False,0,0
火锅,1,1,A市星桥火锅店,enterprise_ref_434012,合成运营主体_434012,store_ref_127991,A市,A市星桥火锅店,worker_ref_977601,worker_061666,男,17.0,中专/技校,是,33,32,1,2026-05-01,2026-05-31,False,,False,0,0
火锅,1,1,A市星桥火锅店,enterprise_ref_434012,合成运营主体_434012,store_ref_127991,A市,A市星桥火锅店,worker_ref_025861,worker_974145,女,17.0,高中,是,22,22,0,2026-05-01,2026-05-31,False,,False,0,0
火锅,1,1,A市星桥火锅店,enterprise_ref_434012,合成运营主体_434012,store_ref_127991,A市,A市星桥火锅店,worker_ref_589222,worker_041816,女,51.0,初中及以下,是,33,26,7,2026-05-01,2026-05-31,False,,False,0,0
火锅,1,1,A市星桥火锅店,enterprise_ref_434012,合成运营主体_434012,store_ref_127991,A市,A市星桥火锅店,worker_ref_328186,worker_829863,男,30.0,中专/技校,是,26,26,0,2026-05-01,2026-05-31,False,,False,0,0
火锅,1,1,A市星桥火锅店,enterprise_ref_434012,合成运营主体_434012,store_ref_127991,A市,A市星桥火锅店,worker_ref_719755,worker_514339,男,59.0,初中及以下,是,62,62,0,2026-05-01,2026-05-31,False,,False,0,0
火锅,1,1,A市星桥火锅店,enterprise_ref_434012,合成运营主体_434012,store_ref_127991,A市,A市星桥火锅店,worker_ref_724909,worker_791099,女,18.0,中专/技校,是,31,31,0,2026-05-01,2026-05-31,False,,False,0,0
火锅,1,1,A市星桥火锅店,enterprise_ref_434012,合成运营主体_434012,store_ref_127991,A市,A市星桥火锅店,worker_ref_370557,worker_337161,女,51.0,初中及以下,是,41,41,0,2026-05-01,2026-05-31,False,,False,0,0
火锅,1,1,A市星桥火锅店,enterprise_ref_434012,合成运营主体_434012,store_ref_127991,A市,A市星桥火锅店,worker_ref_368314,worker_268103,男,46.0,高中,是,31,31,0,2026-05-01,2026-05-31,False,,False,0,0
火锅,1,1,A市星桥火锅店,enterprise_ref_434012,合成运营主体_434012,store_ref_127991,A市,A市星桥火锅店,worker_ref_879180,worker_031452,女,18.0,中专/技校,是,13,13,0,2026-05-01,2026-05-09,False,,False,0,0
火锅,1,1,A市星桥火锅店,enterprise_ref_434012,合成运营主体_434012,store_ref_127991,A市,A市星桥火锅店,worker_ref_629882,worker_297438,女,21.0,中专/技校,是,45,44,1,2026-05-01,2026-05-31,False,,False,0,0
火锅,1,1,A市星桥火锅店,enterprise_ref_434012,合成运营主体_434012,store_ref_127991,A市,A市星桥火锅店,worker_ref_544621,worker_683928,男,17.0,高中,是,21,21,0,2026-05-01,2026-05-31,False,,False,0,0
火锅,1,1,A市星桥火锅店,enterprise_ref_434012,合成运营主体_434012,store_ref_127991,A市,A市星桥火锅店,worker_ref_475120,worker_666798,女,50.0,初中及以下,是,29,29,0,2026-05-01,2026-05-31,False,,False,0,0
火锅,1,1,A市星桥火锅店,enterprise_ref_434012,合成运营主体_434012,store_ref_127991,A市,A市星桥火锅店,worker_ref_034547,worker_724240,男,22.0,中专/技校,是,52,52,0,2026-05-01,2026-05-31,False,,False,0,0
火锅,1,1,A市星桥火锅店,enterprise_ref_434012,合成运营主体_434012,store_ref_127991,A市,A市星桥火锅店,worker_ref_491730,worker_524131,女,58.0,初中及以下,是,37,29,8,2026-05-01,2026-05-31,False,,False,0,0
火锅,1,1,A市星桥火锅店,enterprise_ref_434012,合成运营主体_434012,store_ref_127991,A市,A市星桥火锅店,worker_ref_698513,worker_642053,女,23.0,本科,是,34,33,1,2026-05-01,2026-05-27,False,,False,0,0
火锅,1,1,A市星桥火锅店,enterprise_ref_434012,合成运营主体_434012,store_ref_127991,A市,A市星桥火锅店,worker_ref_158312,worker_410520,男,22.0,初中及以下,是,46,46,0,2026-05-01,2026-05-31,False,,False,0,0
火锅,1,1,A市星桥火锅店,enterprise_ref_434012,合成运营主体_434012,store_ref_127991,A市,A市星桥火锅店,worker_ref_448242,worker_476701,女,19.0,中专/技校,是,6,5,1,2026-05-04,2026-05-09,False,,False,0,0
火锅,1,1,A市星桥火锅店,enterprise_ref_434012,合成运营主体_434012,store_ref_127991,A市,A市星桥火锅店,worker_ref_171411,worker_940604,男,18.0,初中及以下,是,53,53,0,2026-05-01,2026-05-31,False,,False,0,0
火锅,1,1,A市星桥火锅店,enterprise_ref_434012,合成运营主体_434012,store_ref_127991,A市,A市星桥火锅店,worker_ref_731761,worker_369383,女,21.0,大专,是,46,46,0,2026-05-01,2026-05-31,False,,False,0,0
火锅,1,1,A市星桥火锅店,enterprise_ref_434012,合成运营主体_434012,store_ref_127991,A市,A市星桥火锅店,worker_ref_025637,worker_347423,女,21.0,高中,是,52,52,0,2026-05-01,2026-05-31,False,,False,0,0
火锅,1,1,A市星桥火锅店,enterprise_ref_434012,合成运营主体_434012,store_ref_127991,A市,A市星桥火锅店,worker_ref_202423,worker_045664,女,18.0,高中,是,8,8,0,2026-05-01,2026-05-31,False,,False,0,0
火锅,1,1,A市星桥火锅店,enterprise_ref_434012,合成运营主体_434012,store_ref_127991,A市,A市星桥火锅店,worker_ref_370782,worker_314499,男,17.0,中专/技校,是,10,10,0,2026-05-01,2026-05-05,False,,False,0,0
火锅,1,1,A市星桥火锅店,enterprise_ref_434012,合成运营主体_434012,store_ref_127991,A市,A市星桥火锅店,worker_ref_504414,worker_316374,女,16.0,初中及以下,是,48,44,4,2026-05-01,2026-05-31,False,,False,0,0
火锅,1,1,A市星桥火锅店,enterprise_ref_434012,合成运营主体_434012,store_ref_127991,A市,A市星桥火锅店,worker_ref_750236,worker_811873,男,21.0,大专,是,49,49,0,2026-05-01,2026-05-31,False,,False,0,0
火锅,1,1,A市星桥火锅店,enterprise_ref_434012,合成运营主体_434012,store_ref_127991,A市,A市星桥火锅店,worker_ref_803489,worker_176143,女,17.0,高中,是,17,17,0,2026-05-01,2026-05-31,False,,False,0,0
火锅,1,1,A市星桥火锅店,enterprise_ref_434012,合成运营主体_434012,store_ref_127991,A市,A市星桥火锅店,worker_ref_772872,worker_854978,女,42.0,初中及以下,是,20,20,0,2026-05-01,2026-05-24,False,,False,0,0
火锅,1,1,A市星桥火锅店,enterprise_ref_434012,合成运营主体_434012,store_ref_127991,A市,A市星桥火锅店,worker_ref_737011,worker_642393,女,53.0,大专,是,2,2,0,2026-05-01,2026-05-01,False,,False,0,0
火锅,1,1,A市星桥火锅店,enterprise_ref_434012,合成运营主体_434012,store_ref_127991,A市,A市星桥火锅店,worker_ref_106982,worker_928404,男,19.0,本科,是,10,9,1,2026-05-01,2026-05-05,False,,False,0,0
火锅,1,1,A市星桥火锅店,enterprise_ref_434012,合成运营主体_434012,store_ref_127991,A市,A市星桥火锅店,worker_ref_757774,worker_153610,男,18.0,中专/技校,是,18,18,0,2026-05-01,2026-05-31,False,,False,0,0
火锅,1,1,A市星桥火锅店,enterprise_ref_434012,合成运营主体_434012,store_ref_127991,A市,A市星桥火锅店,worker_ref_937529,worker_521781,男,19.0,初中及以下,是,46,46,0,2026-05-01,2026-05-31,False,,False,0,0
火锅,1,1,A市星桥火锅店,enterprise_ref_434012,合成运营主体_434012,store_ref_127991,A市,A市星桥火锅店,worker_ref_218223,worker_378526,男,23.0,高中,是,54,54,0,2026-05-01,2026-05-31,False,,False,0,0
火锅,1,1,A市星桥火锅店,enterprise_ref_434012,合成运营主体_434012,store_ref_127991,A市,A市星桥火锅店,worker_ref_453365,worker_525480,男,18.0,初中及以下,是,36,25,11,2026-05-01,2026-05-29,False,,False,0,0
火锅,1,1,A市星桥火锅店,enterprise_ref_434012,合成运营主体_434012,store_ref_127991,A市,A市星桥火锅店,worker_ref_191666,worker_333331,女,20.0,大专,是,6,4,2,2026-05-06,2026-05-08,False,,False,0,0
火锅,1,1,A市星桥火锅店,enterprise_ref_434012,合成运营主体_434012,store_ref_127991,A市,A市星桥火锅店,worker_ref_793320,worker_518570,女,24.0,大专,是,11,10,1,2026-05-22,2026-05-31,False,,False,0,0
火锅,1,1,A市星桥火锅店,enterprise_ref_434012,合成运营主体_434012,store_ref_127991,A市,A市星桥火锅店,worker_ref_481121,worker_962851,男,25.0,高中,是,14,10,4,2026-05-23,2026-05-31,False,,False,0,0
火锅,1,1,A市星桥火锅店,enterprise_ref_434012,合成运营主体_434012,store_ref_127991,A市,A市星桥火锅店,worker_ref_349884,worker_565356,男,19.0,高中,是,4,4,0,2026-05-26,2026-05-27,False,,False,0,0
火锅,1,2,B市青禾火锅店,enterprise_ref_777598,合成运营主体_777598,store_ref_284829,B市,B市青禾火锅店,worker_ref_044977,worker_444407,女,20.0,大专,是,5,5,0,2026-05-01,2026-05-05,False,,False,0,0
火锅,1,2,B市青禾火锅店,enterprise_ref_777598,合成运营主体_777598,store_ref_284829,B市,B市青禾火锅店,worker_ref_681943,worker_702968,女,20.0,大专,是,11,7,4,2026-05-01,2026-05-17,False,,False,0,0
火锅,1,2,B市青禾火锅店,enterprise_ref_777598,合成运营主体_777598,store_ref_284829,B市,B市青禾火锅店,worker_ref_642954,worker_338978,女,50.0,高中,是,31,31,0,2026-05-01,2026-05-31,False,,False,0,0
火锅,1,2,B市青禾火锅店,enterprise_ref_777598,合成运营主体_777598,store_ref_284829,B市,B市青禾火锅店,worker_ref_675743,worker_785795,女,23.0,本科,是,9,9,0,2026-05-03,2026-05-31,False,,False,0,0
火锅,1,2,B市青禾火锅店,enterprise_ref_777598,合成运营主体_777598,store_ref_284829,B市,B市青禾火锅店,worker_ref_179876,worker_726478,女,49.0,初中及以下,是,22,22,0,2026-05-01,2026-05-31,False,,False,0,0
火锅,1,2,B市青禾火锅店,enterprise_ref_777598,合成运营主体_777598,store_ref_284829,B市,B市青禾火锅店,worker_ref_770710,worker_102049,女,21.0,大专,是,5,5,0,2026-05-01,2026-05-05,False,,False,0,0
火锅,1,2,B市青禾火锅店,enterprise_ref_777598,合成运营主体_777598,store_ref_284829,B市,B市青禾火锅店,worker_ref_065178,worker_375402,男,17.0,高中,是,16,13,3,2026-05-01,2026-05-16,False,,False,0,0
火锅,1,2,B市青禾火锅店,enterprise_ref_777598,合成运营主体_777598,store_ref_284829,B市,B市青禾火锅店,worker_ref_079089,worker_400552,女,20.0,本科,是,3,3,0,2026-05-02,2026-05-04,False,,False,0,0
火锅,1,2,B市青禾火锅店,enterprise_ref_777598,合成运营主体_777598,store_ref_284829,B市,B市青禾火锅店,worker_ref_804273,worker_125174,女,19.0,大专,是,8,4,4,2026-05-01,2026-05-08,False,,False,0,0
火锅,1,2,B市青禾火锅店,enterprise_ref_777598,合成运营主体_777598,store_ref_284829,B市,B市青禾火锅店,worker_ref_982888,worker_921731,男,16.0,初中及以下,是,2,2,0,2026-05-03,2026-05-04,False,,False,0,0
火锅,1,2,B市青禾火锅店,enterprise_ref_777598,合成运营主体_777598,store_ref_284829,B市,B市青禾火锅店,worker_ref_783055,worker_287504,男,17.0,高中,是,5,5,0,2026-05-01,2026-05-30,False,,False,0,0
火锅,1,2,B市青禾火锅店,enterprise_ref_777598,合成运营主体_777598,store_ref_284829,B市,B市青禾火锅店,worker_ref_247923,worker_124035,男,16.0,初中及以下,是,26,26,0,2026-05-01,2026-05-31,False,,False,0,0
火锅,1,2,B市青禾火锅店,enterprise_ref_777598,合成运营主体_777598,store_ref_284829,B市,B市青禾火锅店,worker_ref_691608,worker_997059,男,17.0,初中及以下,是,15,15,0,2026-05-01,2026-05-31,False,,False,0,0
火锅,1,2,B市青禾火锅店,enterprise_ref_777598,合成运营主体_777598,store_ref_284829,B市,B市青禾火锅店,worker_ref_976886,worker_072669,女,22.0,中专/技校,是,1,1,0,2026-05-01,2026-05-01,False,,False,0,0
火锅,1,2,B市青禾火锅店,enterprise_ref_777598,合成运营主体_777598,store_ref_284829,B市,B市青禾火锅店,worker_ref_141557,worker_664392,女,17.0,初中及以下,是,23,23,0,2026-05-01,2026-05-28,False,,False,0,0
火锅,1,2,B市青禾火锅店,enterprise_ref_777598,合成运营主体_777598,store_ref_284829,B市,B市青禾火锅店,worker_ref_872276,worker_788470,女,16.0,初中及以下,是,1,1,0,2026-05-01,2026-05-01,False,,False,0,0
火锅,1,2,B市青禾火锅店,enterprise_ref_777598,合成运营主体_777598,store_ref_284829,B市,B市青禾火锅店,worker_ref_881907,worker_353177,男,17.0,高中,是,24,24,0,2026-05-01,2026-05-30,False,,False,0,0
火锅,1,2,B市青禾火锅店,enterprise_ref_777598,合成运营主体_777598,store_ref_284829,B市,B市青禾火锅店,worker_ref_834185,worker_967034,男,17.0,中专/技校,是,28,27,1,2026-05-01,2026-05-29,False,,False,0,0
火锅,1,2,B市青禾火锅店,enterprise_ref_777598,合成运营主体_777598,store_ref_284829,B市,B市青禾火锅店,worker_ref_503400,worker_537196,男,17.0,高中,是,21,21,0,2026-05-01,2026-05-26,False,,False,0,0
火锅,1,2,B市青禾火锅店,enterprise_ref_777598,合成运营主体_777598,store_ref_284829,B市,B市青禾火锅店,worker_ref_822760,worker_706093,女,49.0,初中及以下,是,9,9,0,2026-05-23,2026-05-31,False,,False,0,0
火锅,1,2,B市青禾火锅店,enterprise_ref_777598,合成运营主体_777598,store_ref_284829,B市,B市青禾火锅店,worker_ref_834422,worker_965454,女,55.0,初中及以下,是,31,31,0,2026-05-01,2026-05-31,False,,False,0,0
火锅,1,2,B市青禾火锅店,enterprise_ref_777598,合成运营主体_777598,store_ref_284829,B市,B市青禾火锅店,worker_ref_673614,worker_674606,男,17.0,高中,是,25,25,0,2026-05-01,2026-05-28,False,,False,0,0
火锅,1,2,B市青禾火锅店,enterprise_ref_777598,合成运营主体_777598,store_ref_284829,B市,B市青禾火锅店,worker_ref_821960,worker_961028,女,43.0,初中及以下,是,24,24,0,2026-05-01,2026-05-31,False,,False,0,0
火锅,1,2,B市青禾火锅店,enterprise_ref_777598,合成运营主体_777598,store_ref_284829,B市,B市青禾火锅店,worker_ref_785607,worker_138581,男,18.0,中专/技校,是,10,10,0,2026-05-01,2026-05-12,False,,False,0,0
火锅,1,2,B市青禾火锅店,enterprise_ref_777598,合成运营主体_777598,store_ref_284829,B市,B市青禾火锅店,worker_ref_742177,worker_525391,男,16.0,高中,是,1,1,0,2026-05-01,2026-05-01,False,,False,0,0
火锅,1,2,B市青禾火锅店,enterprise_ref_777598,合成运营主体_777598,store_ref_284829,B市,B市青禾火锅店,worker_ref_723230,worker_810665,男,18.0,高中,是,18,18,0,2026-05-01,2026-05-31,False,,False,0,0
火锅,1,2,B市青禾火锅店,enterprise_ref_777598,合成运营主体_777598,store_ref_284829,B市,B市青禾火锅店,worker_ref_162646,worker_163510,男,20.0,中专/技校,是,6,6,0,2026-05-01,2026-05-06,False,,False,0,0
火锅,1,2,B市青禾火锅店,enterprise_ref_777598,合成运营主体_777598,store_ref_284829,B市,B市青禾火锅店,worker_ref_092867,worker_569239,女,21.0,大专,是,4,4,0,2026-05-02,2026-05-05,False,,False,0,0
火锅,1,2,B市青禾火锅店,enterprise_ref_777598,合成运营主体_777598,store_ref_284829,B市,B市青禾火锅店,worker_ref_821239,worker_541109,男,22.0,大专,是,12,12,0,2026-05-17,2026-05-31,False,,False,0,0
火锅,1,2,B市青禾火锅店,enterprise_ref_777598,合成运营主体_777598,store_ref_284829,B市,B市青禾火锅店,worker_ref_942150,worker_312243,女,17.0,初中及以下,是,1,1,0,2026-05-11,2026-05-11,False,,False,0,0
火锅,1,2,B市青禾火锅店,enterprise_ref_777598,合成运营主体_777598,store_ref_284829,B市,B市青禾火锅店,worker_ref_063880,worker_165410,男,17.0,中专/技校,是,1,1,0,2026-05-14,2026-05-14,False,,False,0,0
火锅,1,2,B市青禾火锅店,enterprise_ref_777598,合成运营主体_777598,store_ref_284829,B市,B市青禾火锅店,worker_ref_578033,worker_199075,男,41.0,高中,是,8,8,0,2026-05-20,2026-05-31,False,,False,0,0
火锅,1,3,C市云栖火锅店,enterprise_ref_052074,合成运营主体_052074,store_ref_903801,C市,C市云栖火锅店,worker_ref_213915,worker_339893,女,24.0,本科,是,2,1,1,2026-05-16,2026-05-16,False,,False,0,0
火锅,1,3,C市云栖火锅店,enterprise_ref_052074,合成运营主体_052074,store_ref_903801,C市,C市云栖火锅店,worker_ref_258802,worker_376248,女,22.0,本科,是,1,0,1,2026-05-23,2026-05-23,False,,False,0,0
火锅,1,3,C市云栖火锅店,enterprise_ref_052074,合成运营主体_052074,store_ref_903801,C市,C市云栖火锅店,worker_ref_796283,worker_407552,女,24.0,大专,是,1,1,0,2026-05-23,2026-05-23,False,,False,0,0
火锅,1,3,C市云栖火锅店,enterprise_ref_052074,合成运营主体_052074,store_ref_903801,C市,C市云栖火锅店,worker_ref_314651,worker_120643,男,20.0,本科,是,1,1,0,2026-05-23,2026-05-23,False,,False,0,0
火锅,1,3,C市云栖火锅店,enterprise_ref_052074,合成运营主体_052074,store_ref_903801,C市,C市云栖火锅店,worker_ref_335210,worker_095796,女,25.0,大专,是,1,1,0,2026-05-30,2026-05-30,False,,False,0,0
火锅,1,3,C市云栖火锅店,enterprise_ref_052074,合成运营主体_052074,store_ref_903801,C市,C市云栖火锅店,worker_ref_780564,worker_415741,女,24.0,本科,是,3,2,1,2026-05-10,2026-05-31,False,,False,0,0
火锅,1,3,C市云栖火锅店,enterprise_ref_052074,合成运营主体_052074,store_ref_903801,C市,C市云栖火锅店,worker_ref_960694,worker_095260,女,20.0,本科,是,1,0,1,2026-05-23,2026-05-23,False,,False,0,0
火锅,1,3,C市云栖火锅店,enterprise_ref_052074,合成运营主体_052074,store_ref_903801,C市,C市云栖火锅店,worker_ref_728426,worker_175509,女,19.0,大专,否,1,1,0,2026-05-15,2026-05-15,False,,False,0,0
火锅,1,3,C市云栖火锅店,enterprise_ref_052074,合成运营主体_052074,store_ref_903801,C市,C市云栖火锅店,worker_ref_672288,worker_729045,女,26.0,本科,是,5,5,0,2026-05-01,2026-05-05,True,False,False,0,0
火锅,1,3,C市云栖火锅店,enterprise_ref_052074,合成运营主体_052074,store_ref_903801,C市,C市云栖火锅店,worker_ref_556328,worker_801328,女,22.0,本科,是,4,2,2,2026-05-09,2026-05-29,False,,False,0,0
火锅,1,3,C市云栖火锅店,enterprise_ref_052074,合成运营主体_052074,store_ref_903801,C市,C市云栖火锅店,worker_ref_865600,worker_757447,男,19.0,中专/技校,是,1,1,0,2026-05-24,2026-05-24,False,,False,0,0
火锅,1,3,C市云栖火锅店,enterprise_ref_052074,合成运营主体_052074,store_ref_903801,C市,C市云栖火锅店,worker_ref_152263,worker_701532,女,37.0,未知,是,1,1,0,2026-05-29,2026-05-29,False,,False,0,0
火锅,1,4,D市锦澜火锅店,enterprise_ref_052074,合成运营主体_052074,store_ref_322392,D市,D市锦澜火锅店,worker_ref_879827,worker_747566,女,31.0,大专,是,2,2,0,2026-05-23,2026-05-24,False,,False,0,0
火锅,1,5,E市南棠火锅店,enterprise_ref_777598,合成运营主体_777598,store_ref_904163,E市,E市南棠火锅店,worker_ref_735097,worker_888357,男,24.0,本科,是,3,3,0,2026-05-10,2026-05-12,False,,False,0,0
火锅,1,5,E市南棠火锅店,enterprise_ref_777598,合成运营主体_777598,store_ref_904163,E市,E市南棠火锅店,worker_ref_674501,worker_448147,女,61.0,初中及以下,是,21,21,0,2026-05-01,2026-05-21,False,,False,0,0
火锅,1,5,E市南棠火锅店,enterprise_ref_777598,合成运营主体_777598,store_ref_904163,E市,E市南棠火锅店,worker_ref_461736,worker_454511,男,23.0,本科,是,10,10,0,2026-05-01,2026-05-30,False,,False,0,0
火锅,1,5,E市南棠火锅店,enterprise_ref_777598,合成运营主体_777598,store_ref_904163,E市,E市南棠火锅店,worker_ref_600325,worker_847400,男,36.0,中专/技校,是,8,8,0,2026-05-09,2026-05-31,False,,False,0,0
火锅,1,5,E市南棠火锅店,enterprise_ref_777598,合成运营主体_777598,store_ref_904163,E市,E市南棠火锅店,worker_ref_640558,worker_959314,男,20.0,高中,是,4,4,0,2026-05-01,2026-05-04,False,,False,0,0
火锅,1,5,E市南棠火锅店,enterprise_ref_777598,合成运营主体_777598,store_ref_904163,E市,E市南棠火锅店,worker_ref_058944,worker_093374,女,55.0,高中,是,29,29,0,2026-05-01,2026-05-30,False,,False,0,0
火锅,1,5,E市南棠火锅店,enterprise_ref_777598,合成运营主体_777598,store_ref_904163,E市,E市南棠火锅店,worker_ref_094161,worker_062564,男,20.0,大专,是,2,2,0,2026-05-15,2026-05-16,False,,False,0,0
火锅,1,5,E市南棠火锅店,enterprise_ref_777598,合成运营主体_777598,store_ref_904163,E市,E市南棠火锅店,worker_ref_485981,worker_730781,女,19.0,大专,是,7,7,0,2026-05-01,2026-05-10,False,,False,0,0
火锅,1,5,E市南棠火锅店,enterprise_ref_777598,合成运营主体_777598,store_ref_904163,E市,E市南棠火锅店,worker_ref_796466,worker_026481,男,18.0,大专,是,3,3,0,2026-05-01,2026-05-03,False,,False,0,0
火锅,1,5,E市南棠火锅店,enterprise_ref_777598,合成运营主体_777598,store_ref_904163,E市,E市南棠火锅店,worker_ref_008778,worker_582379,女,22.0,本科,是,5,5,0,2026-05-03,2026-05-24,False,,False,0,0
火锅,1,5,E市南棠火锅店,enterprise_ref_777598,合成运营主体_777598,store_ref_904163,E市,E市南棠火锅店,worker_ref_300825,worker_350199,男,23.0,本科,是,1,1,0,2026-05-01,2026-05-01,False,,False,0,0
火锅,1,5,E市南棠火锅店,enterprise_ref_777598,合成运营主体_777598,store_ref_904163,E市,E市南棠火锅店,worker_ref_564981,worker_979164,男,18.0,中专/技校,是,11,10,1,2026-05-19,2026-05-31,False,,False,0,0
火锅,1,5,E市南棠火锅店,enterprise_ref_777598,合成运营主体_777598,store_ref_904163,E市,E市南棠火锅店,worker_ref_176830,worker_064113,男,17.0,高中,是,30,30,0,2026-05-01,2026-05-31,False,,False,0,0
火锅,1,5,E市南棠火锅店,enterprise_ref_777598,合成运营主体_777598,store_ref_904163,E市,E市南棠火锅店,worker_ref_202173,worker_920787,男,18.0,大专,是,12,12,0,2026-05-01,2026-05-30,False,,False,0,0
火锅,1,5,E市南棠火锅店,enterprise_ref_777598,合成运营主体_777598,store_ref_904163,E市,E市南棠火锅店,worker_ref_245445,worker_711717,男,16.0,中专/技校,是,13,13,0,2026-05-01,2026-05-30,False,,False,0,0
火锅,1,5,E市南棠火锅店,enterprise_ref_777598,合成运营主体_777598,store_ref_904163,E市,E市南棠火锅店,worker_ref_640092,worker_643141,男,52.0,初中及以下,是,10,10,0,2026-05-01,2026-05-10,False,,False,0,0
火锅,1,5,E市南棠火锅店,enterprise_ref_777598,合成运营主体_777598,store_ref_904163,E市,E市南棠火锅店,worker_ref_789627,worker_211714,男,17.0,初中及以下,是,25,25,0,2026-05-01,2026-05-30,False,,False,0,0
火锅,1,5,E市南棠火锅店,enterprise_ref_777598,合成运营主体_777598,store_ref_904163,E市,E市南棠火锅店,worker_ref_083007,worker_535931,男,18.0,高中,是,1,1,0,2026-05-30,2026-05-30,False,,False,0,0
火锅,1,5,E市南棠火锅店,enterprise_ref_777598,合成运营主体_777598,store_ref_904163,E市,E市南棠火锅店,worker_ref_604144,worker_421363,女,22.0,中专/技校,是,2,1,1,2026-05-01,2026-05-08,False,,False,0,0
火锅,1,5,E市南棠火锅店,enterprise_ref_777598,合成运营主体_777598,store_ref_904163,E市,E市南棠火锅店,worker_ref_466716,worker_051755,男,21.0,大专,是,13,13,0,2026-05-01,2026-05-19,False,,False,0,0
火锅,1,5,E市南棠火锅店,enterprise_ref_777598,合成运营主体_777598,store_ref_904163,E市,E市南棠火锅店,worker_ref_261139,worker_037356,男,20.0,大专,是,19,19,0,2026-05-01,2026-05-24,False,,False,0,0
火锅,1,5,E市南棠火锅店,enterprise_ref_777598,合成运营主体_777598,store_ref_904163,E市,E市南棠火锅店,worker_ref_752516,worker_475453,女,51.0,初中及以下,是,14,14,0,2026-05-10,2026-05-31,False,,False,0,0
火锅,1,5,E市南棠火锅店,enterprise_ref_777598,合成运营主体_777598,store_ref_904163,E市,E市南棠火锅店,worker_ref_974363,worker_838048,男,20.0,本科,是,16,16,0,2026-05-01,2026-05-30,False,,False,0,0
火锅,1,5,E市南棠火锅店,enterprise_ref_777598,合成运营主体_777598,store_ref_904163,E市,E市南棠火锅店,worker_ref_524999,worker_913621,男,17.0,高中,是,5,5,0,2026-05-01,2026-05-05,False,,False,0,0
火锅,1,5,E市南棠火锅店,enterprise_ref_777598,合成运营主体_777598,store_ref_904163,E市,E市南棠火锅店,worker_ref_689650,worker_094453,女,24.0,大专,是,28,27,1,2026-05-02,2026-05-30,False,,False,0,0
火锅,1,5,E市南棠火锅店,enterprise_ref_777598,合成运营主体_777598,store_ref_904163,E市,E市南棠火锅店,worker_ref_168135,worker_396510,男,20.0,本科,是,4,4,0,2026-05-10,2026-05-23,False,,False,0,0
火锅,1,5,E市南棠火锅店,enterprise_ref_777598,合成运营主体_777598,store_ref_904163,E市,E市南棠火锅店,worker_ref_977305,worker_904470,男,19.0,高中,是,3,3,0,2026-05-11,2026-05-13,False,,False,0,0
火锅,1,5,E市南棠火锅店,enterprise_ref_777598,合成运营主体_777598,store_ref_904163,E市,E市南棠火锅店,worker_ref_320952,worker_127658,女,18.0,中专/技校,是,16,16,0,2026-05-14,2026-05-30,False,,False,0,0
火锅,1,5,E市南棠火锅店,enterprise_ref_777598,合成运营主体_777598,store_ref_904163,E市,E市南棠火锅店,worker_ref_569987,worker_750221,男,21.0,大专,是,4,4,0,2026-05-18,2026-05-21,False,,False,0,0
火锅,1,5,E市南棠火锅店,enterprise_ref_777598,合成运营主体_777598,store_ref_904163,E市,E市南棠火锅店,worker_ref_524699,worker_301883,男,18.0,中专/技校,是,1,1,0,2026-05-30,2026-05-30,False,,False,0,0
火锅,1,5,E市南棠火锅店,enterprise_ref_777598,合成运营主体_777598,store_ref_904163,E市,E市南棠火锅店,worker_ref_575466,worker_407055,女,20.0,大专,是,1,1,0,2026-05-31,2026-05-31,False,,False,0,0
西餐,2,1,F市北辰西餐店,enterprise_ref_113193,合成运营主体_113193,store_ref_185285,F市,F市北辰西餐店,worker_ref_438320,worker_655523,男,33.0,未知,是,214,0,214,2026-05-01,2026-05-31,False,,False,0,0
西餐,2,2,G市晴川西餐店,enterprise_ref_671998,合成运营主体_671998,store_ref_706758,G市,G市晴川西餐店,worker_ref_092455,worker_180715,女,23.0,未知,是,3,1,2,2026-05-25,2026-05-27,False,,False,0,0
西餐,2,2,G市晴川西餐店,enterprise_ref_671998,合成运营主体_671998,store_ref_706758,G市,G市晴川西餐店,worker_ref_434549,worker_104226,女,22.0,未知,是,5,2,3,2026-05-25,2026-05-30,False,,False,0,0
西餐,2,2,G市晴川西餐店,enterprise_ref_671998,合成运营主体_671998,store_ref_706758,G市,G市晴川西餐店,worker_ref_928417,worker_505764,女,31.0,未知,是,29,29,0,2026-05-01,2026-05-31,False,,False,0,0
西餐,2,2,G市晴川西餐店,enterprise_ref_671998,合成运营主体_671998,store_ref_706758,G市,G市晴川西餐店,worker_ref_748552,worker_333523,女,24.0,未知,是,5,2,3,2026-05-03,2026-05-07,False,,False,0,0
西餐,2,2,G市晴川西餐店,enterprise_ref_671998,合成运营主体_671998,store_ref_706758,G市,G市晴川西餐店,worker_ref_398983,worker_907212,女,19.0,高中,是,4,2,2,2026-05-14,2026-05-17,False,,False,0,0
西餐,2,2,G市晴川西餐店,enterprise_ref_671998,合成运营主体_671998,store_ref_706758,G市,G市晴川西餐店,worker_ref_138920,worker_713166,女,18.0,中专/技校,是,4,2,2,2026-05-14,2026-05-17,False,,False,0,0
西餐,2,2,G市晴川西餐店,enterprise_ref_671998,合成运营主体_671998,store_ref_706758,G市,G市晴川西餐店,worker_ref_464437,worker_951768,女,21.0,未知,是,9,0,9,2026-05-21,2026-05-31,False,,False,0,0
西餐,2,2,G市晴川西餐店,enterprise_ref_671998,合成运营主体_671998,store_ref_706758,G市,G市晴川西餐店,worker_ref_669328,worker_480456,女,48.0,未知,是,27,24,3,2026-05-01,2026-05-31,False,,False,0,0
西餐,2,2,G市晴川西餐店,enterprise_ref_671998,合成运营主体_671998,store_ref_706758,G市,G市晴川西餐店,worker_ref_609884,worker_276794,女,19.0,未知,是,3,2,1,2026-05-21,2026-05-23,False,,False,0,0
西餐,2,2,G市晴川西餐店,enterprise_ref_671998,合成运营主体_671998,store_ref_706758,G市,G市晴川西餐店,worker_ref_894130,worker_248352,女,20.0,未知,是,4,2,2,2026-05-25,2026-05-28,False,,False,0,0
西餐,2,2,G市晴川西餐店,enterprise_ref_671998,合成运营主体_671998,store_ref_706758,G市,G市晴川西餐店,worker_ref_990468,worker_704353,女,18.0,未知,是,3,0,3,2026-05-07,2026-05-09,False,,False,0,0
西餐,2,2,G市晴川西餐店,enterprise_ref_671998,合成运营主体_671998,store_ref_706758,G市,G市晴川西餐店,worker_ref_554330,worker_890101,女,18.0,未知,是,5,5,0,2026-05-01,2026-05-16,False,,False,0,0
西餐,2,2,G市晴川西餐店,enterprise_ref_671998,合成运营主体_671998,store_ref_706758,G市,G市晴川西餐店,worker_ref_464453,worker_209080,男,57.0,未知,是,1,1,0,2026-05-24,2026-05-24,False,,False,0,0
西餐,2,2,G市晴川西餐店,enterprise_ref_671998,合成运营主体_671998,store_ref_706758,G市,G市晴川西餐店,worker_ref_283829,worker_522641,男,19.0,未知,是,26,26,0,2026-05-03,2026-05-31,False,,False,0,0
西餐,2,2,G市晴川西餐店,enterprise_ref_671998,合成运营主体_671998,store_ref_706758,G市,G市晴川西餐店,worker_ref_658938,worker_315774,女,22.0,未知,是,3,2,1,2026-05-25,2026-05-27,False,,False,0,0
西餐,2,2,G市晴川西餐店,enterprise_ref_671998,合成运营主体_671998,store_ref_706758,G市,G市晴川西餐店,worker_ref_698286,worker_715371,女,18.0,未知,是,1,0,1,2026-05-10,2026-05-10,False,,False,0,0
西餐,2,2,G市晴川西餐店,enterprise_ref_671998,合成运营主体_671998,store_ref_706758,G市,G市晴川西餐店,worker_ref_081354,worker_434232,女,18.0,未知,是,3,2,1,2026-05-03,2026-05-05,False,,False,0,0
西餐,2,2,G市晴川西餐店,enterprise_ref_671998,合成运营主体_671998,store_ref_706758,G市,G市晴川西餐店,worker_ref_664916,worker_762767,男,21.0,未知,是,3,2,1,2026-05-03,2026-05-05,False,,False,0,0
西餐,2,2,G市晴川西餐店,enterprise_ref_671998,合成运营主体_671998,store_ref_706758,G市,G市晴川西餐店,worker_ref_282793,worker_832218,女,21.0,未知,是,4,1,3,2026-05-10,2026-05-13,False,,False,0,0
西餐,2,2,G市晴川西餐店,enterprise_ref_671998,合成运营主体_671998,store_ref_706758,G市,G市晴川西餐店,worker_ref_936625,worker_466008,男,19.0,未知,是,1,1,0,2026-05-04,2026-05-04,False,,False,0,0
西餐,2,2,G市晴川西餐店,enterprise_ref_671998,合成运营主体_671998,store_ref_706758,G市,G市晴川西餐店,worker_ref_218984,worker_952276,女,30.0,未知,是,3,2,1,2026-05-10,2026-05-12,False,,False,0,0
西餐,2,2,G市晴川西餐店,enterprise_ref_671998,合成运营主体_671998,store_ref_706758,G市,G市晴川西餐店,worker_ref_557557,worker_675234,女,18.0,未知,是,3,2,1,2026-05-03,2026-05-05,False,,False,0,0
西餐,2,2,G市晴川西餐店,enterprise_ref_671998,合成运营主体_671998,store_ref_706758,G市,G市晴川西餐店,worker_ref_674456,worker_993331,女,25.0,未知,是,3,1,2,2026-05-03,2026-05-05,False,,False,0,0
西餐,2,2,G市晴川西餐店,enterprise_ref_671998,合成运营主体_671998,store_ref_706758,G市,G市晴川西餐店,worker_ref_730174,worker_081172,女,21.0,未知,是,3,2,1,2026-05-03,2026-05-05,False,,False,0,0
西餐,2,2,G市晴川西餐店,enterprise_ref_671998,合成运营主体_671998,store_ref_706758,G市,G市晴川西餐店,worker_ref_851227,worker_345466,女,20.0,未知,是,3,2,1,2026-05-03,2026-05-05,False,,False,0,0
西餐,2,2,G市晴川西餐店,enterprise_ref_671998,合成运营主体_671998,store_ref_706758,G市,G市晴川西餐店,worker_ref_200031,worker_964336,男,21.0,未知,是,3,2,1,2026-05-03,2026-05-05,False,,False,0,0
西餐,2,2,G市晴川西餐店,enterprise_ref_671998,合成运营主体_671998,store_ref_706758,G市,G市晴川西餐店,worker_ref_881068,worker_691190,女,18.0,未知,是,3,2,1,2026-05-03,2026-05-05,False,,False,0,0
西餐,2,2,G市晴川西餐店,enterprise_ref_671998,合成运营主体_671998,store_ref_706758,G市,G市晴川西餐店,worker_ref_317605,worker_576294,男,18.0,未知,是,3,2,1,2026-05-03,2026-05-05,False,,False,0,0
西餐,2,2,G市晴川西餐店,enterprise_ref_671998,合成运营主体_671998,store_ref_706758,G市,G市晴川西餐店,worker_ref_645524,worker_017127,女,34.0,未知,是,4,1,3,2026-05-03,2026-05-06,False,,False,0,0
西餐,2,2,G市晴川西餐店,enterprise_ref_671998,合成运营主体_671998,store_ref_706758,G市,G市晴川西餐店,worker_ref_866617,worker_039299,女,33.0,未知,是,5,2,3,2026-05-03,2026-05-07,False,,False,0,0
西餐,2,2,G市晴川西餐店,enterprise_ref_671998,合成运营主体_671998,store_ref_706758,G市,G市晴川西餐店,worker_ref_652402,worker_096899,女,32.0,本科,是,5,3,2,2026-05-03,2026-05-07,False,,False,0,0
西餐,2,2,G市晴川西餐店,enterprise_ref_671998,合成运营主体_671998,store_ref_706758,G市,G市晴川西餐店,worker_ref_043336,worker_504233,女,21.0,未知,是,5,2,3,2026-05-03,2026-05-07,False,,False,0,0
西餐,2,2,G市晴川西餐店,enterprise_ref_671998,合成运营主体_671998,store_ref_706758,G市,G市晴川西餐店,worker_ref_488706,worker_689968,女,41.0,未知,是,5,3,2,2026-05-03,2026-05-07,False,,False,0,0
西餐,2,2,G市晴川西餐店,enterprise_ref_671998,合成运营主体_671998,store_ref_706758,G市,G市晴川西餐店,worker_ref_592727,worker_041142,女,18.0,未知,是,5,0,5,2026-05-03,2026-05-07,False,,False,0,0
西餐,2,2,G市晴川西餐店,enterprise_ref_671998,合成运营主体_671998,store_ref_706758,G市,G市晴川西餐店,worker_ref_537955,worker_604920,男,21.0,未知,是,3,2,1,2026-05-05,2026-05-07,False,,False,0,0
西餐,2,2,G市晴川西餐店,enterprise_ref_671998,合成运营主体_671998,store_ref_706758,G市,G市晴川西餐店,worker_ref_023127,worker_039825,女,18.0,未知,是,3,2,1,2026-05-07,2026-05-09,False,,False,0,0
西餐,2,2,G市晴川西餐店,enterprise_ref_671998,合成运营主体_671998,store_ref_706758,G市,G市晴川西餐店,worker_ref_036650,worker_610429,女,18.0,未知,是,3,2,1,2026-05-07,2026-05-09,False,,False,0,0
西餐,2,2,G市晴川西餐店,enterprise_ref_671998,合成运营主体_671998,store_ref_706758,G市,G市晴川西餐店,worker_ref_094354,worker_332988,男,19.0,未知,是,5,2,3,2026-05-07,2026-05-11,False,,False,0,0
西餐,2,2,G市晴川西餐店,enterprise_ref_671998,合成运营主体_671998,store_ref_706758,G市,G市晴川西餐店,worker_ref_649831,worker_328236,女,23.0,未知,是,4,2,2,2026-05-07,2026-05-10,False,,False,0,0
西餐,2,2,G市晴川西餐店,enterprise_ref_671998,合成运营主体_671998,store_ref_706758,G市,G市晴川西餐店,worker_ref_319184,worker_326520,女,40.0,未知,是,2,1,1,2026-05-10,2026-05-11,False,,False,0,0
西餐,2,2,G市晴川西餐店,enterprise_ref_671998,合成运营主体_671998,store_ref_706758,G市,G市晴川西餐店,worker_ref_187219,worker_926159,男,18.0,未知,是,3,2,1,2026-05-10,2026-05-12,False,,False,0,0
西餐,2,2,G市晴川西餐店,enterprise_ref_671998,合成运营主体_671998,store_ref_706758,G市,G市晴川西餐店,worker_ref_731998,worker_440527,女,23.0,未知,是,4,2,2,2026-05-10,2026-05-13,False,,False,0,0
西餐,2,2,G市晴川西餐店,enterprise_ref_671998,合成运营主体_671998,store_ref_706758,G市,G市晴川西餐店,worker_ref_523369,worker_679562,女,24.0,未知,是,4,2,2,2026-05-10,2026-05-13,False,,False,0,0
西餐,2,2,G市晴川西餐店,enterprise_ref_671998,合成运营主体_671998,store_ref_706758,G市,G市晴川西餐店,worker_ref_268175,worker_339195,男,27.0,未知,是,4,2,2,2026-05-21,2026-05-24,False,,False,0,0
西餐,2,2,G市晴川西餐店,enterprise_ref_671998,合成运营主体_671998,store_ref_706758,G市,G市晴川西餐店,worker_ref_693211,worker_872575,女,21.0,未知,是,5,2,3,2026-05-11,2026-05-15,False,,False,0,0
西餐,2,2,G市晴川西餐店,enterprise_ref_671998,合成运营主体_671998,store_ref_706758,G市,G市晴川西餐店,worker_ref_760693,worker_318864,女,18.0,未知,是,3,0,3,2026-05-25,2026-05-27,False,,False,0,0
西餐,2,2,G市晴川西餐店,enterprise_ref_671998,合成运营主体_671998,store_ref_706758,G市,G市晴川西餐店,worker_ref_315738,worker_116648,女,48.0,未知,是,3,2,1,2026-05-11,2026-05-13,False,,False,0,0
西餐,2,2,G市晴川西餐店,enterprise_ref_671998,合成运营主体_671998,store_ref_706758,G市,G市晴川西餐店,worker_ref_982082,worker_243581,男,24.0,未知,是,3,2,1,2026-05-12,2026-05-14,False,,False,0,0
西餐,2,2,G市晴川西餐店,enterprise_ref_671998,合成运营主体_671998,store_ref_706758,G市,G市晴川西餐店,worker_ref_515258,worker_094040,女,18.0,未知,是,4,2,2,2026-05-14,2026-05-19,False,,False,0,0
西餐,2,2,G市晴川西餐店,enterprise_ref_671998,合成运营主体_671998,store_ref_706758,G市,G市晴川西餐店,worker_ref_778269,worker_579747,男,18.0,未知,是,2,1,1,2026-05-16,2026-05-17,False,,False,0,0
西餐,2,2,G市晴川西餐店,enterprise_ref_671998,合成运营主体_671998,store_ref_706758,G市,G市晴川西餐店,worker_ref_996775,worker_972628,男,21.0,未知,是,2,0,2,2026-05-12,2026-05-13,False,,False,0,0
西餐,2,2,G市晴川西餐店,enterprise_ref_671998,合成运营主体_671998,store_ref_706758,G市,G市晴川西餐店,worker_ref_204536,worker_295131,女,21.0,未知,是,3,2,1,2026-05-14,2026-05-16,False,,False,0,0
西餐,2,2,G市晴川西餐店,enterprise_ref_671998,合成运营主体_671998,store_ref_706758,G市,G市晴川西餐店,worker_ref_664631,worker_409804,女,18.0,未知,是,4,2,2,2026-05-14,2026-05-17,False,,False,0,0
西餐,2,2,G市晴川西餐店,enterprise_ref_671998,合成运营主体_671998,store_ref_706758,G市,G市晴川西餐店,worker_ref_542114,worker_832707,男,18.0,未知,是,6,4,2,2026-05-16,2026-05-29,False,,False,0,0
西餐,2,2,G市晴川西餐店,enterprise_ref_671998,合成运营主体_671998,store_ref_706758,G市,G市晴川西餐店,worker_ref_218769,worker_850662,男,29.0,未知,是,4,2,2,2026-05-14,2026-05-17,False,,False,0,0
西餐,2,2,G市晴川西餐店,enterprise_ref_671998,合成运营主体_671998,store_ref_706758,G市,G市晴川西餐店,worker_ref_088004,worker_457060,男,34.0,未知,是,4,2,2,2026-05-18,2026-05-21,False,,False,0,0
西餐,2,2,G市晴川西餐店,enterprise_ref_671998,合成运营主体_671998,store_ref_706758,G市,G市晴川西餐店,worker_ref_976701,worker_863143,女,28.0,未知,是,3,2,1,2026-05-15,2026-05-17,False,,False,0,0
西餐,2,2,G市晴川西餐店,enterprise_ref_671998,合成运营主体_671998,store_ref_706758,G市,G市晴川西餐店,worker_ref_118267,worker_356632,女,48.0,未知,是,3,2,1,2026-05-15,2026-05-17,False,,False,0,0
西餐,2,2,G市晴川西餐店,enterprise_ref_671998,合成运营主体_671998,store_ref_706758,G市,G市晴川西餐店,worker_ref_463036,worker_810628,女,26.0,未知,是,3,2,1,2026-05-17,2026-05-19,False,,False,0,0
西餐,2,2,G市晴川西餐店,enterprise_ref_671998,合成运营主体_671998,store_ref_706758,G市,G市晴川西餐店,worker_ref_212484,worker_549000,女,18.0,未知,是,3,2,1,2026-05-17,2026-05-19,False,,False,0,0
西餐,2,2,G市晴川西餐店,enterprise_ref_671998,合成运营主体_671998,store_ref_706758,G市,G市晴川西餐店,worker_ref_960285,worker_181946,女,44.0,未知,是,2,1,1,2026-05-17,2026-05-18,False,,False,0,0
西餐,2,2,G市晴川西餐店,enterprise_ref_671998,合成运营主体_671998,store_ref_706758,G市,G市晴川西餐店,worker_ref_659432,worker_261546,男,18.0,未知,是,3,2,1,2026-05-21,2026-05-23,False,,False,0,0
西餐,2,2,G市晴川西餐店,enterprise_ref_671998,合成运营主体_671998,store_ref_706758,G市,G市晴川西餐店,worker_ref_632718,worker_091818,女,20.0,未知,是,3,2,1,2026-05-19,2026-05-21,False,,False,0,0
西餐,2,2,G市晴川西餐店,enterprise_ref_671998,合成运营主体_671998,store_ref_706758,G市,G市晴川西餐店,worker_ref_015799,worker_021178,男,20.0,未知,是,3,2,1,2026-05-23,2026-05-25,False,,False,0,0
西餐,2,2,G市晴川西餐店,enterprise_ref_671998,合成运营主体_671998,store_ref_706758,G市,G市晴川西餐店,worker_ref_489403,worker_551796,男,47.0,未知,是,4,2,2,2026-05-21,2026-05-24,False,,False,0,0
西餐,2,2,G市晴川西餐店,enterprise_ref_671998,合成运营主体_671998,store_ref_706758,G市,G市晴川西餐店,worker_ref_331069,worker_463074,女,19.0,未知,是,3,2,1,2026-05-19,2026-05-21,False,,False,0,0
西餐,2,2,G市晴川西餐店,enterprise_ref_671998,合成运营主体_671998,store_ref_706758,G市,G市晴川西餐店,worker_ref_415658,worker_508692,男,24.0,未知,是,3,0,3,2026-05-22,2026-05-24,False,,False,0,0
西餐,2,2,G市晴川西餐店,enterprise_ref_671998,合成运营主体_671998,store_ref_706758,G市,G市晴川西餐店,worker_ref_205917,worker_926367,男,18.0,未知,是,3,1,2,2026-05-21,2026-05-23,False,,False,0,0
西餐,2,2,G市晴川西餐店,enterprise_ref_671998,合成运营主体_671998,store_ref_706758,G市,G市晴川西餐店,worker_ref_444278,worker_092733,男,24.0,未知,是,3,2,1,2026-05-21,2026-05-23,False,,False,0,0
西餐,2,2,G市晴川西餐店,enterprise_ref_671998,合成运营主体_671998,store_ref_706758,G市,G市晴川西餐店,worker_ref_171321,worker_868214,男,24.0,未知,是,3,1,2,2026-05-21,2026-05-23,False,,False,0,0
西餐,2,2,G市晴川西餐店,enterprise_ref_671998,合成运营主体_671998,store_ref_706758,G市,G市晴川西餐店,worker_ref_415604,worker_002171,男,25.0,未知,是,3,2,1,2026-05-21,2026-05-23,False,,False,0,0
西餐,2,2,G市晴川西餐店,enterprise_ref_671998,合成运营主体_671998,store_ref_706758,G市,G市晴川西餐店,worker_ref_964421,worker_500529,女,46.0,未知,是,2,1,1,2026-05-21,2026-05-22,False,,False,0,0
西餐,2,2,G市晴川西餐店,enterprise_ref_671998,合成运营主体_671998,store_ref_706758,G市,G市晴川西餐店,worker_ref_185071,worker_395623,女,25.0,未知,是,5,0,5,2026-05-23,2026-05-31,False,,False,0,0
西餐,2,2,G市晴川西餐店,enterprise_ref_671998,合成运营主体_671998,store_ref_706758,G市,G市晴川西餐店,worker_ref_501547,worker_808737,女,18.0,未知,是,5,3,2,2026-05-22,2026-05-26,False,,False,0,0
西餐,2,2,G市晴川西餐店,enterprise_ref_671998,合成运营主体_671998,store_ref_706758,G市,G市晴川西餐店,worker_ref_754812,worker_898720,女,37.0,未知,是,2,0,2,2026-05-23,2026-05-24,False,,False,0,0
西餐,2,2,G市晴川西餐店,enterprise_ref_671998,合成运营主体_671998,store_ref_706758,G市,G市晴川西餐店,worker_ref_680184,worker_525651,男,21.0,未知,否,4,1,3,2026-05-22,2026-05-25,False,,False,0,0
西餐,2,2,G市晴川西餐店,enterprise_ref_671998,合成运营主体_671998,store_ref_706758,G市,G市晴川西餐店,worker_ref_221596,worker_621055,男,39.0,未知,是,4,3,1,2026-05-22,2026-05-25,False,,False,0,0
西餐,2,2,G市晴川西餐店,enterprise_ref_671998,合成运营主体_671998,store_ref_706758,G市,G市晴川西餐店,worker_ref_090341,worker_620858,女,25.0,未知,是,3,2,1,2026-05-23,2026-05-25,False,,False,0,0
西餐,2,2,G市晴川西餐店,enterprise_ref_671998,合成运营主体_671998,store_ref_706758,G市,G市晴川西餐店,worker_ref_787996,worker_893293,男,43.0,未知,是,4,0,4,2026-05-28,2026-05-31,False,,False,0,0
西餐,2,2,G市晴川西餐店,enterprise_ref_671998,合成运营主体_671998,store_ref_706758,G市,G市晴川西餐店,worker_ref_744178,worker_518719,女,18.0,未知,是,6,2,4,2026-05-23,2026-05-28,False,,False,0,0
西餐,2,2,G市晴川西餐店,enterprise_ref_671998,合成运营主体_671998,store_ref_706758,G市,G市晴川西餐店,worker_ref_288588,worker_834387,女,19.0,未知,是,6,2,4,2026-05-23,2026-05-28,False,,False,0,0
西餐,2,2,G市晴川西餐店,enterprise_ref_671998,合成运营主体_671998,store_ref_706758,G市,G市晴川西餐店,worker_ref_002007,worker_316409,男,45.0,未知,是,5,2,3,2026-05-24,2026-05-29,False,,False,0,0
西餐,2,2,G市晴川西餐店,enterprise_ref_671998,合成运营主体_671998,store_ref_706758,G市,G市晴川西餐店,worker_ref_766401,worker_304503,女,24.0,未知,是,3,0,3,2026-05-25,2026-05-27,False,,False,0,0
西餐,2,2,G市晴川西餐店,enterprise_ref_671998,合成运营主体_671998,store_ref_706758,G市,G市晴川西餐店,worker_ref_837776,worker_401708,男,20.0,未知,是,4,2,2,2026-05-25,2026-05-28,False,,False,0,0
西餐,2,2,G市晴川西餐店,enterprise_ref_671998,合成运营主体_671998,store_ref_706758,G市,G市晴川西餐店,worker_ref_027371,worker_121047,女,18.0,未知,是,3,1,2,2026-05-25,2026-05-28,False,,False,0,0
西餐,2,2,G市晴川西餐店,enterprise_ref_671998,合成运营主体_671998,store_ref_706758,G市,G市晴川西餐店,worker_ref_238686,worker_538132,女,20.0,未知,是,5,3,2,2026-05-25,2026-05-29,False,,False,0,0
西餐,2,2,G市晴川西餐店,enterprise_ref_671998,合成运营主体_671998,store_ref_706758,G市,G市晴川西餐店,worker_ref_150012,worker_380834,女,39.0,未知,是,4,2,2,2026-05-26,2026-05-29,False,,False,0,0
西餐,2,2,G市晴川西餐店,enterprise_ref_671998,合成运营主体_671998,store_ref_706758,G市,G市晴川西餐店,worker_ref_374333,worker_358309,女,23.0,未知,是,4,2,2,2026-05-25,2026-05-28,False,,False,0,0
西餐,2,2,G市晴川西餐店,enterprise_ref_671998,合成运营主体_671998,store_ref_706758,G市,G市晴川西餐店,worker_ref_421178,worker_608848,女,50.0,未知,是,2,1,1,2026-05-25,2026-05-26,False,,False,0,0
西餐,2,2,G市晴川西餐店,enterprise_ref_671998,合成运营主体_671998,store_ref_706758,G市,G市晴川西餐店,worker_ref_023089,worker_269069,男,19.0,未知,是,4,0,4,2026-05-26,2026-05-29,False,,False,0,0
西餐,2,2,G市晴川西餐店,enterprise_ref_671998,合成运营主体_671998,store_ref_706758,G市,G市晴川西餐店,worker_ref_081253,worker_321206,女,35.0,未知,是,4,2,2,2026-05-28,2026-05-31,False,,False,0,0
西餐,2,2,G市晴川西餐店,enterprise_ref_671998,合成运营主体_671998,store_ref_706758,G市,G市晴川西餐店,worker_ref_091510,worker_800218,女,37.0,未知,是,4,2,2,2026-05-25,2026-05-28,False,,False,0,0
西餐,2,2,G市晴川西餐店,enterprise_ref_671998,合成运营主体_671998,store_ref_706758,G市,G市晴川西餐店,worker_ref_097863,worker_483443,女,18.0,未知,是,3,2,1,2026-05-26,2026-05-28,False,,False,0,0
西餐,2,2,G市晴川西餐店,enterprise_ref_671998,合成运营主体_671998,store_ref_706758,G市,G市晴川西餐店,worker_ref_534999,worker_408291,女,18.0,未知,是,4,2,2,2026-05-27,2026-05-30,False,,False,0,0
西餐,2,2,G市晴川西餐店,enterprise_ref_671998,合成运营主体_671998,store_ref_706758,G市,G市晴川西餐店,worker_ref_217110,worker_567649,女,21.0,未知,是,4,2,2,2026-05-27,2026-05-30,False,,False,0,0
西餐,2,2,G市晴川西餐店,enterprise_ref_671998,合成运营主体_671998,store_ref_706758,G市,G市晴川西餐店,worker_ref_937362,worker_768156,女,18.0,未知,是,4,1,3,2026-05-27,2026-05-30,False,,False,0,0
西餐,2,2,G市晴川西餐店,enterprise_ref_671998,合成运营主体_671998,store_ref_706758,G市,G市晴川西餐店,worker_ref_757762,worker_430967,女,29.0,未知,是,4,1,3,2026-05-28,2026-05-31,False,,False,0,0
西餐,2,2,G市晴川西餐店,enterprise_ref_671998,合成运营主体_671998,store_ref_706758,G市,G市晴川西餐店,worker_ref_995984,worker_036385,男,29.0,未知,是,4,0,4,2026-05-27,2026-05-30,False,,False,0,0
西餐,2,2,G市晴川西餐店,enterprise_ref_671998,合成运营主体_671998,store_ref_706758,G市,G市晴川西餐店,worker_ref_435647,worker_184900,女,34.0,未知,是,5,1,4,2026-05-27,2026-05-31,False,,False,0,0
西餐,2,2,G市晴川西餐店,enterprise_ref_671998,合成运营主体_671998,store_ref_706758,G市,G市晴川西餐店,worker_ref_257040,worker_938130,男,18.0,未知,是,5,2,3,2026-05-27,2026-05-31,False,,False,0,0
西餐,2,2,G市晴川西餐店,enterprise_ref_671998,合成运营主体_671998,store_ref_706758,G市,G市晴川西餐店,worker_ref_318400,worker_363849,男,23.0,未知,是,4,2,2,2026-05-27,2026-05-30,False,,False,0,0
西餐,2,2,G市晴川西餐店,enterprise_ref_671998,合成运营主体_671998,store_ref_706758,G市,G市晴川西餐店,worker_ref_063567,worker_530316,女,35.0,未知,是,4,2,2,2026-05-27,2026-05-30,False,,False,0,0
西餐,2,2,G市晴川西餐店,enterprise_ref_671998,合成运营主体_671998,store_ref_706758,G市,G市晴川西餐店,worker_ref_735003,worker_060575,男,18.0,未知,是,5,1,4,2026-05-27,2026-05-31,False,,False,0,0
西餐,2,2,G市晴川西餐店,enterprise_ref_671998,合成运营主体_671998,store_ref_706758,G市,G市晴川西餐店,worker_ref_391095,worker_238746,女,20.0,未知,是,4,2,2,2026-05-27,2026-05-30,False,,False,0,0
西餐,2,2,G市晴川西餐店,enterprise_ref_671998,合成运营主体_671998,store_ref_706758,G市,G市晴川西餐店,worker_ref_122393,worker_021689,男,26.0,未知,是,4,1,3,2026-05-27,2026-05-30,False,,False,0,0
西餐,2,2,G市晴川西餐店,enterprise_ref_671998,合成运营主体_671998,store_ref_706758,G市,G市晴川西餐店,worker_ref_120191,worker_226195,女,22.0,未知,是,5,2,3,2026-05-27,2026-05-31,False,,False,0,0
西餐,2,2,G市晴川西餐店,enterprise_ref_671998,合成运营主体_671998,store_ref_706758,G市,G市晴川西餐店,worker_ref_395499,worker_305799,女,43.0,未知,是,3,2,1,2026-05-29,2026-05-31,False,,False,0,0
西餐,2,2,G市晴川西餐店,enterprise_ref_671998,合成运营主体_671998,store_ref_706758,G市,G市晴川西餐店,worker_ref_224158,worker_690955,女,31.0,未知,是,2,1,1,2026-05-29,2026-05-30,False,,False,0,0
西餐,2,2,G市晴川西餐店,enterprise_ref_671998,合成运营主体_671998,store_ref_706758,G市,G市晴川西餐店,worker_ref_372092,worker_326737,男,18.0,未知,是,2,1,1,2026-05-30,2026-05-31,False,,False,0,0
西餐,2,2,G市晴川西餐店,enterprise_ref_671998,合成运营主体_671998,store_ref_706758,G市,G市晴川西餐店,worker_ref_199081,worker_243180,男,23.0,未知,是,2,1,1,2026-05-30,2026-05-31,False,,False,0,0
西餐,2,3,K市明庭西餐店,enterprise_ref_671998,合成运营主体_671998,store_ref_252533,K市,K市明庭西餐店,worker_ref_169361,worker_107766,女,26.0,未知,是,3,1,2,2026-05-14,2026-05-16,False,,False,0,0
西餐,2,3,K市明庭西餐店,enterprise_ref_671998,合成运营主体_671998,store_ref_252533,K市,K市明庭西餐店,worker_ref_571839,worker_797630,女,24.0,未知,是,3,1,2,2026-05-05,2026-05-09,False,,False,0,0
西餐,2,3,K市明庭西餐店,enterprise_ref_671998,合成运营主体_671998,store_ref_252533,K市,K市明庭西餐店,worker_ref_632970,worker_844483,女,25.0,本科,是,5,2,3,2026-05-11,2026-05-15,False,,False,0,0
西餐,2,3,K市明庭西餐店,enterprise_ref_671998,合成运营主体_671998,store_ref_252533,K市,K市明庭西餐店,worker_ref_864850,worker_904184,女,20.0,未知,是,3,1,2,2026-05-25,2026-05-27,False,,False,0,0
西餐,2,3,K市明庭西餐店,enterprise_ref_671998,合成运营主体_671998,store_ref_252533,K市,K市明庭西餐店,worker_ref_400699,worker_630638,男,20.0,未知,是,5,1,4,2026-05-22,2026-05-26,False,,False,0,0
西餐,2,3,K市明庭西餐店,enterprise_ref_671998,合成运营主体_671998,store_ref_252533,K市,K市明庭西餐店,worker_ref_813510,worker_724353,女,40.0,未知,是,3,1,2,2026-05-04,2026-05-06,False,,False,0,0
西餐,2,3,K市明庭西餐店,enterprise_ref_671998,合成运营主体_671998,store_ref_252533,K市,K市明庭西餐店,worker_ref_677031,worker_000034,女,52.0,高中,是,21,19,2,2026-05-03,2026-05-31,False,,False,0,0
西餐,2,3,K市明庭西餐店,enterprise_ref_671998,合成运营主体_671998,store_ref_252533,K市,K市明庭西餐店,worker_ref_342255,worker_425729,男,22.0,大专,是,2,1,1,2026-05-14,2026-05-15,False,,False,0,0
西餐,2,3,K市明庭西餐店,enterprise_ref_671998,合成运营主体_671998,store_ref_252533,K市,K市明庭西餐店,worker_ref_509270,worker_176956,男,23.0,未知,是,5,0,5,2026-05-05,2026-05-09,False,,False,0,0
西餐,2,3,K市明庭西餐店,enterprise_ref_671998,合成运营主体_671998,store_ref_252533,K市,K市明庭西餐店,worker_ref_464457,worker_780437,男,25.0,未知,是,1,1,0,2026-05-10,2026-05-10,False,,False,0,0
西餐,2,3,K市明庭西餐店,enterprise_ref_671998,合成运营主体_671998,store_ref_252533,K市,K市明庭西餐店,worker_ref_871016,worker_077996,男,20.0,未知,是,9,2,7,2026-05-16,2026-05-24,False,,False,0,0
西餐,2,3,K市明庭西餐店,enterprise_ref_671998,合成运营主体_671998,store_ref_252533,K市,K市明庭西餐店,worker_ref_532954,worker_446399,女,40.0,未知,是,3,1,2,2026-05-22,2026-05-24,False,,False,0,0
西餐,2,3,K市明庭西餐店,enterprise_ref_671998,合成运营主体_671998,store_ref_252533,K市,K市明庭西餐店,worker_ref_480731,worker_780060,男,34.0,大专,是,15,0,15,2026-05-17,2026-05-31,False,,False,0,0
西餐,2,3,K市明庭西餐店,enterprise_ref_671998,合成运营主体_671998,store_ref_252533,K市,K市明庭西餐店,worker_ref_706349,worker_214935,男,21.0,未知,是,5,1,4,2026-05-06,2026-05-10,False,,False,0,0
西餐,2,3,K市明庭西餐店,enterprise_ref_671998,合成运营主体_671998,store_ref_252533,K市,K市明庭西餐店,worker_ref_813488,worker_522162,女,35.0,未知,是,3,1,2,2026-05-20,2026-05-22,False,,False,0,0
西餐,2,3,K市明庭西餐店,enterprise_ref_671998,合成运营主体_671998,store_ref_252533,K市,K市明庭西餐店,worker_ref_167793,worker_746084,男,23.0,未知,是,3,1,2,2026-05-05,2026-05-07,False,,False,0,0
西餐,2,3,K市明庭西餐店,enterprise_ref_671998,合成运营主体_671998,store_ref_252533,K市,K市明庭西餐店,worker_ref_216819,worker_987032,女,47.0,未知,是,5,1,4,2026-05-06,2026-05-10,False,,False,0,0
西餐,2,3,K市明庭西餐店,enterprise_ref_671998,合成运营主体_671998,store_ref_252533,K市,K市明庭西餐店,worker_ref_834457,worker_836333,女,51.0,未知,是,2,1,1,2026-05-23,2026-05-25,False,,False,0,0
西餐,2,3,K市明庭西餐店,enterprise_ref_671998,合成运营主体_671998,store_ref_252533,K市,K市明庭西餐店,worker_ref_487302,worker_301723,女,36.0,未知,是,4,1,3,2026-05-03,2026-05-06,False,,False,0,0
西餐,2,3,K市明庭西餐店,enterprise_ref_671998,合成运营主体_671998,store_ref_252533,K市,K市明庭西餐店,worker_ref_696271,worker_454466,女,18.0,未知,是,7,1,6,2026-05-03,2026-05-09,False,,False,0,0
西餐,2,3,K市明庭西餐店,enterprise_ref_671998,合成运营主体_671998,store_ref_252533,K市,K市明庭西餐店,worker_ref_048048,worker_596266,女,30.0,未知,是,2,1,1,2026-05-03,2026-05-04,False,,False,0,0
西餐,2,3,K市明庭西餐店,enterprise_ref_671998,合成运营主体_671998,store_ref_252533,K市,K市明庭西餐店,worker_ref_519531,worker_148965,女,19.0,未知,是,3,2,1,2026-05-03,2026-05-05,False,,False,0,0
西餐,2,3,K市明庭西餐店,enterprise_ref_671998,合成运营主体_671998,store_ref_252533,K市,K市明庭西餐店,worker_ref_183099,worker_698929,女,30.0,未知,是,4,2,2,2026-05-03,2026-05-06,False,,False,0,0
西餐,2,3,K市明庭西餐店,enterprise_ref_671998,合成运营主体_671998,store_ref_252533,K市,K市明庭西餐店,worker_ref_326082,worker_013495,男,19.0,大专,是,2,1,1,2026-05-25,2026-05-26,False,,False,0,0
西餐,2,3,K市明庭西餐店,enterprise_ref_671998,合成运营主体_671998,store_ref_252533,K市,K市明庭西餐店,worker_ref_212971,worker_429231,男,25.0,未知,是,5,1,4,2026-05-05,2026-05-09,False,,False,0,0
西餐,2,3,K市明庭西餐店,enterprise_ref_671998,合成运营主体_671998,store_ref_252533,K市,K市明庭西餐店,worker_ref_871110,worker_079764,女,20.0,未知,是,6,0,6,2026-05-04,2026-05-09,False,,False,0,0
西餐,2,3,K市明庭西餐店,enterprise_ref_671998,合成运营主体_671998,store_ref_252533,K市,K市明庭西餐店,worker_ref_981680,worker_704722,男,26.0,未知,是,6,0,6,2026-05-05,2026-05-10,False,,False,0,0
西餐,2,3,K市明庭西餐店,enterprise_ref_671998,合成运营主体_671998,store_ref_252533,K市,K市明庭西餐店,worker_ref_845210,worker_809306,女,47.0,未知,是,7,2,5,2026-05-05,2026-05-21,False,,False,0,0
西餐,2,3,K市明庭西餐店,enterprise_ref_671998,合成运营主体_671998,store_ref_252533,K市,K市明庭西餐店,worker_ref_315347,worker_519360,男,18.0,未知,是,5,1,4,2026-05-05,2026-05-09,False,,False,0,0
西餐,2,3,K市明庭西餐店,enterprise_ref_671998,合成运营主体_671998,store_ref_252533,K市,K市明庭西餐店,worker_ref_195184,worker_068684,男,51.0,未知,是,5,0,5,2026-05-05,2026-05-09,False,,False,0,0
西餐,2,3,K市明庭西餐店,enterprise_ref_671998,合成运营主体_671998,store_ref_252533,K市,K市明庭西餐店,worker_ref_977472,worker_213760,女,19.0,未知,是,5,1,4,2026-05-06,2026-05-10,False,,False,0,0
西餐,2,3,K市明庭西餐店,enterprise_ref_671998,合成运营主体_671998,store_ref_252533,K市,K市明庭西餐店,worker_ref_712727,worker_508356,女,32.0,未知,是,4,1,3,2026-05-07,2026-05-10,False,,False,0,0
西餐,2,3,K市明庭西餐店,enterprise_ref_671998,合成运营主体_671998,store_ref_252533,K市,K市明庭西餐店,worker_ref_498969,worker_767840,女,22.0,未知,是,3,1,2,2026-05-07,2026-05-09,False,,False,0,0
西餐,2,3,K市明庭西餐店,enterprise_ref_671998,合成运营主体_671998,store_ref_252533,K市,K市明庭西餐店,worker_ref_985792,worker_954723,男,26.0,未知,是,4,2,2,2026-05-07,2026-05-11,False,,False,0,0
西餐,2,3,K市明庭西餐店,enterprise_ref_671998,合成运营主体_671998,store_ref_252533,K市,K市明庭西餐店,worker_ref_460858,worker_038039,女,21.0,未知,是,3,1,2,2026-05-07,2026-05-09,False,,False,0,0
西餐,2,3,K市明庭西餐店,enterprise_ref_671998,合成运营主体_671998,store_ref_252533,K市,K市明庭西餐店,worker_ref_766159,worker_768685,男,19.0,未知,是,3,2,1,2026-05-09,2026-05-11,False,,False,0,0
西餐,2,3,K市明庭西餐店,enterprise_ref_671998,合成运营主体_671998,store_ref_252533,K市,K市明庭西餐店,worker_ref_168773,worker_867043,女,20.0,未知,是,2,1,1,2026-05-09,2026-05-10,False,,False,0,0
西餐,2,3,K市明庭西餐店,enterprise_ref_671998,合成运营主体_671998,store_ref_252533,K市,K市明庭西餐店,worker_ref_667660,worker_875374,男,18.0,未知,是,2,1,1,2026-05-09,2026-05-10,False,,False,0,0
西餐,2,3,K市明庭西餐店,enterprise_ref_671998,合成运营主体_671998,store_ref_252533,K市,K市明庭西餐店,worker_ref_114595,worker_729763,女,19.0,未知,是,3,1,2,2026-05-09,2026-05-11,False,,False,0,0
西餐,2,3,K市明庭西餐店,enterprise_ref_671998,合成运营主体_671998,store_ref_252533,K市,K市明庭西餐店,worker_ref_438565,worker_444490,男,19.0,未知,是,6,1,5,2026-05-11,2026-05-17,False,,False,0,0
西餐,2,3,K市明庭西餐店,enterprise_ref_671998,合成运营主体_671998,store_ref_252533,K市,K市明庭西餐店,worker_ref_479099,worker_081252,女,44.0,未知,是,3,1,2,2026-05-12,2026-05-14,False,,False,0,0
西餐,2,3,K市明庭西餐店,enterprise_ref_671998,合成运营主体_671998,store_ref_252533,K市,K市明庭西餐店,worker_ref_262622,worker_279825,女,20.0,未知,是,3,2,1,2026-05-25,2026-05-27,False,,False,0,0
西餐,2,3,K市明庭西餐店,enterprise_ref_671998,合成运营主体_671998,store_ref_252533,K市,K市明庭西餐店,worker_ref_707540,worker_478670,女,21.0,未知,是,3,1,2,2026-05-12,2026-05-14,False,,False,0,0
西餐,2,3,K市明庭西餐店,enterprise_ref_671998,合成运营主体_671998,store_ref_252533,K市,K市明庭西餐店,worker_ref_276458,worker_025443,女,50.0,未知,是,4,1,3,2026-05-13,2026-05-16,False,,False,0,0
西餐,2,3,K市明庭西餐店,enterprise_ref_671998,合成运营主体_671998,store_ref_252533,K市,K市明庭西餐店,worker_ref_656120,worker_868081,女,25.0,未知,是,4,0,4,2026-05-13,2026-05-16,False,,False,0,0
西餐,2,3,K市明庭西餐店,enterprise_ref_671998,合成运营主体_671998,store_ref_252533,K市,K市明庭西餐店,worker_ref_960941,worker_924722,女,30.0,未知,是,4,1,3,2026-05-13,2026-05-16,False,,False,0,0
西餐,2,3,K市明庭西餐店,enterprise_ref_671998,合成运营主体_671998,store_ref_252533,K市,K市明庭西餐店,worker_ref_092575,worker_984447,女,23.0,未知,是,4,0,4,2026-05-13,2026-05-16,False,,False,0,0
西餐,2,3,K市明庭西餐店,enterprise_ref_671998,合成运营主体_671998,store_ref_252533,K市,K市明庭西餐店,worker_ref_148970,worker_150505,女,21.0,未知,是,3,1,2,2026-05-24,2026-05-26,False,,False,0,0
西餐,2,3,K市明庭西餐店,enterprise_ref_671998,合成运营主体_671998,store_ref_252533,K市,K市明庭西餐店,worker_ref_369780,worker_179578,男,28.0,未知,是,11,1,10,2026-05-14,2026-05-24,False,,False,0,0
西餐,2,3,K市明庭西餐店,enterprise_ref_671998,合成运营主体_671998,store_ref_252533,K市,K市明庭西餐店,worker_ref_662737,worker_559927,男,41.0,未知,是,6,3,3,2026-05-14,2026-05-22,False,,False,0,0
西餐,2,3,K市明庭西餐店,enterprise_ref_671998,合成运营主体_671998,store_ref_252533,K市,K市明庭西餐店,worker_ref_392303,worker_421277,女,24.0,未知,是,4,1,3,2026-05-14,2026-05-17,False,,False,0,0
西餐,2,3,K市明庭西餐店,enterprise_ref_671998,合成运营主体_671998,store_ref_252533,K市,K市明庭西餐店,worker_ref_693618,worker_653876,男,23.0,未知,是,4,1,3,2026-05-14,2026-05-17,False,,False,0,0
西餐,2,3,K市明庭西餐店,enterprise_ref_671998,合成运营主体_671998,store_ref_252533,K市,K市明庭西餐店,worker_ref_069820,worker_453625,男,46.0,未知,是,2,1,1,2026-05-15,2026-05-16,False,,False,0,0
西餐,2,3,K市明庭西餐店,enterprise_ref_671998,合成运营主体_671998,store_ref_252533,K市,K市明庭西餐店,worker_ref_993378,worker_614240,女,47.0,未知,是,3,1,2,2026-05-15,2026-05-17,False,,False,0,0
西餐,2,3,K市明庭西餐店,enterprise_ref_671998,合成运营主体_671998,store_ref_252533,K市,K市明庭西餐店,worker_ref_247807,worker_399935,男,21.0,未知,是,3,1,2,2026-05-15,2026-05-17,False,,False,0,0
西餐,2,3,K市明庭西餐店,enterprise_ref_671998,合成运营主体_671998,store_ref_252533,K市,K市明庭西餐店,worker_ref_077978,worker_278863,女,23.0,未知,是,2,1,1,2026-05-16,2026-05-17,False,,False,0,0
西餐,2,3,K市明庭西餐店,enterprise_ref_671998,合成运营主体_671998,store_ref_252533,K市,K市明庭西餐店,worker_ref_948038,worker_107247,女,57.0,未知,是,2,1,1,2026-05-16,2026-05-17,False,,False,0,0
西餐,2,3,K市明庭西餐店,enterprise_ref_671998,合成运营主体_671998,store_ref_252533,K市,K市明庭西餐店,worker_ref_775900,worker_593225,男,35.0,未知,是,4,2,2,2026-05-17,2026-05-20,False,,False,0,0
西餐,2,3,K市明庭西餐店,enterprise_ref_671998,合成运营主体_671998,store_ref_252533,K市,K市明庭西餐店,worker_ref_096948,worker_416131,女,21.0,未知,是,3,1,2,2026-05-18,2026-05-20,False,,False,0,0
西餐,2,3,K市明庭西餐店,enterprise_ref_671998,合成运营主体_671998,store_ref_252533,K市,K市明庭西餐店,worker_ref_513514,worker_687803,男,20.0,未知,是,3,1,2,2026-05-18,2026-05-20,False,,False,0,0
西餐,2,3,K市明庭西餐店,enterprise_ref_671998,合成运营主体_671998,store_ref_252533,K市,K市明庭西餐店,worker_ref_327936,worker_450686,男,28.0,未知,是,5,2,3,2026-05-20,2026-05-24,False,,False,0,0
西餐,2,3,K市明庭西餐店,enterprise_ref_671998,合成运营主体_671998,store_ref_252533,K市,K市明庭西餐店,worker_ref_346897,worker_650709,女,55.0,未知,是,3,2,1,2026-05-18,2026-05-20,False,,False,0,0
西餐,2,3,K市明庭西餐店,enterprise_ref_671998,合成运营主体_671998,store_ref_252533,K市,K市明庭西餐店,worker_ref_478507,worker_588999,男,38.0,未知,是,4,2,2,2026-05-19,2026-05-22,False,,False,0,0
西餐,2,3,K市明庭西餐店,enterprise_ref_671998,合成运营主体_671998,store_ref_252533,K市,K市明庭西餐店,worker_ref_446356,worker_540599,女,28.0,未知,是,3,1,2,2026-05-19,2026-05-21,False,,False,0,0
西餐,2,3,K市明庭西餐店,enterprise_ref_671998,合成运营主体_671998,store_ref_252533,K市,K市明庭西餐店,worker_ref_097977,worker_615600,女,34.0,未知,是,9,2,7,2026-05-19,2026-05-27,False,,False,0,0
西餐,2,3,K市明庭西餐店,enterprise_ref_671998,合成运营主体_671998,store_ref_252533,K市,K市明庭西餐店,worker_ref_848317,worker_769219,男,23.0,未知,是,4,2,2,2026-05-19,2026-05-22,False,,False,0,0
西餐,2,3,K市明庭西餐店,enterprise_ref_671998,合成运营主体_671998,store_ref_252533,K市,K市明庭西餐店,worker_ref_549866,worker_272442,女,25.0,未知,是,3,1,2,2026-05-24,2026-05-26,False,,False,0,0
西餐,2,3,K市明庭西餐店,enterprise_ref_671998,合成运营主体_671998,store_ref_252533,K市,K市明庭西餐店,worker_ref_481327,worker_173370,男,21.0,未知,是,6,2,4,2026-05-19,2026-05-24,False,,False,0,0
西餐,2,3,K市明庭西餐店,enterprise_ref_671998,合成运营主体_671998,store_ref_252533,K市,K市明庭西餐店,worker_ref_075002,worker_784078,女,36.0,未知,是,2,1,1,2026-05-20,2026-05-22,False,,False,0,0
西餐,2,3,K市明庭西餐店,enterprise_ref_671998,合成运营主体_671998,store_ref_252533,K市,K市明庭西餐店,worker_ref_643576,worker_593072,女,18.0,未知,是,2,0,2,2026-05-27,2026-05-28,False,,False,0,0
西餐,2,3,K市明庭西餐店,enterprise_ref_671998,合成运营主体_671998,store_ref_252533,K市,K市明庭西餐店,worker_ref_234828,worker_750127,男,24.0,未知,是,3,1,2,2026-05-20,2026-05-22,False,,False,0,0
西餐,2,3,K市明庭西餐店,enterprise_ref_671998,合成运营主体_671998,store_ref_252533,K市,K市明庭西餐店,worker_ref_028312,worker_118044,男,21.0,未知,是,3,1,2,2026-05-21,2026-05-23,False,,False,0,0
西餐,2,3,K市明庭西餐店,enterprise_ref_671998,合成运营主体_671998,store_ref_252533,K市,K市明庭西餐店,worker_ref_421570,worker_486556,女,35.0,未知,是,6,0,6,2026-05-22,2026-05-27,False,,False,0,0
西餐,2,3,K市明庭西餐店,enterprise_ref_671998,合成运营主体_671998,store_ref_252533,K市,K市明庭西餐店,worker_ref_275321,worker_993927,女,30.0,未知,是,3,1,2,2026-05-22,2026-05-24,False,,False,0,0
西餐,2,3,K市明庭西餐店,enterprise_ref_671998,合成运营主体_671998,store_ref_252533,K市,K市明庭西餐店,worker_ref_049144,worker_874620,男,42.0,未知,是,6,2,4,2026-05-22,2026-05-27,False,,False,0,0
西餐,2,3,K市明庭西餐店,enterprise_ref_671998,合成运营主体_671998,store_ref_252533,K市,K市明庭西餐店,worker_ref_770260,worker_830960,女,30.0,未知,是,3,1,2,2026-05-22,2026-05-24,False,,False,0,0
西餐,2,3,K市明庭西餐店,enterprise_ref_671998,合成运营主体_671998,store_ref_252533,K市,K市明庭西餐店,worker_ref_402097,worker_011397,男,26.0,未知,是,6,2,4,2026-05-22,2026-05-27,False,,False,0,0
西餐,2,3,K市明庭西餐店,enterprise_ref_671998,合成运营主体_671998,store_ref_252533,K市,K市明庭西餐店,worker_ref_942858,worker_882729,男,24.0,未知,是,2,1,1,2026-05-25,2026-05-27,False,,False,0,0
西餐,2,3,K市明庭西餐店,enterprise_ref_671998,合成运营主体_671998,store_ref_252533,K市,K市明庭西餐店,worker_ref_380155,worker_604284,男,18.0,未知,是,5,0,5,2026-05-23,2026-05-27,False,,False,0,0
西餐,2,3,K市明庭西餐店,enterprise_ref_671998,合成运营主体_671998,store_ref_252533,K市,K市明庭西餐店,worker_ref_522136,worker_519852,男,24.0,未知,是,3,1,2,2026-05-25,2026-05-27,False,,False,0,0
西餐,2,3,K市明庭西餐店,enterprise_ref_671998,合成运营主体_671998,store_ref_252533,K市,K市明庭西餐店,worker_ref_367535,worker_022596,男,46.0,未知,是,4,1,3,2026-05-25,2026-05-29,False,,False,0,0
西餐,2,3,K市明庭西餐店,enterprise_ref_671998,合成运营主体_671998,store_ref_252533,K市,K市明庭西餐店,worker_ref_914050,worker_307470,女,20.0,未知,是,3,1,2,2026-05-25,2026-05-27,False,,False,0,0
西餐,2,3,K市明庭西餐店,enterprise_ref_671998,合成运营主体_671998,store_ref_252533,K市,K市明庭西餐店,worker_ref_607250,worker_519732,女,31.0,未知,是,3,0,3,2026-05-25,2026-05-27,False,,False,0,0
西餐,2,3,K市明庭西餐店,enterprise_ref_671998,合成运营主体_671998,store_ref_252533,K市,K市明庭西餐店,worker_ref_678743,worker_765831,男,23.0,未知,是,4,1,3,2026-05-25,2026-05-29,False,,False,0,0
西餐,2,3,K市明庭西餐店,enterprise_ref_671998,合成运营主体_671998,store_ref_252533,K市,K市明庭西餐店,worker_ref_684160,worker_214244,男,19.0,未知,是,2,1,1,2026-05-27,2026-05-28,False,,False,0,0
西餐,2,3,K市明庭西餐店,enterprise_ref_671998,合成运营主体_671998,store_ref_252533,K市,K市明庭西餐店,worker_ref_731528,worker_596687,男,43.0,未知,是,3,0,3,2026-05-28,2026-05-30,False,,False,0,0
西餐,2,3,K市明庭西餐店,enterprise_ref_671998,合成运营主体_671998,store_ref_252533,K市,K市明庭西餐店,worker_ref_410640,worker_670371,女,36.0,未知,是,4,2,2,2026-05-27,2026-05-30,False,,False,0,0
西餐,2,3,K市明庭西餐店,enterprise_ref_671998,合成运营主体_671998,store_ref_252533,K市,K市明庭西餐店,worker_ref_036973,worker_110308,女,20.0,未知,是,1,0,1,2026-05-31,2026-05-31,False,,False,0,0
西餐,2,3,K市明庭西餐店,enterprise_ref_671998,合成运营主体_671998,store_ref_252533,K市,K市明庭西餐店,worker_ref_448820,worker_266387,男,21.0,未知,是,1,0,1,2026-05-28,2026-05-28,False,,False,0,0
西餐,2,3,K市明庭西餐店,enterprise_ref_671998,合成运营主体_671998,store_ref_252533,K市,K市明庭西餐店,worker_ref_612060,worker_424940,女,31.0,未知,是,1,0,1,2026-05-28,2026-05-28,False,,False,0,0
西餐,2,3,K市明庭西餐店,enterprise_ref_671998,合成运营主体_671998,store_ref_252533,K市,K市明庭西餐店,worker_ref_812772,worker_899184,女,47.0,未知,是,2,0,2,2026-05-28,2026-05-29,False,,False,0,0
西餐,2,3,K市明庭西餐店,enterprise_ref_671998,合成运营主体_671998,store_ref_252533,K市,K市明庭西餐店,worker_ref_681388,worker_596371,男,23.0,未知,是,3,2,1,2026-05-28,2026-05-30,False,,False,0,0
西餐,2,3,K市明庭西餐店,enterprise_ref_671998,合成运营主体_671998,store_ref_252533,K市,K市明庭西餐店,worker_ref_902119,worker_531952,女,25.0,未知,是,1,0,1,2026-05-31,2026-05-31,False,,False,0,0
西餐,2,3,K市明庭西餐店,enterprise_ref_671998,合成运营主体_671998,store_ref_252533,K市,K市明庭西餐店,worker_ref_496745,worker_569416,女,38.0,未知,是,2,0,2,2026-05-29,2026-05-30,False,,False,0,0
西餐,2,3,K市明庭西餐店,enterprise_ref_671998,合成运营主体_671998,store_ref_252533,K市,K市明庭西餐店,worker_ref_971135,worker_729066,男,18.0,未知,是,2,0,2,2026-05-30,2026-05-31,False,,False,0,0
西餐,2,4,H市新序西餐店,enterprise_ref_671998,合成运营主体_671998,store_ref_874261,H市,H市新序西餐店,worker_ref_183505,worker_160555,女,30.0,未知,是,4,2,2,2026-05-03,2026-05-09,False,,False,0,0
西餐,2,4,H市新序西餐店,enterprise_ref_671998,合成运营主体_671998,store_ref_874261,H市,H市新序西餐店,worker_ref_585196,worker_342922,女,23.0,未知,是,1,1,0,2026-05-31,2026-05-31,False,,False,0,0
西餐,2,4,H市新序西餐店,enterprise_ref_671998,合成运营主体_671998,store_ref_874261,H市,H市新序西餐店,worker_ref_001194,worker_886930,女,20.0,未知,是,1,1,0,2026-05-26,2026-05-26,False,,False,0,0
西餐,2,4,H市新序西餐店,enterprise_ref_671998,合成运营主体_671998,store_ref_874261,H市,H市新序西餐店,worker_ref_474569,worker_386435,女,29.0,未知,是,3,2,1,2026-05-14,2026-05-16,False,,False,0,0
西餐,2,4,H市新序西餐店,enterprise_ref_671998,合成运营主体_671998,store_ref_874261,H市,H市新序西餐店,worker_ref_611119,worker_831641,女,21.0,大专,是,2,1,1,2026-05-08,2026-05-09,False,,False,0,0
西餐,2,4,H市新序西餐店,enterprise_ref_671998,合成运营主体_671998,store_ref_874261,H市,H市新序西餐店,worker_ref_698556,worker_980944,男,25.0,未知,是,3,3,0,2026-05-04,2026-05-07,False,,False,0,0
西餐,2,4,H市新序西餐店,enterprise_ref_671998,合成运营主体_671998,store_ref_874261,H市,H市新序西餐店,worker_ref_516438,worker_566950,女,25.0,本科,是,3,1,2,2026-05-13,2026-05-16,False,,False,0,0
西餐,2,4,H市新序西餐店,enterprise_ref_671998,合成运营主体_671998,store_ref_874261,H市,H市新序西餐店,worker_ref_818006,worker_828867,女,52.0,未知,是,22,21,1,2026-05-03,2026-05-31,False,,False,0,0
西餐,2,4,H市新序西餐店,enterprise_ref_671998,合成运营主体_671998,store_ref_874261,H市,H市新序西餐店,worker_ref_976346,worker_559828,女,20.0,未知,是,2,2,0,2026-05-01,2026-05-02,False,,False,0,0
西餐,2,4,H市新序西餐店,enterprise_ref_671998,合成运营主体_671998,store_ref_874261,H市,H市新序西餐店,worker_ref_586949,worker_655532,女,46.0,未知,是,1,0,1,2026-05-06,2026-05-06,False,,False,0,0
西餐,2,4,H市新序西餐店,enterprise_ref_671998,合成运营主体_671998,store_ref_874261,H市,H市新序西餐店,worker_ref_481878,worker_851583,女,43.0,未知,是,3,3,0,2026-05-12,2026-05-30,False,,False,0,0
西餐,2,4,H市新序西餐店,enterprise_ref_671998,合成运营主体_671998,store_ref_874261,H市,H市新序西餐店,worker_ref_642130,worker_743090,女,53.0,未知,是,15,15,0,2026-05-04,2026-05-31,False,,False,0,0
西餐,2,4,H市新序西餐店,enterprise_ref_671998,合成运营主体_671998,store_ref_874261,H市,H市新序西餐店,worker_ref_964966,worker_634266,女,22.0,大专,是,4,2,2,2026-05-22,2026-05-25,False,,False,0,0
西餐,2,4,H市新序西餐店,enterprise_ref_671998,合成运营主体_671998,store_ref_874261,H市,H市新序西餐店,worker_ref_074304,worker_313873,女,23.0,未知,是,2,2,0,2026-05-08,2026-05-19,False,,False,0,0
西餐,2,4,H市新序西餐店,enterprise_ref_671998,合成运营主体_671998,store_ref_874261,H市,H市新序西餐店,worker_ref_191547,worker_905459,女,18.0,未知,是,1,1,0,2026-05-29,2026-05-29,False,,False,0,0
西餐,2,4,H市新序西餐店,enterprise_ref_671998,合成运营主体_671998,store_ref_874261,H市,H市新序西餐店,worker_ref_067769,worker_115145,男,23.0,未知,是,1,1,0,2026-05-26,2026-05-26,False,,False,0,0
西餐,2,4,H市新序西餐店,enterprise_ref_671998,合成运营主体_671998,store_ref_874261,H市,H市新序西餐店,worker_ref_184059,worker_494786,女,24.0,未知,是,23,23,0,2026-05-03,2026-05-26,False,,False,0,0
西餐,2,4,H市新序西餐店,enterprise_ref_671998,合成运营主体_671998,store_ref_874261,H市,H市新序西餐店,worker_ref_942327,worker_079807,男,18.0,未知,是,2,1,1,2026-05-22,2026-05-23,False,,False,0,0
西餐,2,4,H市新序西餐店,enterprise_ref_671998,合成运营主体_671998,store_ref_874261,H市,H市新序西餐店,worker_ref_328177,worker_364382,女,25.0,未知,是,3,2,1,2026-05-15,2026-05-17,False,,False,0,0
西餐,2,4,H市新序西餐店,enterprise_ref_671998,合成运营主体_671998,store_ref_874261,H市,H市新序西餐店,worker_ref_526702,worker_111409,男,29.0,未知,是,26,23,3,2026-05-01,2026-05-31,False,,False,0,0
西餐,2,4,H市新序西餐店,enterprise_ref_671998,合成运营主体_671998,store_ref_874261,H市,H市新序西餐店,worker_ref_469129,worker_089513,男,39.0,未知,是,16,16,0,2026-05-05,2026-05-31,False,,False,0,0
西餐,2,4,H市新序西餐店,enterprise_ref_671998,合成运营主体_671998,store_ref_874261,H市,H市新序西餐店,worker_ref_010912,worker_714720,男,21.0,未知,是,4,3,1,2026-05-08,2026-05-11,False,,False,0,0
西餐,2,4,H市新序西餐店,enterprise_ref_671998,合成运营主体_671998,store_ref_874261,H市,H市新序西餐店,worker_ref_851725,worker_903551,男,21.0,未知,是,3,2,1,2026-05-03,2026-05-05,False,,False,0,0
西餐,2,4,H市新序西餐店,enterprise_ref_671998,合成运营主体_671998,store_ref_874261,H市,H市新序西餐店,worker_ref_387136,worker_681341,女,22.0,未知,是,4,2,2,2026-05-10,2026-05-13,False,,False,0,0
西餐,2,4,H市新序西餐店,enterprise_ref_671998,合成运营主体_671998,store_ref_874261,H市,H市新序西餐店,worker_ref_099046,worker_813739,男,25.0,未知,是,2,2,0,2026-05-04,2026-05-15,False,,False,0,0
西餐,2,4,H市新序西餐店,enterprise_ref_671998,合成运营主体_671998,store_ref_874261,H市,H市新序西餐店,worker_ref_733796,worker_384780,女,32.0,未知,是,1,1,0,2026-05-18,2026-05-18,False,,False,0,0
西餐,2,4,H市新序西餐店,enterprise_ref_671998,合成运营主体_671998,store_ref_874261,H市,H市新序西餐店,worker_ref_021206,worker_961984,男,23.0,未知,是,3,2,1,2026-05-04,2026-05-22,False,,False,0,0
西餐,2,4,H市新序西餐店,enterprise_ref_671998,合成运营主体_671998,store_ref_874261,H市,H市新序西餐店,worker_ref_957605,worker_576773,女,38.0,未知,是,4,1,3,2026-05-03,2026-05-06,False,,False,0,0
西餐,2,4,H市新序西餐店,enterprise_ref_671998,合成运营主体_671998,store_ref_874261,H市,H市新序西餐店,worker_ref_799511,worker_180625,男,50.0,未知,是,4,3,1,2026-05-03,2026-05-06,False,,False,0,0
西餐,2,4,H市新序西餐店,enterprise_ref_671998,合成运营主体_671998,store_ref_874261,H市,H市新序西餐店,worker_ref_960918,worker_424778,男,23.0,未知,是,3,2,1,2026-05-03,2026-05-05,False,,False,0,0
西餐,2,4,H市新序西餐店,enterprise_ref_671998,合成运营主体_671998,store_ref_874261,H市,H市新序西餐店,worker_ref_586340,worker_729887,男,20.0,未知,是,4,3,1,2026-05-06,2026-05-09,False,,False,0,0
西餐,2,4,H市新序西餐店,enterprise_ref_671998,合成运营主体_671998,store_ref_874261,H市,H市新序西餐店,worker_ref_747712,worker_945511,女,51.0,未知,是,2,1,1,2026-05-07,2026-05-08,False,,False,0,0
西餐,2,4,H市新序西餐店,enterprise_ref_671998,合成运营主体_671998,store_ref_874261,H市,H市新序西餐店,worker_ref_533671,worker_447416,女,21.0,未知,是,2,1,1,2026-05-07,2026-05-09,False,,False,0,0
西餐,2,4,H市新序西餐店,enterprise_ref_671998,合成运营主体_671998,store_ref_874261,H市,H市新序西餐店,worker_ref_610215,worker_808118,男,19.0,未知,是,4,3,1,2026-05-07,2026-05-10,False,,False,0,0
西餐,2,4,H市新序西餐店,enterprise_ref_671998,合成运营主体_671998,store_ref_874261,H市,H市新序西餐店,worker_ref_268760,worker_601975,女,22.0,未知,是,2,0,2,2026-05-08,2026-05-09,False,,False,0,0
西餐,2,4,H市新序西餐店,enterprise_ref_671998,合成运营主体_671998,store_ref_874261,H市,H市新序西餐店,worker_ref_016930,worker_843734,男,23.0,未知,是,2,1,1,2026-05-09,2026-05-10,False,,False,0,0
西餐,2,4,H市新序西餐店,enterprise_ref_671998,合成运营主体_671998,store_ref_874261,H市,H市新序西餐店,worker_ref_775818,worker_547555,女,21.0,未知,是,13,13,0,2026-05-16,2026-05-31,False,,False,0,0
西餐,2,4,H市新序西餐店,enterprise_ref_671998,合成运营主体_671998,store_ref_874261,H市,H市新序西餐店,worker_ref_016481,worker_522105,女,19.0,未知,是,3,2,1,2026-05-10,2026-05-12,False,,False,0,0
西餐,2,4,H市新序西餐店,enterprise_ref_671998,合成运营主体_671998,store_ref_874261,H市,H市新序西餐店,worker_ref_342491,worker_390329,男,29.0,未知,是,4,2,2,2026-05-10,2026-05-13,False,,False,0,0
西餐,2,4,H市新序西餐店,enterprise_ref_671998,合成运营主体_671998,store_ref_874261,H市,H市新序西餐店,worker_ref_559286,worker_674517,女,22.0,未知,是,2,1,1,2026-05-12,2026-05-13,False,,False,0,0
西餐,2,4,H市新序西餐店,enterprise_ref_671998,合成运营主体_671998,store_ref_874261,H市,H市新序西餐店,worker_ref_448892,worker_227569,女,43.0,未知,是,2,1,1,2026-05-12,2026-05-16,False,,False,0,0
西餐,2,4,H市新序西餐店,enterprise_ref_671998,合成运营主体_671998,store_ref_874261,H市,H市新序西餐店,worker_ref_968355,worker_368106,女,18.0,未知,是,2,1,1,2026-05-28,2026-05-29,False,,False,0,0
西餐,2,4,H市新序西餐店,enterprise_ref_671998,合成运营主体_671998,store_ref_874261,H市,H市新序西餐店,worker_ref_740122,worker_396142,女,49.0,未知,是,3,2,1,2026-05-12,2026-05-14,False,,False,0,0
西餐,2,4,H市新序西餐店,enterprise_ref_671998,合成运营主体_671998,store_ref_874261,H市,H市新序西餐店,worker_ref_446981,worker_563418,男,20.0,未知,是,4,4,0,2026-05-16,2026-05-19,False,,False,0,0
西餐,2,4,H市新序西餐店,enterprise_ref_671998,合成运营主体_671998,store_ref_874261,H市,H市新序西餐店,worker_ref_050430,worker_438840,男,18.0,未知,是,16,15,1,2026-05-12,2026-05-31,False,,False,0,0
西餐,2,4,H市新序西餐店,enterprise_ref_671998,合成运营主体_671998,store_ref_874261,H市,H市新序西餐店,worker_ref_109516,worker_823413,女,24.0,未知,是,2,1,1,2026-05-13,2026-05-14,False,,False,0,0
西餐,2,4,H市新序西餐店,enterprise_ref_671998,合成运营主体_671998,store_ref_874261,H市,H市新序西餐店,worker_ref_874316,worker_029709,男,26.0,未知,是,4,3,1,2026-05-13,2026-05-16,False,,False,0,0
西餐,2,4,H市新序西餐店,enterprise_ref_671998,合成运营主体_671998,store_ref_874261,H市,H市新序西餐店,worker_ref_231668,worker_294808,男,20.0,未知,是,2,1,1,2026-05-13,2026-05-14,False,,False,0,0
西餐,2,4,H市新序西餐店,enterprise_ref_671998,合成运营主体_671998,store_ref_874261,H市,H市新序西餐店,worker_ref_563142,worker_949060,男,21.0,未知,是,4,3,1,2026-05-13,2026-05-16,False,,False,0,0
西餐,2,4,H市新序西餐店,enterprise_ref_671998,合成运营主体_671998,store_ref_874261,H市,H市新序西餐店,worker_ref_009304,worker_328549,男,21.0,未知,是,4,3,1,2026-05-14,2026-05-17,False,,False,0,0
西餐,2,4,H市新序西餐店,enterprise_ref_671998,合成运营主体_671998,store_ref_874261,H市,H市新序西餐店,worker_ref_871085,worker_887941,女,18.0,未知,是,3,2,1,2026-05-23,2026-05-25,False,,False,0,0
西餐,2,4,H市新序西餐店,enterprise_ref_671998,合成运营主体_671998,store_ref_874261,H市,H市新序西餐店,worker_ref_790242,worker_068884,女,21.0,未知,是,3,2,1,2026-05-15,2026-05-17,False,,False,0,0
西餐,2,4,H市新序西餐店,enterprise_ref_671998,合成运营主体_671998,store_ref_874261,H市,H市新序西餐店,worker_ref_243386,worker_285756,女,40.0,未知,是,1,0,1,2026-05-15,2026-05-15,False,,False,0,0
西餐,2,4,H市新序西餐店,enterprise_ref_671998,合成运营主体_671998,store_ref_874261,H市,H市新序西餐店,worker_ref_659893,worker_972599,女,28.0,未知,是,2,1,1,2026-05-15,2026-05-18,False,,False,0,0
西餐,2,4,H市新序西餐店,enterprise_ref_671998,合成运营主体_671998,store_ref_874261,H市,H市新序西餐店,worker_ref_198238,worker_178555,女,43.0,未知,是,3,2,1,2026-05-15,2026-05-17,False,,False,0,0
西餐,2,4,H市新序西餐店,enterprise_ref_671998,合成运营主体_671998,store_ref_874261,H市,H市新序西餐店,worker_ref_235869,worker_847025,女,44.0,未知,是,3,0,3,2026-05-17,2026-05-19,False,,False,0,0
西餐,2,4,H市新序西餐店,enterprise_ref_671998,合成运营主体_671998,store_ref_874261,H市,H市新序西餐店,worker_ref_363217,worker_239803,女,23.0,未知,是,1,0,1,2026-05-18,2026-05-18,False,,False,0,0
西餐,2,4,H市新序西餐店,enterprise_ref_671998,合成运营主体_671998,store_ref_874261,H市,H市新序西餐店,worker_ref_169805,worker_771671,女,23.0,高中,是,2,2,0,2026-05-18,2026-05-19,False,,False,0,0
西餐,2,4,H市新序西餐店,enterprise_ref_671998,合成运营主体_671998,store_ref_874261,H市,H市新序西餐店,worker_ref_891088,worker_704780,男,54.0,未知,是,3,2,1,2026-05-29,2026-05-31,False,,False,0,0
西餐,2,4,H市新序西餐店,enterprise_ref_671998,合成运营主体_671998,store_ref_874261,H市,H市新序西餐店,worker_ref_539137,worker_282120,女,18.0,未知,是,1,1,0,2026-05-28,2026-05-28,False,,False,0,0
西餐,2,4,H市新序西餐店,enterprise_ref_671998,合成运营主体_671998,store_ref_874261,H市,H市新序西餐店,worker_ref_008436,worker_056581,男,21.0,未知,是,3,2,1,2026-05-21,2026-05-23,False,,False,0,0
西餐,2,4,H市新序西餐店,enterprise_ref_671998,合成运营主体_671998,store_ref_874261,H市,H市新序西餐店,worker_ref_798960,worker_184937,女,20.0,未知,是,3,2,1,2026-05-26,2026-05-28,False,,False,0,0
西餐,2,4,H市新序西餐店,enterprise_ref_671998,合成运营主体_671998,store_ref_874261,H市,H市新序西餐店,worker_ref_320843,worker_947282,女,21.0,未知,是,3,1,2,2026-05-19,2026-05-21,False,,False,0,0
西餐,2,4,H市新序西餐店,enterprise_ref_671998,合成运营主体_671998,store_ref_874261,H市,H市新序西餐店,worker_ref_036565,worker_704275,女,18.0,未知,是,3,2,1,2026-05-19,2026-05-21,False,,False,0,0
西餐,2,4,H市新序西餐店,enterprise_ref_671998,合成运营主体_671998,store_ref_874261,H市,H市新序西餐店,worker_ref_941891,worker_905695,女,18.0,未知,是,3,2,1,2026-05-19,2026-05-21,False,,False,0,0
西餐,2,4,H市新序西餐店,enterprise_ref_671998,合成运营主体_671998,store_ref_874261,H市,H市新序西餐店,worker_ref_139088,worker_830733,女,19.0,未知,是,4,3,1,2026-05-19,2026-05-22,False,,False,0,0
西餐,2,4,H市新序西餐店,enterprise_ref_671998,合成运营主体_671998,store_ref_874261,H市,H市新序西餐店,worker_ref_396919,worker_109839,女,38.0,未知,是,2,0,2,2026-05-19,2026-05-20,False,,False,0,0
西餐,2,4,H市新序西餐店,enterprise_ref_671998,合成运营主体_671998,store_ref_874261,H市,H市新序西餐店,worker_ref_074265,worker_518877,女,18.0,未知,是,2,1,1,2026-05-19,2026-05-20,False,,False,0,0
西餐,2,4,H市新序西餐店,enterprise_ref_671998,合成运营主体_671998,store_ref_874261,H市,H市新序西餐店,worker_ref_487274,worker_514434,男,18.0,未知,是,3,2,1,2026-05-20,2026-05-22,False,,False,0,0
西餐,2,4,H市新序西餐店,enterprise_ref_671998,合成运营主体_671998,store_ref_874261,H市,H市新序西餐店,worker_ref_181903,worker_569101,男,18.0,未知,是,3,2,1,2026-05-20,2026-05-22,False,,False,0,0
西餐,2,4,H市新序西餐店,enterprise_ref_671998,合成运营主体_671998,store_ref_874261,H市,H市新序西餐店,worker_ref_234676,worker_284323,女,18.0,未知,是,3,2,1,2026-05-20,2026-05-22,False,,False,0,0
西餐,2,4,H市新序西餐店,enterprise_ref_671998,合成运营主体_671998,store_ref_874261,H市,H市新序西餐店,worker_ref_680646,worker_841484,女,18.0,未知,是,2,1,1,2026-05-20,2026-05-21,False,,False,0,0
西餐,2,4,H市新序西餐店,enterprise_ref_671998,合成运营主体_671998,store_ref_874261,H市,H市新序西餐店,worker_ref_511684,worker_255678,男,23.0,大专,是,3,0,3,2026-05-20,2026-05-22,False,,False,0,0
西餐,2,4,H市新序西餐店,enterprise_ref_671998,合成运营主体_671998,store_ref_874261,H市,H市新序西餐店,worker_ref_259787,worker_218782,女,19.0,未知,是,2,1,1,2026-05-22,2026-05-23,False,,False,0,0
西餐,2,4,H市新序西餐店,enterprise_ref_671998,合成运营主体_671998,store_ref_874261,H市,H市新序西餐店,worker_ref_179337,worker_860878,男,21.0,未知,是,3,3,0,2026-05-21,2026-05-23,False,,False,0,0
西餐,2,4,H市新序西餐店,enterprise_ref_671998,合成运营主体_671998,store_ref_874261,H市,H市新序西餐店,worker_ref_438349,worker_654183,男,18.0,未知,是,2,1,1,2026-05-21,2026-05-22,False,,False,0,0
西餐,2,4,H市新序西餐店,enterprise_ref_671998,合成运营主体_671998,store_ref_874261,H市,H市新序西餐店,worker_ref_704148,worker_148650,男,18.0,未知,是,1,1,0,2026-05-24,2026-05-24,False,,False,0,0
西餐,2,4,H市新序西餐店,enterprise_ref_671998,合成运营主体_671998,store_ref_874261,H市,H市新序西餐店,worker_ref_174349,worker_625817,女,18.0,未知,是,2,1,1,2026-05-22,2026-05-23,False,,False,0,0
西餐,2,4,H市新序西餐店,enterprise_ref_671998,合成运营主体_671998,store_ref_874261,H市,H市新序西餐店,worker_ref_031934,worker_169010,女,44.0,未知,是,3,2,1,2026-05-22,2026-05-24,False,,False,0,0
西餐,2,4,H市新序西餐店,enterprise_ref_671998,合成运营主体_671998,store_ref_874261,H市,H市新序西餐店,worker_ref_566143,worker_136966,女,24.0,未知,是,1,1,0,2026-05-22,2026-05-22,False,,False,0,0
西餐,2,4,H市新序西餐店,enterprise_ref_671998,合成运营主体_671998,store_ref_874261,H市,H市新序西餐店,worker_ref_853973,worker_029692,男,18.0,未知,是,3,3,0,2026-05-22,2026-05-24,False,,False,0,0
西餐,2,4,H市新序西餐店,enterprise_ref_671998,合成运营主体_671998,store_ref_874261,H市,H市新序西餐店,worker_ref_090408,worker_531125,男,18.0,未知,是,4,3,1,2026-05-21,2026-05-24,False,,False,0,0
西餐,2,4,H市新序西餐店,enterprise_ref_671998,合成运营主体_671998,store_ref_874261,H市,H市新序西餐店,worker_ref_706045,worker_138456,女,50.0,未知,是,2,1,1,2026-05-22,2026-05-23,False,,False,0,0
西餐,2,4,H市新序西餐店,enterprise_ref_671998,合成运营主体_671998,store_ref_874261,H市,H市新序西餐店,worker_ref_393428,worker_795698,女,52.0,未知,是,2,2,0,2026-05-22,2026-05-23,False,,False,0,0
西餐,2,4,H市新序西餐店,enterprise_ref_671998,合成运营主体_671998,store_ref_874261,H市,H市新序西餐店,worker_ref_031509,worker_471385,男,18.0,未知,是,5,4,1,2026-05-22,2026-05-27,False,,False,0,0
西餐,2,4,H市新序西餐店,enterprise_ref_671998,合成运营主体_671998,store_ref_874261,H市,H市新序西餐店,worker_ref_585475,worker_736037,女,18.0,未知,是,2,2,0,2026-05-25,2026-05-26,False,,False,0,0
西餐,2,4,H市新序西餐店,enterprise_ref_671998,合成运营主体_671998,store_ref_874261,H市,H市新序西餐店,worker_ref_610029,worker_912378,女,18.0,未知,是,3,2,1,2026-05-22,2026-05-24,False,,False,0,0
西餐,2,4,H市新序西餐店,enterprise_ref_671998,合成运营主体_671998,store_ref_874261,H市,H市新序西餐店,worker_ref_510570,worker_558863,男,44.0,未知,是,1,1,0,2026-05-22,2026-05-22,False,,False,0,0
西餐,2,4,H市新序西餐店,enterprise_ref_671998,合成运营主体_671998,store_ref_874261,H市,H市新序西餐店,worker_ref_789751,worker_384736,女,18.0,未知,是,2,1,1,2026-05-22,2026-05-23,False,,False,0,0
西餐,2,4,H市新序西餐店,enterprise_ref_671998,合成运营主体_671998,store_ref_874261,H市,H市新序西餐店,worker_ref_156054,worker_748925,女,27.0,未知,是,2,1,1,2026-05-23,2026-05-24,False,,False,0,0
西餐,2,4,H市新序西餐店,enterprise_ref_671998,合成运营主体_671998,store_ref_874261,H市,H市新序西餐店,worker_ref_396318,worker_857890,男,18.0,未知,是,1,1,0,2026-05-23,2026-05-23,False,,False,0,0
西餐,2,4,H市新序西餐店,enterprise_ref_671998,合成运营主体_671998,store_ref_874261,H市,H市新序西餐店,worker_ref_563423,worker_851847,女,27.0,未知,是,3,2,1,2026-05-23,2026-05-25,False,,False,0,0
西餐,2,4,H市新序西餐店,enterprise_ref_671998,合成运营主体_671998,store_ref_874261,H市,H市新序西餐店,worker_ref_394852,worker_994817,男,18.0,未知,是,4,4,0,2026-05-25,2026-05-28,False,,False,0,0
西餐,2,4,H市新序西餐店,enterprise_ref_671998,合成运营主体_671998,store_ref_874261,H市,H市新序西餐店,worker_ref_861859,worker_983788,男,20.0,未知,是,4,3,1,2026-05-27,2026-05-30,False,,False,0,0
西餐,2,4,H市新序西餐店,enterprise_ref_671998,合成运营主体_671998,store_ref_874261,H市,H市新序西餐店,worker_ref_156638,worker_869327,男,18.0,未知,是,5,4,1,2026-05-25,2026-05-29,False,,False,0,0
西餐,2,4,H市新序西餐店,enterprise_ref_671998,合成运营主体_671998,store_ref_874261,H市,H市新序西餐店,worker_ref_891460,worker_541510,女,18.0,未知,是,2,1,1,2026-05-25,2026-05-26,False,,False,0,0
西餐,2,4,H市新序西餐店,enterprise_ref_671998,合成运营主体_671998,store_ref_874261,H市,H市新序西餐店,worker_ref_823639,worker_420888,女,18.0,未知,是,3,3,0,2026-05-25,2026-05-27,False,,False,0,0
西餐,2,4,H市新序西餐店,enterprise_ref_671998,合成运营主体_671998,store_ref_874261,H市,H市新序西餐店,worker_ref_155652,worker_093656,男,18.0,未知,是,3,2,1,2026-05-25,2026-05-27,False,,False,0,0
西餐,2,4,H市新序西餐店,enterprise_ref_671998,合成运营主体_671998,store_ref_874261,H市,H市新序西餐店,worker_ref_400739,worker_299882,男,28.0,未知,是,3,0,3,2026-05-28,2026-05-30,False,,False,0,0
西餐,2,4,H市新序西餐店,enterprise_ref_671998,合成运营主体_671998,store_ref_874261,H市,H市新序西餐店,worker_ref_451081,worker_686516,男,22.0,未知,是,2,1,1,2026-05-30,2026-05-31,False,,False,0,0
西餐,2,4,H市新序西餐店,enterprise_ref_671998,合成运营主体_671998,store_ref_874261,H市,H市新序西餐店,worker_ref_419954,worker_304043,男,32.0,未知,是,3,3,0,2026-05-28,2026-05-30,False,,False,0,0
西餐,2,4,H市新序西餐店,enterprise_ref_671998,合成运营主体_671998,store_ref_874261,H市,H市新序西餐店,worker_ref_493790,worker_227610,女,18.0,未知,是,3,2,1,2026-05-26,2026-05-28,False,,False,0,0
西餐,2,4,H市新序西餐店,enterprise_ref_671998,合成运营主体_671998,store_ref_874261,H市,H市新序西餐店,worker_ref_642628,worker_089431,女,18.0,未知,是,2,2,0,2026-05-26,2026-05-27,False,,False,0,0
西餐,2,4,H市新序西餐店,enterprise_ref_671998,合成运营主体_671998,store_ref_874261,H市,H市新序西餐店,worker_ref_803288,worker_283455,女,19.0,未知,是,1,1,0,2026-05-26,2026-05-26,False,,False,0,0
西餐,2,4,H市新序西餐店,enterprise_ref_671998,合成运营主体_671998,store_ref_874261,H市,H市新序西餐店,worker_ref_853083,worker_606653,女,19.0,未知,是,1,0,1,2026-05-26,2026-05-26,False,,False,0,0
西餐,2,4,H市新序西餐店,enterprise_ref_671998,合成运营主体_671998,store_ref_874261,H市,H市新序西餐店,worker_ref_956964,worker_467753,女,18.0,未知,是,6,5,1,2026-05-26,2026-05-31,False,,False,0,0
西餐,2,4,H市新序西餐店,enterprise_ref_671998,合成运营主体_671998,store_ref_874261,H市,H市新序西餐店,worker_ref_347506,worker_706645,女,20.0,未知,是,3,2,1,2026-05-27,2026-05-29,False,,False,0,0
西餐,2,4,H市新序西餐店,enterprise_ref_671998,合成运营主体_671998,store_ref_874261,H市,H市新序西餐店,worker_ref_740101,worker_388174,男,18.0,未知,是,4,3,1,2026-05-27,2026-05-30,False,,False,0,0
西餐,2,4,H市新序西餐店,enterprise_ref_671998,合成运营主体_671998,store_ref_874261,H市,H市新序西餐店,worker_ref_804490,worker_321678,女,18.0,未知,是,3,2,1,2026-05-27,2026-05-29,False,,False,0,0
西餐,2,4,H市新序西餐店,enterprise_ref_671998,合成运营主体_671998,store_ref_874261,H市,H市新序西餐店,worker_ref_339754,worker_587628,女,55.0,未知,是,4,3,1,2026-05-27,2026-05-30,False,,False,0,0
西餐,2,4,H市新序西餐店,enterprise_ref_671998,合成运营主体_671998,store_ref_874261,H市,H市新序西餐店,worker_ref_360192,worker_049241,女,35.0,未知,是,2,2,0,2026-05-28,2026-05-29,False,,False,0,0
西餐,2,4,H市新序西餐店,enterprise_ref_671998,合成运营主体_671998,store_ref_874261,H市,H市新序西餐店,worker_ref_601076,worker_191046,女,49.0,未知,是,1,1,0,2026-05-28,2026-05-28,False,,False,0,0
西餐,2,4,H市新序西餐店,enterprise_ref_671998,合成运营主体_671998,store_ref_874261,H市,H市新序西餐店,worker_ref_444118,worker_811687,女,23.0,未知,是,1,0,1,2026-05-31,2026-05-31,False,,False,0,0
西餐,2,4,H市新序西餐店,enterprise_ref_671998,合成运营主体_671998,store_ref_874261,H市,H市新序西餐店,worker_ref_714149,worker_376736,女,18.0,未知,是,2,1,1,2026-05-30,2026-05-31,False,,False,0,0
西餐,2,4,H市新序西餐店,enterprise_ref_671998,合成运营主体_671998,store_ref_874261,H市,H市新序西餐店,worker_ref_922640,worker_134275,女,18.0,未知,是,2,1,1,2026-05-30,2026-05-31,False,,False,0,0
西餐,2,4,H市新序西餐店,enterprise_ref_671998,合成运营主体_671998,store_ref_874261,H市,H市新序西餐店,worker_ref_749202,worker_343369,女,18.0,未知,是,3,2,1,2026-05-29,2026-05-31,False,,False,0,0
西餐,2,4,H市新序西餐店,enterprise_ref_671998,合成运营主体_671998,store_ref_874261,H市,H市新序西餐店,worker_ref_431979,worker_082025,女,18.0,未知,是,2,1,1,2026-05-30,2026-05-31,False,,False,0,0
西餐,2,4,H市新序西餐店,enterprise_ref_671998,合成运营主体_671998,store_ref_874261,H市,H市新序西餐店,worker_ref_859554,worker_691599,女,19.0,未知,是,1,0,1,2026-05-31,2026-05-31,False,,False,0,0
西餐,2,4,H市新序西餐店,enterprise_ref_671998,合成运营主体_671998,store_ref_874261,H市,H市新序西餐店,worker_ref_445608,worker_132432,女,30.0,未知,是,1,0,1,2026-05-31,2026-05-31,False,,False,0,0
西餐,2,4,H市新序西餐店,enterprise_ref_671998,合成运营主体_671998,store_ref_874261,H市,H市新序西餐店,worker_ref_775452,worker_628163,女,27.0,未知,是,2,1,1,2026-05-30,2026-05-31,False,,False,0,0
西餐,2,4,H市新序西餐店,enterprise_ref_671998,合成运营主体_671998,store_ref_874261,H市,H市新序西餐店,worker_ref_688152,worker_118036,女,24.0,未知,是,1,0,1,2026-05-31,2026-05-31,False,,False,0,0
西餐,2,5,I市禾里西餐店,enterprise_ref_671998,合成运营主体_671998,store_ref_774663,I市,I市禾里西餐店,worker_ref_377337,worker_687837,男,34.0,未知,是,1,1,0,2026-05-08,2026-05-08,False,,False,0,0
西餐,2,5,I市禾里西餐店,enterprise_ref_671998,合成运营主体_671998,store_ref_774663,I市,I市禾里西餐店,worker_ref_757008,worker_128336,女,18.0,未知,是,3,2,1,2026-05-26,2026-05-28,False,,False,0,0
西餐,2,5,I市禾里西餐店,enterprise_ref_671998,合成运营主体_671998,store_ref_774663,I市,I市禾里西餐店,worker_ref_967445,worker_441651,男,21.0,大专,是,4,3,1,2026-05-22,2026-05-25,False,,False,0,0
西餐,2,5,I市禾里西餐店,enterprise_ref_671998,合成运营主体_671998,store_ref_774663,I市,I市禾里西餐店,worker_ref_150738,worker_610796,男,35.0,未知,是,31,31,0,2026-05-01,2026-05-31,False,,False,0,0
西餐,2,5,I市禾里西餐店,enterprise_ref_671998,合成运营主体_671998,store_ref_774663,I市,I市禾里西餐店,worker_ref_503721,worker_996335,男,37.0,未知,是,2,1,1,2026-05-17,2026-05-18,False,,False,0,0
西餐,2,5,I市禾里西餐店,enterprise_ref_671998,合成运营主体_671998,store_ref_774663,I市,I市禾里西餐店,worker_ref_109554,worker_552857,女,37.0,大专,是,25,25,0,2026-05-02,2026-05-31,False,,False,0,0
西餐,2,5,I市禾里西餐店,enterprise_ref_671998,合成运营主体_671998,store_ref_774663,I市,I市禾里西餐店,worker_ref_861888,worker_934324,男,55.0,未知,是,32,31,1,2026-05-01,2026-05-31,False,,False,0,0
西餐,2,5,I市禾里西餐店,enterprise_ref_671998,合成运营主体_671998,store_ref_774663,I市,I市禾里西餐店,worker_ref_682369,worker_276851,女,40.0,未知,是,2,0,2,2026-05-04,2026-05-05,False,,False,0,0
西餐,2,5,I市禾里西餐店,enterprise_ref_671998,合成运营主体_671998,store_ref_774663,I市,I市禾里西餐店,worker_ref_383855,worker_774960,女,34.0,未知,是,3,1,2,2026-05-05,2026-05-07,False,,False,0,0
西餐,2,5,I市禾里西餐店,enterprise_ref_671998,合成运营主体_671998,store_ref_774663,I市,I市禾里西餐店,worker_ref_450821,worker_835610,男,18.0,未知,是,4,2,2,2026-05-28,2026-05-31,False,,False,0,0
西餐,2,5,I市禾里西餐店,enterprise_ref_671998,合成运营主体_671998,store_ref_774663,I市,I市禾里西餐店,worker_ref_659523,worker_592861,女,38.0,未知,是,3,2,1,2026-05-02,2026-05-10,False,,False,0,0
西餐,2,5,I市禾里西餐店,enterprise_ref_671998,合成运营主体_671998,store_ref_774663,I市,I市禾里西餐店,worker_ref_778333,worker_216929,女,44.0,未知,是,23,23,0,2026-05-02,2026-05-31,False,,False,0,0
西餐,2,5,I市禾里西餐店,enterprise_ref_671998,合成运营主体_671998,store_ref_774663,I市,I市禾里西餐店,worker_ref_019466,worker_634894,女,19.0,本科,是,9,9,0,2026-05-01,2026-05-16,False,,False,0,0
西餐,2,5,I市禾里西餐店,enterprise_ref_671998,合成运营主体_671998,store_ref_774663,I市,I市禾里西餐店,worker_ref_260646,worker_916577,女,34.0,未知,是,2,2,0,2026-05-06,2026-05-07,False,,False,0,0
西餐,2,5,I市禾里西餐店,enterprise_ref_671998,合成运营主体_671998,store_ref_774663,I市,I市禾里西餐店,worker_ref_412221,worker_906178,女,47.0,未知,是,13,13,0,2026-05-05,2026-05-31,False,,False,0,0
西餐,2,5,I市禾里西餐店,enterprise_ref_671998,合成运营主体_671998,store_ref_774663,I市,I市禾里西餐店,worker_ref_985407,worker_213639,女,37.0,未知,是,3,2,1,2026-05-25,2026-05-27,False,,False,0,0
西餐,2,5,I市禾里西餐店,enterprise_ref_671998,合成运营主体_671998,store_ref_774663,I市,I市禾里西餐店,worker_ref_846908,worker_082922,女,44.0,未知,是,25,25,0,2026-05-03,2026-05-31,False,,False,0,0
西餐,2,5,I市禾里西餐店,enterprise_ref_671998,合成运营主体_671998,store_ref_774663,I市,I市禾里西餐店,worker_ref_169221,worker_375872,女,23.0,未知,是,13,13,0,2026-05-03,2026-05-26,False,,False,0,0
西餐,2,5,I市禾里西餐店,enterprise_ref_671998,合成运营主体_671998,store_ref_774663,I市,I市禾里西餐店,worker_ref_240901,worker_667122,男,18.0,未知,是,27,27,0,2026-05-01,2026-05-31,False,,False,0,0
西餐,2,5,I市禾里西餐店,enterprise_ref_671998,合成运营主体_671998,store_ref_774663,I市,I市禾里西餐店,worker_ref_641231,worker_663616,女,20.0,未知,是,2,2,0,2026-05-01,2026-05-02,False,,False,0,0
西餐,2,5,I市禾里西餐店,enterprise_ref_671998,合成运营主体_671998,store_ref_774663,I市,I市禾里西餐店,worker_ref_877859,worker_132558,男,25.0,未知,是,4,3,1,2026-05-04,2026-05-07,False,,False,0,0
西餐,2,5,I市禾里西餐店,enterprise_ref_671998,合成运营主体_671998,store_ref_774663,I市,I市禾里西餐店,worker_ref_778102,worker_862254,男,35.0,未知,是,1,0,1,2026-05-21,2026-05-21,False,,False,0,0
西餐,2,5,I市禾里西餐店,enterprise_ref_671998,合成运营主体_671998,store_ref_774663,I市,I市禾里西餐店,worker_ref_858474,worker_935393,女,22.0,未知,是,3,3,0,2026-05-07,2026-05-09,False,,False,0,0
西餐,2,5,I市禾里西餐店,enterprise_ref_671998,合成运营主体_671998,store_ref_774663,I市,I市禾里西餐店,worker_ref_438051,worker_230492,女,29.0,未知,是,11,11,0,2026-05-01,2026-05-31,False,,False,0,0
西餐,2,5,I市禾里西餐店,enterprise_ref_671998,合成运营主体_671998,store_ref_774663,I市,I市禾里西餐店,worker_ref_710614,worker_895033,男,43.0,未知,是,1,0,1,2026-05-01,2026-05-01,False,,False,0,0
西餐,2,5,I市禾里西餐店,enterprise_ref_671998,合成运营主体_671998,store_ref_774663,I市,I市禾里西餐店,worker_ref_876022,worker_619720,男,18.0,未知,是,2,0,2,2026-05-06,2026-05-07,False,,False,0,0
西餐,2,5,I市禾里西餐店,enterprise_ref_671998,合成运营主体_671998,store_ref_774663,I市,I市禾里西餐店,worker_ref_874704,worker_775717,男,18.0,未知,是,3,2,1,2026-05-08,2026-05-10,False,,False,0,0
西餐,2,5,I市禾里西餐店,enterprise_ref_671998,合成运营主体_671998,store_ref_774663,I市,I市禾里西餐店,worker_ref_643165,worker_109528,女,36.0,未知,是,1,1,0,2026-05-07,2026-05-07,False,,False,0,0
西餐,2,5,I市禾里西餐店,enterprise_ref_671998,合成运营主体_671998,store_ref_774663,I市,I市禾里西餐店,worker_ref_928869,worker_003142,男,44.0,未知,是,4,3,1,2026-05-04,2026-05-07,False,,False,0,0
西餐,2,5,I市禾里西餐店,enterprise_ref_671998,合成运营主体_671998,store_ref_774663,I市,I市禾里西餐店,worker_ref_486394,worker_594976,女,21.0,未知,是,2,2,0,2026-05-04,2026-05-05,False,,False,0,0
西餐,2,5,I市禾里西餐店,enterprise_ref_671998,合成运营主体_671998,store_ref_774663,I市,I市禾里西餐店,worker_ref_887089,worker_867375,女,18.0,未知,是,2,1,1,2026-05-04,2026-05-05,False,,False,0,0
西餐,2,5,I市禾里西餐店,enterprise_ref_671998,合成运营主体_671998,store_ref_774663,I市,I市禾里西餐店,worker_ref_946866,worker_349683,女,18.0,未知,是,2,2,0,2026-05-04,2026-05-05,False,,False,0,0
西餐,2,5,I市禾里西餐店,enterprise_ref_671998,合成运营主体_671998,store_ref_774663,I市,I市禾里西餐店,worker_ref_470163,worker_803143,男,29.0,未知,是,4,3,1,2026-05-07,2026-05-10,False,,False,0,0
西餐,2,5,I市禾里西餐店,enterprise_ref_671998,合成运营主体_671998,store_ref_774663,I市,I市禾里西餐店,worker_ref_214443,worker_930444,女,33.0,未知,是,3,2,1,2026-05-11,2026-05-13,False,,False,0,0
西餐,2,5,I市禾里西餐店,enterprise_ref_671998,合成运营主体_671998,store_ref_774663,I市,I市禾里西餐店,worker_ref_056758,worker_476958,男,30.0,未知,是,3,3,0,2026-05-07,2026-05-09,False,,False,0,0
西餐,2,5,I市禾里西餐店,enterprise_ref_671998,合成运营主体_671998,store_ref_774663,I市,I市禾里西餐店,worker_ref_377056,worker_976976,男,18.0,未知,是,4,0,4,2026-05-07,2026-05-10,False,,False,0,0
西餐,2,5,I市禾里西餐店,enterprise_ref_671998,合成运营主体_671998,store_ref_774663,I市,I市禾里西餐店,worker_ref_624931,worker_798330,女,37.0,未知,是,3,0,3,2026-05-08,2026-05-10,False,,False,0,0
西餐,2,5,I市禾里西餐店,enterprise_ref_671998,合成运营主体_671998,store_ref_774663,I市,I市禾里西餐店,worker_ref_273709,worker_460726,女,21.0,未知,是,3,2,1,2026-05-11,2026-05-13,False,,False,0,0
西餐,2,5,I市禾里西餐店,enterprise_ref_671998,合成运营主体_671998,store_ref_774663,I市,I市禾里西餐店,worker_ref_235876,worker_985075,男,30.0,未知,是,4,3,1,2026-05-10,2026-05-13,False,,False,0,0
西餐,2,5,I市禾里西餐店,enterprise_ref_671998,合成运营主体_671998,store_ref_774663,I市,I市禾里西餐店,worker_ref_090291,worker_755578,男,19.0,未知,是,4,3,1,2026-05-12,2026-05-15,False,,False,0,0
西餐,2,5,I市禾里西餐店,enterprise_ref_671998,合成运营主体_671998,store_ref_774663,I市,I市禾里西餐店,worker_ref_414925,worker_214497,女,23.0,未知,是,3,2,1,2026-05-09,2026-05-11,False,,False,0,0
西餐,2,5,I市禾里西餐店,enterprise_ref_671998,合成运营主体_671998,store_ref_774663,I市,I市禾里西餐店,worker_ref_789580,worker_945887,男,20.0,未知,是,2,1,1,2026-05-11,2026-05-13,False,,False,0,0
西餐,2,5,I市禾里西餐店,enterprise_ref_671998,合成运营主体_671998,store_ref_774663,I市,I市禾里西餐店,worker_ref_001782,worker_044054,男,31.0,未知,是,3,1,2,2026-05-13,2026-05-15,False,,False,0,0
西餐,2,5,I市禾里西餐店,enterprise_ref_671998,合成运营主体_671998,store_ref_774663,I市,I市禾里西餐店,worker_ref_572406,worker_870163,男,22.0,未知,是,4,3,1,2026-05-11,2026-05-15,False,,False,0,0
西餐,2,5,I市禾里西餐店,enterprise_ref_671998,合成运营主体_671998,store_ref_774663,I市,I市禾里西餐店,worker_ref_454141,worker_472862,女,18.0,未知,是,3,3,0,2026-05-12,2026-05-14,False,,False,0,0
西餐,2,5,I市禾里西餐店,enterprise_ref_671998,合成运营主体_671998,store_ref_774663,I市,I市禾里西餐店,worker_ref_161710,worker_882163,女,26.0,未知,是,3,1,2,2026-05-15,2026-05-18,False,,False,0,0
西餐,2,5,I市禾里西餐店,enterprise_ref_671998,合成运营主体_671998,store_ref_774663,I市,I市禾里西餐店,worker_ref_302806,worker_318983,女,32.0,未知,是,1,1,0,2026-05-13,2026-05-13,False,,False,0,0
西餐,2,5,I市禾里西餐店,enterprise_ref_671998,合成运营主体_671998,store_ref_774663,I市,I市禾里西餐店,worker_ref_148179,worker_469709,女,21.0,未知,是,3,2,1,2026-05-12,2026-05-14,False,,False,0,0
西餐,2,5,I市禾里西餐店,enterprise_ref_671998,合成运营主体_671998,store_ref_774663,I市,I市禾里西餐店,worker_ref_985863,worker_648187,女,48.0,未知,是,3,0,3,2026-05-13,2026-05-15,False,,False,0,0
西餐,2,5,I市禾里西餐店,enterprise_ref_671998,合成运营主体_671998,store_ref_774663,I市,I市禾里西餐店,worker_ref_882814,worker_522518,女,23.0,大专,是,3,2,1,2026-05-21,2026-05-23,False,,False,0,0
西餐,2,5,I市禾里西餐店,enterprise_ref_671998,合成运营主体_671998,store_ref_774663,I市,I市禾里西餐店,worker_ref_476233,worker_125979,男,19.0,未知,是,2,1,1,2026-05-13,2026-05-14,False,,False,0,0
西餐,2,5,I市禾里西餐店,enterprise_ref_671998,合成运营主体_671998,store_ref_774663,I市,I市禾里西餐店,worker_ref_513056,worker_326166,男,38.0,未知,是,4,3,1,2026-05-13,2026-05-16,False,,False,0,0
西餐,2,5,I市禾里西餐店,enterprise_ref_671998,合成运营主体_671998,store_ref_774663,I市,I市禾里西餐店,worker_ref_712712,worker_569912,女,20.0,未知,是,3,2,1,2026-05-13,2026-05-15,False,,False,0,0
西餐,2,5,I市禾里西餐店,enterprise_ref_671998,合成运营主体_671998,store_ref_774663,I市,I市禾里西餐店,worker_ref_244432,worker_749916,男,18.0,未知,是,3,2,1,2026-05-20,2026-05-22,False,,False,0,0
西餐,2,5,I市禾里西餐店,enterprise_ref_671998,合成运营主体_671998,store_ref_774663,I市,I市禾里西餐店,worker_ref_255006,worker_940030,女,18.0,未知,是,3,2,1,2026-05-14,2026-05-16,False,,False,0,0
西餐,2,5,I市禾里西餐店,enterprise_ref_671998,合成运营主体_671998,store_ref_774663,I市,I市禾里西餐店,worker_ref_531408,worker_882215,男,25.0,未知,是,3,2,1,2026-05-15,2026-05-17,False,,False,0,0
西餐,2,5,I市禾里西餐店,enterprise_ref_671998,合成运营主体_671998,store_ref_774663,I市,I市禾里西餐店,worker_ref_711177,worker_866360,男,18.0,未知,是,4,3,1,2026-05-15,2026-05-18,False,,False,0,0
西餐,2,5,I市禾里西餐店,enterprise_ref_671998,合成运营主体_671998,store_ref_774663,I市,I市禾里西餐店,worker_ref_569373,worker_969037,女,18.0,未知,是,2,1,1,2026-05-23,2026-05-24,False,,False,0,0
西餐,2,5,I市禾里西餐店,enterprise_ref_671998,合成运营主体_671998,store_ref_774663,I市,I市禾里西餐店,worker_ref_893419,worker_439507,女,34.0,未知,是,3,2,1,2026-05-17,2026-05-19,False,,False,0,0
西餐,2,5,I市禾里西餐店,enterprise_ref_671998,合成运营主体_671998,store_ref_774663,I市,I市禾里西餐店,worker_ref_481188,worker_532783,女,27.0,未知,是,2,0,2,2026-05-17,2026-05-18,False,,False,0,0
西餐,2,5,I市禾里西餐店,enterprise_ref_671998,合成运营主体_671998,store_ref_774663,I市,I市禾里西餐店,worker_ref_226461,worker_108604,男,21.0,未知,是,3,2,1,2026-05-17,2026-05-19,False,,False,0,0
西餐,2,5,I市禾里西餐店,enterprise_ref_671998,合成运营主体_671998,store_ref_774663,I市,I市禾里西餐店,worker_ref_568868,worker_055703,男,19.0,未知,是,4,2,2,2026-05-16,2026-05-19,False,,False,0,0
西餐,2,5,I市禾里西餐店,enterprise_ref_671998,合成运营主体_671998,store_ref_774663,I市,I市禾里西餐店,worker_ref_947231,worker_309950,男,19.0,未知,是,1,1,0,2026-05-23,2026-05-23,False,,False,0,0
西餐,2,5,I市禾里西餐店,enterprise_ref_671998,合成运营主体_671998,store_ref_774663,I市,I市禾里西餐店,worker_ref_990314,worker_524972,女,18.0,未知,是,3,2,1,2026-05-20,2026-05-22,False,,False,0,0
西餐,2,5,I市禾里西餐店,enterprise_ref_671998,合成运营主体_671998,store_ref_774663,I市,I市禾里西餐店,worker_ref_984629,worker_823915,女,23.0,未知,是,2,1,1,2026-05-17,2026-05-18,False,,False,0,0
西餐,2,5,I市禾里西餐店,enterprise_ref_671998,合成运营主体_671998,store_ref_774663,I市,I市禾里西餐店,worker_ref_688493,worker_372031,女,18.0,未知,是,2,1,1,2026-05-26,2026-05-27,False,,False,0,0
西餐,2,5,I市禾里西餐店,enterprise_ref_671998,合成运营主体_671998,store_ref_774663,I市,I市禾里西餐店,worker_ref_317455,worker_978142,男,21.0,未知,是,3,3,0,2026-05-19,2026-05-21,False,,False,0,0
西餐,2,5,I市禾里西餐店,enterprise_ref_671998,合成运营主体_671998,store_ref_774663,I市,I市禾里西餐店,worker_ref_774775,worker_379683,男,18.0,未知,是,6,2,4,2026-05-21,2026-05-26,False,,False,0,0
西餐,2,5,I市禾里西餐店,enterprise_ref_671998,合成运营主体_671998,store_ref_774663,I市,I市禾里西餐店,worker_ref_398812,worker_518848,男,23.0,未知,是,3,2,1,2026-05-21,2026-05-23,False,,False,0,0
西餐,2,5,I市禾里西餐店,enterprise_ref_671998,合成运营主体_671998,store_ref_774663,I市,I市禾里西餐店,worker_ref_644581,worker_111307,男,18.0,未知,是,11,10,1,2026-05-18,2026-05-31,False,,False,0,0
西餐,2,5,I市禾里西餐店,enterprise_ref_671998,合成运营主体_671998,store_ref_774663,I市,I市禾里西餐店,worker_ref_769273,worker_844856,男,18.0,未知,是,3,2,1,2026-05-21,2026-05-23,False,,False,0,0
西餐,2,5,I市禾里西餐店,enterprise_ref_671998,合成运营主体_671998,store_ref_774663,I市,I市禾里西餐店,worker_ref_005865,worker_734864,女,21.0,未知,是,3,2,1,2026-05-24,2026-05-26,False,,False,0,0
西餐,2,5,I市禾里西餐店,enterprise_ref_671998,合成运营主体_671998,store_ref_774663,I市,I市禾里西餐店,worker_ref_106885,worker_959026,男,18.0,未知,是,2,1,1,2026-05-20,2026-05-21,False,,False,0,0
西餐,2,5,I市禾里西餐店,enterprise_ref_671998,合成运营主体_671998,store_ref_774663,I市,I市禾里西餐店,worker_ref_605089,worker_616781,男,21.0,未知,是,4,2,2,2026-05-28,2026-05-31,False,,False,0,0
西餐,2,5,I市禾里西餐店,enterprise_ref_671998,合成运营主体_671998,store_ref_774663,I市,I市禾里西餐店,worker_ref_612332,worker_534833,女,27.0,未知,是,2,1,1,2026-05-20,2026-05-21,False,,False,0,0
西餐,2,5,I市禾里西餐店,enterprise_ref_671998,合成运营主体_671998,store_ref_774663,I市,I市禾里西餐店,worker_ref_957475,worker_267864,男,18.0,未知,是,4,3,1,2026-05-20,2026-05-23,False,,False,0,0
西餐,2,5,I市禾里西餐店,enterprise_ref_671998,合成运营主体_671998,store_ref_774663,I市,I市禾里西餐店,worker_ref_066716,worker_703730,男,18.0,未知,是,4,3,1,2026-05-20,2026-05-23,False,,False,0,0
西餐,2,5,I市禾里西餐店,enterprise_ref_671998,合成运营主体_671998,store_ref_774663,I市,I市禾里西餐店,worker_ref_555831,worker_050823,女,21.0,未知,是,3,2,1,2026-05-20,2026-05-22,False,,False,0,0
西餐,2,5,I市禾里西餐店,enterprise_ref_671998,合成运营主体_671998,store_ref_774663,I市,I市禾里西餐店,worker_ref_706775,worker_259432,男,19.0,未知,是,4,3,1,2026-05-20,2026-05-23,False,,False,0,0
西餐,2,5,I市禾里西餐店,enterprise_ref_671998,合成运营主体_671998,store_ref_774663,I市,I市禾里西餐店,worker_ref_602718,worker_980358,男,18.0,未知,是,4,3,1,2026-05-21,2026-05-24,False,,False,0,0
西餐,2,5,I市禾里西餐店,enterprise_ref_671998,合成运营主体_671998,store_ref_774663,I市,I市禾里西餐店,worker_ref_390655,worker_734951,女,18.0,未知,是,4,2,2,2026-05-21,2026-05-24,False,,False,0,0
西餐,2,5,I市禾里西餐店,enterprise_ref_671998,合成运营主体_671998,store_ref_774663,I市,I市禾里西餐店,worker_ref_184661,worker_837222,女,19.0,未知,是,3,2,1,2026-05-21,2026-05-24,False,,False,0,0
西餐,2,5,I市禾里西餐店,enterprise_ref_671998,合成运营主体_671998,store_ref_774663,I市,I市禾里西餐店,worker_ref_999510,worker_085471,女,47.0,中专/技校,是,2,1,1,2026-05-20,2026-05-21,False,,False,0,0
西餐,2,5,I市禾里西餐店,enterprise_ref_671998,合成运营主体_671998,store_ref_774663,I市,I市禾里西餐店,worker_ref_994618,worker_168996,女,22.0,未知,是,2,1,1,2026-05-25,2026-05-26,False,,False,0,0
西餐,2,5,I市禾里西餐店,enterprise_ref_671998,合成运营主体_671998,store_ref_774663,I市,I市禾里西餐店,worker_ref_330719,worker_391881,男,46.0,未知,是,4,3,1,2026-05-26,2026-05-30,False,,False,0,0
西餐,2,5,I市禾里西餐店,enterprise_ref_671998,合成运营主体_671998,store_ref_774663,I市,I市禾里西餐店,worker_ref_543981,worker_089590,女,51.0,未知,是,3,1,2,2026-05-24,2026-05-26,False,,False,0,0
西餐,2,5,I市禾里西餐店,enterprise_ref_671998,合成运营主体_671998,store_ref_774663,I市,I市禾里西餐店,worker_ref_814051,worker_382864,女,21.0,未知,是,9,7,2,2026-05-21,2026-05-31,False,,False,0,0
西餐,2,5,I市禾里西餐店,enterprise_ref_671998,合成运营主体_671998,store_ref_774663,I市,I市禾里西餐店,worker_ref_320967,worker_391779,男,18.0,未知,是,2,1,1,2026-05-26,2026-05-27,False,,False,0,0
西餐,2,5,I市禾里西餐店,enterprise_ref_671998,合成运营主体_671998,store_ref_774663,I市,I市禾里西餐店,worker_ref_287587,worker_363155,男,48.0,未知,是,3,0,3,2026-05-25,2026-05-27,False,,False,0,0
西餐,2,5,I市禾里西餐店,enterprise_ref_671998,合成运营主体_671998,store_ref_774663,I市,I市禾里西餐店,worker_ref_840346,worker_506834,男,18.0,未知,是,2,1,1,2026-05-22,2026-05-23,False,,False,0,0
西餐,2,5,I市禾里西餐店,enterprise_ref_671998,合成运营主体_671998,store_ref_774663,I市,I市禾里西餐店,worker_ref_615904,worker_647118,女,18.0,未知,是,3,2,1,2026-05-22,2026-05-24,False,,False,0,0
西餐,2,5,I市禾里西餐店,enterprise_ref_671998,合成运营主体_671998,store_ref_774663,I市,I市禾里西餐店,worker_ref_657990,worker_056215,男,26.0,未知,是,2,0,2,2026-05-22,2026-05-23,False,,False,0,0
西餐,2,5,I市禾里西餐店,enterprise_ref_671998,合成运营主体_671998,store_ref_774663,I市,I市禾里西餐店,worker_ref_524477,worker_698633,女,35.0,未知,是,3,2,1,2026-05-22,2026-05-25,False,,False,0,0
西餐,2,5,I市禾里西餐店,enterprise_ref_671998,合成运营主体_671998,store_ref_774663,I市,I市禾里西餐店,worker_ref_020495,worker_758712,女,18.0,未知,是,3,1,2,2026-05-28,2026-05-30,False,,False,0,0
西餐,2,5,I市禾里西餐店,enterprise_ref_671998,合成运营主体_671998,store_ref_774663,I市,I市禾里西餐店,worker_ref_084696,worker_015748,女,20.0,未知,是,3,1,2,2026-05-26,2026-05-29,False,,False,0,0
西餐,2,5,I市禾里西餐店,enterprise_ref_671998,合成运营主体_671998,store_ref_774663,I市,I市禾里西餐店,worker_ref_088211,worker_465739,男,18.0,未知,是,4,3,1,2026-05-23,2026-05-26,False,,False,0,0
西餐,2,5,I市禾里西餐店,enterprise_ref_671998,合成运营主体_671998,store_ref_774663,I市,I市禾里西餐店,worker_ref_752526,worker_852693,女,54.0,未知,是,1,0,1,2026-05-24,2026-05-24,False,,False,0,0
西餐,2,5,I市禾里西餐店,enterprise_ref_671998,合成运营主体_671998,store_ref_774663,I市,I市禾里西餐店,worker_ref_366601,worker_018032,男,18.0,未知,是,3,1,2,2026-05-25,2026-05-27,False,,False,0,0
西餐,2,5,I市禾里西餐店,enterprise_ref_671998,合成运营主体_671998,store_ref_774663,I市,I市禾里西餐店,worker_ref_065454,worker_110055,男,44.0,未知,是,2,1,1,2026-05-25,2026-05-26,False,,False,0,0
西餐,2,5,I市禾里西餐店,enterprise_ref_671998,合成运营主体_671998,store_ref_774663,I市,I市禾里西餐店,worker_ref_883934,worker_696962,男,18.0,未知,是,2,1,1,2026-05-25,2026-05-26,False,,False,0,0
西餐,2,5,I市禾里西餐店,enterprise_ref_671998,合成运营主体_671998,store_ref_774663,I市,I市禾里西餐店,worker_ref_483126,worker_402128,女,18.0,未知,是,2,1,1,2026-05-26,2026-05-27,False,,False,0,0
西餐,2,5,I市禾里西餐店,enterprise_ref_671998,合成运营主体_671998,store_ref_774663,I市,I市禾里西餐店,worker_ref_060487,worker_854378,女,18.0,未知,是,3,2,1,2026-05-26,2026-05-28,False,,False,0,0
西餐,2,5,I市禾里西餐店,enterprise_ref_671998,合成运营主体_671998,store_ref_774663,I市,I市禾里西餐店,worker_ref_584743,worker_453008,男,18.0,未知,是,3,2,1,2026-05-29,2026-05-31,False,,False,0,0
西餐,2,5,I市禾里西餐店,enterprise_ref_671998,合成运营主体_671998,store_ref_774663,I市,I市禾里西餐店,worker_ref_477953,worker_091447,男,19.0,未知,是,3,0,3,2026-05-27,2026-05-29,False,,False,0,0
西餐,2,5,I市禾里西餐店,enterprise_ref_671998,合成运营主体_671998,store_ref_774663,I市,I市禾里西餐店,worker_ref_888680,worker_470530,女,18.0,未知,是,1,0,1,2026-05-27,2026-05-27,False,,False,0,0
西餐,2,5,I市禾里西餐店,enterprise_ref_671998,合成运营主体_671998,store_ref_774663,I市,I市禾里西餐店,worker_ref_866403,worker_782187,男,53.0,未知,是,3,1,2,2026-05-29,2026-05-31,False,,False,0,0
西餐,2,5,I市禾里西餐店,enterprise_ref_671998,合成运营主体_671998,store_ref_774663,I市,I市禾里西餐店,worker_ref_957329,worker_092113,女,22.0,未知,是,3,1,2,2026-05-28,2026-05-30,False,,False,0,0
西餐,2,5,I市禾里西餐店,enterprise_ref_671998,合成运营主体_671998,store_ref_774663,I市,I市禾里西餐店,worker_ref_885370,worker_766572,男,18.0,未知,是,3,2,1,2026-05-29,2026-05-31,False,,False,0,0
西餐,2,5,I市禾里西餐店,enterprise_ref_671998,合成运营主体_671998,store_ref_774663,I市,I市禾里西餐店,worker_ref_913732,worker_404856,男,18.0,未知,是,2,1,1,2026-05-30,2026-05-31,False,,False,0,0
西餐,2,5,I市禾里西餐店,enterprise_ref_671998,合成运营主体_671998,store_ref_774663,I市,I市禾里西餐店,worker_ref_157018,worker_493851,男,20.0,未知,是,2,1,1,2026-05-29,2026-05-30,False,,False,0,0
西餐,2,5,I市禾里西餐店,enterprise_ref_671998,合成运营主体_671998,store_ref_774663,I市,I市禾里西餐店,worker_ref_843258,worker_101201,男,22.0,未知,是,3,2,1,2026-05-29,2026-05-31,False,,False,0,0
西餐,2,5,I市禾里西餐店,enterprise_ref_671998,合成运营主体_671998,store_ref_774663,I市,I市禾里西餐店,worker_ref_072333,worker_709842,女,18.0,未知,是,3,2,1,2026-05-29,2026-05-31,False,,False,0,0
西餐,2,5,I市禾里西餐店,enterprise_ref_671998,合成运营主体_671998,store_ref_774663,I市,I市禾里西餐店,worker_ref_495595,worker_223017,女,50.0,未知,是,2,1,1,2026-05-29,2026-05-30,False,,False,0,0
西餐,2,5,I市禾里西餐店,enterprise_ref_671998,合成运营主体_671998,store_ref_774663,I市,I市禾里西餐店,worker_ref_102663,worker_473859,男,26.0,本科,是,2,1,1,2026-05-30,2026-05-31,False,,False,0,0
西餐,2,5,I市禾里西餐店,enterprise_ref_671998,合成运营主体_671998,store_ref_774663,I市,I市禾里西餐店,worker_ref_579988,worker_146895,男,21.0,未知,是,2,1,1,2026-05-30,2026-05-31,False,,False,0,0
西餐,2,5,I市禾里西餐店,enterprise_ref_671998,合成运营主体_671998,store_ref_774663,I市,I市禾里西餐店,worker_ref_207163,worker_454206,男,21.0,未知,是,2,1,1,2026-05-30,2026-05-31,False,,False,0,0
西餐,2,5,I市禾里西餐店,enterprise_ref_671998,合成运营主体_671998,store_ref_774663,I市,I市禾里西餐店,worker_ref_162836,worker_446664,男,21.0,未知,是,2,0,2,2026-05-30,2026-05-31,False,,False,0,0
西餐,2,5,I市禾里西餐店,enterprise_ref_671998,合成运营主体_671998,store_ref_774663,I市,I市禾里西餐店,worker_ref_604546,worker_868052,女,18.0,未知,是,1,1,0,2026-05-30,2026-05-30,False,,False,0,0
西餐,2,5,I市禾里西餐店,enterprise_ref_671998,合成运营主体_671998,store_ref_774663,I市,I市禾里西餐店,worker_ref_923186,worker_691461,女,19.0,未知,是,2,1,1,2026-05-30,2026-05-31,False,,False,0,0
商超,3,1,W市兰亭商超门店,enterprise_ref_534022,合成运营主体_534022,store_ref_031747,W市,W市兰亭商超门店,worker_ref_504625,worker_111797,女,38.0,中专/技校,是,26,26,0,2026-05-01,2026-05-31,False,,False,0,0
商超,3,1,W市兰亭商超门店,enterprise_ref_534022,合成运营主体_534022,store_ref_031747,W市,W市兰亭商超门店,worker_ref_402052,worker_896215,女,56.0,高中,是,26,26,0,2026-05-05,2026-05-31,False,,False,0,0
商超,3,1,W市兰亭商超门店,enterprise_ref_534022,合成运营主体_534022,store_ref_031747,W市,W市兰亭商超门店,worker_ref_485912,worker_619275,女,48.0,初中及以下,是,26,26,0,2026-05-01,2026-05-30,False,,False,0,0
商超,3,1,W市兰亭商超门店,enterprise_ref_534022,合成运营主体_534022,store_ref_031747,W市,W市兰亭商超门店,worker_ref_758408,worker_654579,女,47.0,大专,否,26,26,0,2026-05-01,2026-05-31,False,,False,0,0
商超,3,1,W市兰亭商超门店,enterprise_ref_534022,合成运营主体_534022,store_ref_031747,W市,W市兰亭商超门店,worker_ref_627399,worker_818385,女,46.0,大专,是,4,4,0,2026-05-04,2026-05-14,False,,False,0,0
商超,3,2,J市嘉木商超门店,enterprise_ref_184656,合成运营主体_184656,store_ref_624828,J市,J市嘉木商超门店,worker_ref_172381,worker_236369,女,52.0,未知,否,25,25,0,2026-05-01,2026-05-30,False,,False,0,0
商超,3,2,J市嘉木商超门店,enterprise_ref_184656,合成运营主体_184656,store_ref_624828,J市,J市嘉木商超门店,worker_ref_503919,worker_430481,男,41.0,未知,否,25,25,0,2026-05-02,2026-05-31,False,,False,0,0
商超,3,2,J市嘉木商超门店,enterprise_ref_184656,合成运营主体_184656,store_ref_624828,J市,J市嘉木商超门店,worker_ref_814159,worker_004592,女,46.0,未知,否,24,24,0,2026-05-02,2026-05-30,False,,False,0,0
商超,3,2,J市嘉木商超门店,enterprise_ref_184656,合成运营主体_184656,store_ref_624828,J市,J市嘉木商超门店,worker_ref_227168,worker_189503,男,58.0,初中及以下,否,27,27,0,2026-05-01,2026-05-31,False,,False,0,0
商超,3,2,J市嘉木商超门店,enterprise_ref_184656,合成运营主体_184656,store_ref_624828,J市,J市嘉木商超门店,worker_ref_706314,worker_861659,男,57.0,未知,否,24,24,0,2026-05-02,2026-05-31,False,,False,0,0
商超,3,2,J市嘉木商超门店,enterprise_ref_184656,合成运营主体_184656,store_ref_624828,J市,J市嘉木商超门店,worker_ref_509778,worker_424426,女,53.0,未知,否,24,24,0,2026-05-05,2026-05-31,False,,False,0,0
商超,3,2,J市嘉木商超门店,enterprise_ref_184656,合成运营主体_184656,store_ref_624828,J市,J市嘉木商超门店,worker_ref_997940,worker_413338,女,46.0,未知,否,25,25,0,2026-05-01,2026-05-31,False,,False,0,0
商超,3,2,J市嘉木商超门店,enterprise_ref_184656,合成运营主体_184656,store_ref_624828,J市,J市嘉木商超门店,worker_ref_225740,worker_794279,男,43.0,未知,否,25,24,1,2026-05-01,2026-05-31,False,,False,0,0
商超,3,2,J市嘉木商超门店,enterprise_ref_184656,合成运营主体_184656,store_ref_624828,J市,J市嘉木商超门店,worker_ref_440539,worker_410723,男,55.0,未知,否,25,25,0,2026-05-01,2026-05-30,False,,False,0,0
商超,3,2,J市嘉木商超门店,enterprise_ref_184656,合成运营主体_184656,store_ref_624828,J市,J市嘉木商超门店,worker_ref_100282,worker_836336,女,49.0,未知,否,25,25,0,2026-05-01,2026-05-31,False,,False,0,0
商超,3,2,J市嘉木商超门店,enterprise_ref_184656,合成运营主体_184656,store_ref_624828,J市,J市嘉木商超门店,worker_ref_728270,worker_197736,女,54.0,未知,否,25,25,0,2026-05-01,2026-05-31,False,,False,0,0
商超,3,2,J市嘉木商超门店,enterprise_ref_184656,合成运营主体_184656,store_ref_624828,J市,J市嘉木商超门店,worker_ref_416972,worker_069904,女,54.0,未知,否,25,25,0,2026-05-01,2026-05-31,False,,False,0,0
商超,3,2,J市嘉木商超门店,enterprise_ref_184656,合成运营主体_184656,store_ref_624828,J市,J市嘉木商超门店,worker_ref_608894,worker_408422,女,54.0,未知,否,25,25,0,2026-05-01,2026-05-31,False,,False,0,0
商超,3,2,J市嘉木商超门店,enterprise_ref_184656,合成运营主体_184656,store_ref_624828,J市,J市嘉木商超门店,worker_ref_735923,worker_818486,女,42.0,未知,否,25,25,0,2026-05-01,2026-05-31,False,,False,0,0
商超,3,2,J市嘉木商超门店,enterprise_ref_184656,合成运营主体_184656,store_ref_624828,J市,J市嘉木商超门店,worker_ref_726067,worker_395495,男,43.0,未知,否,25,25,0,2026-05-01,2026-05-31,False,,False,0,0
商超,3,2,J市嘉木商超门店,enterprise_ref_184656,合成运营主体_184656,store_ref_624828,J市,J市嘉木商超门店,worker_ref_715125,worker_702998,男,53.0,未知,否,25,25,0,2026-05-01,2026-05-31,False,,False,0,0
商超,3,2,J市嘉木商超门店,enterprise_ref_184656,合成运营主体_184656,store_ref_624828,J市,J市嘉木商超门店,worker_ref_292519,worker_364409,女,53.0,未知,否,25,25,0,2026-05-01,2026-05-31,False,,False,0,0
商超,3,2,J市嘉木商超门店,enterprise_ref_184656,合成运营主体_184656,store_ref_624828,J市,J市嘉木商超门店,worker_ref_848859,worker_307300,女,42.0,未知,否,24,24,0,2026-05-01,2026-05-31,False,,False,0,0
商超,3,2,J市嘉木商超门店,enterprise_ref_184656,合成运营主体_184656,store_ref_624828,J市,J市嘉木商超门店,worker_ref_136872,worker_180447,女,54.0,初中及以下,否,26,26,0,2026-05-01,2026-05-31,False,,False,0,0
商超,3,2,J市嘉木商超门店,enterprise_ref_184656,合成运营主体_184656,store_ref_624828,J市,J市嘉木商超门店,worker_ref_182762,worker_293296,男,42.0,未知,是,26,26,0,2026-05-03,2026-05-31,False,,False,0,0
商超,3,2,J市嘉木商超门店,enterprise_ref_184656,合成运营主体_184656,store_ref_624828,J市,J市嘉木商超门店,worker_ref_270096,worker_638904,女,53.0,高中,否,23,23,0,2026-05-04,2026-05-31,False,,False,0,0
商超,3,2,J市嘉木商超门店,enterprise_ref_184656,合成运营主体_184656,store_ref_624828,J市,J市嘉木商超门店,worker_ref_489130,worker_804833,女,42.0,大专,否,26,26,0,2026-05-01,2026-05-31,False,,False,0,0
商超,3,2,J市嘉木商超门店,enterprise_ref_184656,合成运营主体_184656,store_ref_624828,J市,J市嘉木商超门店,worker_ref_495128,worker_230408,女,48.0,未知,否,25,25,0,2026-05-01,2026-05-31,False,,False,0,0
商超,3,2,J市嘉木商超门店,enterprise_ref_184656,合成运营主体_184656,store_ref_624828,J市,J市嘉木商超门店,worker_ref_874872,worker_636063,女,38.0,未知,否,26,26,0,2026-05-02,2026-05-31,False,,False,0,0
商超,3,2,J市嘉木商超门店,enterprise_ref_184656,合成运营主体_184656,store_ref_624828,J市,J市嘉木商超门店,worker_ref_465493,worker_186775,女,44.0,未知,否,26,26,0,2026-05-01,2026-05-30,False,,False,0,0
商超,3,2,J市嘉木商超门店,enterprise_ref_184656,合成运营主体_184656,store_ref_624828,J市,J市嘉木商超门店,worker_ref_473130,worker_105297,女,50.0,高中,否,25,25,0,2026-05-01,2026-05-31,False,,False,0,0
商超,3,2,J市嘉木商超门店,enterprise_ref_184656,合成运营主体_184656,store_ref_624828,J市,J市嘉木商超门店,worker_ref_091151,worker_319695,女,51.0,未知,否,25,25,0,2026-05-01,2026-05-31,False,,False,0,0
商超,3,2,J市嘉木商超门店,enterprise_ref_184656,合成运营主体_184656,store_ref_624828,J市,J市嘉木商超门店,worker_ref_402151,worker_132160,女,52.0,未知,是,15,15,0,2026-05-02,2026-05-30,False,,False,0,0
商超,3,2,J市嘉木商超门店,enterprise_ref_184656,合成运营主体_184656,store_ref_624828,J市,J市嘉木商超门店,worker_ref_576968,worker_558882,女,51.0,未知,否,25,25,0,2026-05-01,2026-05-31,False,,False,0,0
商超,3,2,J市嘉木商超门店,enterprise_ref_184656,合成运营主体_184656,store_ref_624828,J市,J市嘉木商超门店,worker_ref_764916,worker_036789,女,52.0,未知,否,22,22,0,2026-05-07,2026-05-31,False,,False,0,0
商超,3,2,J市嘉木商超门店,enterprise_ref_184656,合成运营主体_184656,store_ref_624828,J市,J市嘉木商超门店,worker_ref_241432,worker_653774,女,51.0,未知,否,22,22,0,2026-05-01,2026-05-30,False,,False,0,0
商超,3,2,J市嘉木商超门店,enterprise_ref_184656,合成运营主体_184656,store_ref_624828,J市,J市嘉木商超门店,worker_ref_747279,worker_522573,女,53.0,未知,否,23,23,0,2026-05-04,2026-05-31,False,,False,0,0
商超,3,2,J市嘉木商超门店,enterprise_ref_184656,合成运营主体_184656,store_ref_624828,J市,J市嘉木商超门店,worker_ref_531272,worker_486398,男,51.0,未知,否,24,24,0,2026-05-02,2026-05-31,False,,False,0,0
商超,3,2,J市嘉木商超门店,enterprise_ref_184656,合成运营主体_184656,store_ref_624828,J市,J市嘉木商超门店,worker_ref_511466,worker_098466,女,50.0,未知,是,25,24,1,2026-05-04,2026-05-31,False,,False,0,0
商超,3,2,J市嘉木商超门店,enterprise_ref_184656,合成运营主体_184656,store_ref_624828,J市,J市嘉木商超门店,worker_ref_239058,worker_171986,女,40.0,未知,否,25,25,0,2026-05-01,2026-05-31,False,,False,0,0
商超,3,2,J市嘉木商超门店,enterprise_ref_184656,合成运营主体_184656,store_ref_624828,J市,J市嘉木商超门店,worker_ref_832314,worker_137076,女,21.0,高中,是,1,0,1,2026-05-11,2026-05-11,False,,False,0,0
商超,3,2,J市嘉木商超门店,enterprise_ref_184656,合成运营主体_184656,store_ref_624828,J市,J市嘉木商超门店,worker_ref_346469,worker_861644,女,51.0,未知,否,25,25,0,2026-05-01,2026-05-31,False,,False,0,0
商超,3,2,J市嘉木商超门店,enterprise_ref_184656,合成运营主体_184656,store_ref_624828,J市,J市嘉木商超门店,worker_ref_662229,worker_438030,女,51.0,大专,否,26,26,0,2026-05-03,2026-05-31,False,,False,0,0
商超,3,2,J市嘉木商超门店,enterprise_ref_184656,合成运营主体_184656,store_ref_624828,J市,J市嘉木商超门店,worker_ref_375193,worker_988230,男,41.0,未知,否,25,25,0,2026-05-01,2026-05-30,False,,False,0,0
商超,3,2,J市嘉木商超门店,enterprise_ref_184656,合成运营主体_184656,store_ref_624828,J市,J市嘉木商超门店,worker_ref_607007,worker_677282,女,51.0,高中,否,25,25,0,2026-05-02,2026-05-31,False,,False,0,0
商超,3,2,J市嘉木商超门店,enterprise_ref_184656,合成运营主体_184656,store_ref_624828,J市,J市嘉木商超门店,worker_ref_411168,worker_194633,女,51.0,未知,否,25,25,0,2026-05-01,2026-05-31,False,,False,0,0
商超,3,2,J市嘉木商超门店,enterprise_ref_184656,合成运营主体_184656,store_ref_624828,J市,J市嘉木商超门店,worker_ref_399025,worker_029664,女,51.0,未知,否,26,26,0,2026-05-01,2026-05-31,False,,False,0,0
商超,3,2,J市嘉木商超门店,enterprise_ref_184656,合成运营主体_184656,store_ref_624828,J市,J市嘉木商超门店,worker_ref_024099,worker_951362,男,48.0,高中,否,24,23,1,2026-05-01,2026-05-31,False,,False,0,0
商超,3,2,J市嘉木商超门店,enterprise_ref_184656,合成运营主体_184656,store_ref_624828,J市,J市嘉木商超门店,worker_ref_315887,worker_384088,女,44.0,中专/技校,是,26,26,0,2026-05-01,2026-05-31,False,,False,0,0
商超,3,2,J市嘉木商超门店,enterprise_ref_184656,合成运营主体_184656,store_ref_624828,J市,J市嘉木商超门店,worker_ref_821294,worker_999882,女,41.0,大专,否,27,27,0,2026-05-01,2026-05-31,False,,False,0,0
商超,3,2,J市嘉木商超门店,enterprise_ref_184656,合成运营主体_184656,store_ref_624828,J市,J市嘉木商超门店,worker_ref_447566,worker_658266,男,43.0,高中,否,16,16,0,2026-05-01,2026-05-30,False,,False,0,0
商超,3,2,J市嘉木商超门店,enterprise_ref_184656,合成运营主体_184656,store_ref_624828,J市,J市嘉木商超门店,worker_ref_245191,worker_680647,男,53.0,高中,是,26,26,0,2026-05-01,2026-05-31,False,,False,0,0
商超,3,2,J市嘉木商超门店,enterprise_ref_184656,合成运营主体_184656,store_ref_624828,J市,J市嘉木商超门店,worker_ref_916549,worker_218842,女,51.0,高中,否,24,24,0,2026-05-01,2026-05-30,False,,False,0,0
商超,3,2,J市嘉木商超门店,enterprise_ref_184656,合成运营主体_184656,store_ref_624828,J市,J市嘉木商超门店,worker_ref_095821,worker_115387,女,43.0,高中,是,24,24,0,2026-05-05,2026-05-31,False,,False,0,0
商超,3,2,J市嘉木商超门店,enterprise_ref_184656,合成运营主体_184656,store_ref_624828,J市,J市嘉木商超门店,worker_ref_758055,worker_242616,女,51.0,初中及以下,否,26,26,0,2026-05-01,2026-05-31,False,,False,0,0
商超,3,2,J市嘉木商超门店,enterprise_ref_184656,合成运营主体_184656,store_ref_624828,J市,J市嘉木商超门店,worker_ref_061590,worker_154794,女,50.0,高中,否,24,24,0,2026-05-01,2026-05-31,False,,False,0,0
商超,3,2,J市嘉木商超门店,enterprise_ref_184656,合成运营主体_184656,store_ref_624828,J市,J市嘉木商超门店,worker_ref_053378,worker_521206,女,35.0,初中及以下,否,19,19,0,2026-05-01,2026-05-23,False,,False,0,0
商超,3,2,J市嘉木商超门店,enterprise_ref_184656,合成运营主体_184656,store_ref_624828,J市,J市嘉木商超门店,worker_ref_734761,worker_343217,女,35.0,本科,是,27,27,0,2026-05-01,2026-05-31,False,,False,0,0
商超,3,2,J市嘉木商超门店,enterprise_ref_184656,合成运营主体_184656,store_ref_624828,J市,J市嘉木商超门店,worker_ref_707961,worker_451607,女,29.0,大专,是,25,25,0,2026-05-02,2026-05-31,False,,False,0,0
商超,3,2,J市嘉木商超门店,enterprise_ref_184656,合成运营主体_184656,store_ref_624828,J市,J市嘉木商超门店,worker_ref_540769,worker_816809,女,50.0,高中,否,25,25,0,2026-05-03,2026-05-31,False,,False,0,0
商超,3,2,J市嘉木商超门店,enterprise_ref_184656,合成运营主体_184656,store_ref_624828,J市,J市嘉木商超门店,worker_ref_929228,worker_568081,女,42.0,大专,否,25,25,0,2026-05-01,2026-05-31,False,,False,0,0
商超,3,2,J市嘉木商超门店,enterprise_ref_184656,合成运营主体_184656,store_ref_624828,J市,J市嘉木商超门店,worker_ref_212685,worker_745670,女,46.0,中专/技校,否,26,26,0,2026-05-02,2026-05-31,False,,False,0,0
商超,3,2,J市嘉木商超门店,enterprise_ref_184656,合成运营主体_184656,store_ref_624828,J市,J市嘉木商超门店,worker_ref_203399,worker_948044,女,26.0,中专/技校,否,27,27,0,2026-05-01,2026-05-31,False,,False,0,0
商超,3,2,J市嘉木商超门店,enterprise_ref_184656,合成运营主体_184656,store_ref_624828,J市,J市嘉木商超门店,worker_ref_067667,worker_508270,男,36.0,高中,否,26,26,0,2026-05-01,2026-05-31,False,,False,0,0
商超,3,2,J市嘉木商超门店,enterprise_ref_184656,合成运营主体_184656,store_ref_624828,J市,J市嘉木商超门店,worker_ref_986568,worker_751820,女,53.0,初中及以下,否,27,27,0,2026-05-01,2026-05-31,False,,False,0,0
商超,3,2,J市嘉木商超门店,enterprise_ref_184656,合成运营主体_184656,store_ref_624828,J市,J市嘉木商超门店,worker_ref_790607,worker_890289,男,55.0,中专/技校,否,21,21,0,2026-05-01,2026-05-31,False,,False,0,0
商超,3,2,J市嘉木商超门店,enterprise_ref_184656,合成运营主体_184656,store_ref_624828,J市,J市嘉木商超门店,worker_ref_788779,worker_635928,女,29.0,大专,否,27,27,0,2026-05-01,2026-05-31,False,,False,0,0
商超,3,2,J市嘉木商超门店,enterprise_ref_184656,合成运营主体_184656,store_ref_624828,J市,J市嘉木商超门店,worker_ref_927703,worker_984864,男,46.0,本科,否,25,25,0,2026-05-01,2026-05-31,False,,False,0,0
商超,3,2,J市嘉木商超门店,enterprise_ref_184656,合成运营主体_184656,store_ref_624828,J市,J市嘉木商超门店,worker_ref_337469,worker_028795,女,39.0,初中及以下,否,25,25,0,2026-05-01,2026-05-30,False,,False,0,0
商超,3,2,J市嘉木商超门店,enterprise_ref_184656,合成运营主体_184656,store_ref_624828,J市,J市嘉木商超门店,worker_ref_855057,worker_272121,男,52.0,初中及以下,是,25,25,0,2026-05-01,2026-05-31,False,,False,0,0
商超,3,2,J市嘉木商超门店,enterprise_ref_184656,合成运营主体_184656,store_ref_624828,J市,J市嘉木商超门店,worker_ref_563918,worker_505817,女,49.0,中专/技校,否,25,25,0,2026-05-03,2026-05-31,False,,False,0,0
商超,3,2,J市嘉木商超门店,enterprise_ref_184656,合成运营主体_184656,store_ref_624828,J市,J市嘉木商超门店,worker_ref_051856,worker_797180,女,18.0,大专,是,2,0,2,2026-05-27,2026-05-28,False,,False,0,0
商超,3,2,J市嘉木商超门店,enterprise_ref_184656,合成运营主体_184656,store_ref_624828,J市,J市嘉木商超门店,worker_ref_162980,worker_637203,女,49.0,中专/技校,否,25,25,0,2026-05-03,2026-05-31,False,,False,0,0
商超,3,2,J市嘉木商超门店,enterprise_ref_184656,合成运营主体_184656,store_ref_624828,J市,J市嘉木商超门店,worker_ref_797119,worker_429674,女,53.0,初中及以下,否,21,21,0,2026-05-06,2026-05-31,False,,False,0,0
商超,3,2,J市嘉木商超门店,enterprise_ref_184656,合成运营主体_184656,store_ref_624828,J市,J市嘉木商超门店,worker_ref_735807,worker_915508,男,53.0,高中,是,15,15,0,2026-05-13,2026-05-29,False,,False,0,0
商超,3,2,J市嘉木商超门店,enterprise_ref_184656,合成运营主体_184656,store_ref_624828,J市,J市嘉木商超门店,worker_ref_873912,worker_919485,女,44.0,中专/技校,是,10,10,0,2026-05-20,2026-05-31,False,,False,0,0
商超,3,2,J市嘉木商超门店,enterprise_ref_184656,合成运营主体_184656,store_ref_624828,J市,J市嘉木商超门店,worker_ref_519106,worker_258915,女,21.0,中专/技校,否,5,5,0,2026-05-19,2026-05-24,False,,False,0,0
商超,3,2,J市嘉木商超门店,enterprise_ref_184656,合成运营主体_184656,store_ref_624828,J市,J市嘉木商超门店,worker_ref_065626,worker_097517,女,51.0,大专,是,13,12,1,2026-05-19,2026-05-31,False,,False,0,0
商超,3,2,J市嘉木商超门店,enterprise_ref_184656,合成运营主体_184656,store_ref_624828,J市,J市嘉木商超门店,worker_ref_460600,worker_682683,男,30.0,大专,否,12,11,1,2026-05-19,2026-05-31,False,,False,0,0
商超,3,2,J市嘉木商超门店,enterprise_ref_184656,合成运营主体_184656,store_ref_624828,J市,J市嘉木商超门店,worker_ref_201699,worker_757977,女,51.0,大专,否,8,8,0,2026-05-23,2026-05-31,False,,False,0,0
商超,3,2,J市嘉木商超门店,enterprise_ref_184656,合成运营主体_184656,store_ref_624828,J市,J市嘉木商超门店,worker_ref_369879,worker_434305,女,38.0,大专,否,8,8,0,2026-05-24,2026-05-31,False,,False,0,0
商超,3,2,J市嘉木商超门店,enterprise_ref_184656,合成运营主体_184656,store_ref_624828,J市,J市嘉木商超门店,worker_ref_170772,worker_111943,男,47.0,中专/技校,否,1,1,0,2026-05-31,2026-05-31,False,,False,0,0
商超,3,3,X市远岚商超门店,enterprise_ref_184656,合成运营主体_184656,store_ref_260139,X市,X市远岚商超门店,worker_ref_178138,worker_323394,男,22.0,大专,是,16,16,0,2026-05-01,2026-05-19,False,,False,0,0
商超,3,3,X市远岚商超门店,enterprise_ref_184656,合成运营主体_184656,store_ref_260139,X市,X市远岚商超门店,worker_ref_984908,worker_362396,男,49.0,未知,否,24,24,0,2026-05-01,2026-05-30,False,,False,0,0
商超,3,3,X市远岚商超门店,enterprise_ref_184656,合成运营主体_184656,store_ref_260139,X市,X市远岚商超门店,worker_ref_884336,worker_339590,女,42.0,中专/技校,否,27,27,0,2026-05-01,2026-05-31,False,,False,0,0
商超,3,3,X市远岚商超门店,enterprise_ref_184656,合成运营主体_184656,store_ref_260139,X市,X市远岚商超门店,worker_ref_836838,worker_038200,女,51.0,初中及以下,否,27,27,0,2026-05-01,2026-05-31,False,,False,0,0
商超,3,3,X市远岚商超门店,enterprise_ref_184656,合成运营主体_184656,store_ref_260139,X市,X市远岚商超门店,worker_ref_574792,worker_617422,男,57.0,初中及以下,是,31,31,0,2026-05-01,2026-05-31,False,,False,0,0
商超,3,3,X市远岚商超门店,enterprise_ref_184656,合成运营主体_184656,store_ref_260139,X市,X市远岚商超门店,worker_ref_716674,worker_237714,男,21.0,大专,是,26,25,1,2026-05-01,2026-05-31,False,,False,0,0
商超,3,3,X市远岚商超门店,enterprise_ref_184656,合成运营主体_184656,store_ref_260139,X市,X市远岚商超门店,worker_ref_803019,worker_195894,女,47.0,未知,否,27,27,0,2026-05-01,2026-05-31,False,,False,0,0
商超,3,3,X市远岚商超门店,enterprise_ref_184656,合成运营主体_184656,store_ref_260139,X市,X市远岚商超门店,worker_ref_161653,worker_273764,女,41.0,高中,是,25,25,0,2026-05-01,2026-05-31,False,,False,0,0
商超,3,3,X市远岚商超门店,enterprise_ref_184656,合成运营主体_184656,store_ref_260139,X市,X市远岚商超门店,worker_ref_537546,worker_172086,女,46.0,未知,否,27,26,1,2026-05-02,2026-05-31,False,,False,0,0
商超,3,3,X市远岚商超门店,enterprise_ref_184656,合成运营主体_184656,store_ref_260139,X市,X市远岚商超门店,worker_ref_958389,worker_648593,女,54.0,未知,否,25,25,0,2026-05-04,2026-05-31,False,,False,0,0
商超,3,3,X市远岚商超门店,enterprise_ref_184656,合成运营主体_184656,store_ref_260139,X市,X市远岚商超门店,worker_ref_790390,worker_883190,女,38.0,未知,是,27,27,0,2026-05-01,2026-05-31,False,,False,0,0
商超,3,3,X市远岚商超门店,enterprise_ref_184656,合成运营主体_184656,store_ref_260139,X市,X市远岚商超门店,worker_ref_850918,worker_685092,女,34.0,未知,否,26,26,0,2026-05-01,2026-05-31,False,,False,0,0
商超,3,3,X市远岚商超门店,enterprise_ref_184656,合成运营主体_184656,store_ref_260139,X市,X市远岚商超门店,worker_ref_989627,worker_055914,女,46.0,中专/技校,否,30,29,1,2026-05-02,2026-05-31,False,,False,0,0
商超,3,3,X市远岚商超门店,enterprise_ref_184656,合成运营主体_184656,store_ref_260139,X市,X市远岚商超门店,worker_ref_239758,worker_402619,女,53.0,未知,否,28,28,0,2026-05-01,2026-05-31,False,,False,0,0
商超,3,3,X市远岚商超门店,enterprise_ref_184656,合成运营主体_184656,store_ref_260139,X市,X市远岚商超门店,worker_ref_737971,worker_397789,女,52.0,初中及以下,否,27,27,0,2026-05-01,2026-05-31,False,,False,0,0
商超,3,3,X市远岚商超门店,enterprise_ref_184656,合成运营主体_184656,store_ref_260139,X市,X市远岚商超门店,worker_ref_764111,worker_361910,女,36.0,中专/技校,否,30,30,0,2026-05-01,2026-05-31,False,,False,0,0
商超,3,3,X市远岚商超门店,enterprise_ref_184656,合成运营主体_184656,store_ref_260139,X市,X市远岚商超门店,worker_ref_891131,worker_648841,女,51.0,高中,否,27,27,0,2026-05-01,2026-05-31,False,,False,0,0
商超,3,3,X市远岚商超门店,enterprise_ref_184656,合成运营主体_184656,store_ref_260139,X市,X市远岚商超门店,worker_ref_573786,worker_203923,男,57.0,初中及以下,否,31,31,0,2026-05-01,2026-05-31,False,,False,0,0
商超,3,3,X市远岚商超门店,enterprise_ref_184656,合成运营主体_184656,store_ref_260139,X市,X市远岚商超门店,worker_ref_450176,worker_187847,女,26.0,大专,是,27,27,0,2026-05-01,2026-05-31,False,,False,0,0
商超,3,3,X市远岚商超门店,enterprise_ref_184656,合成运营主体_184656,store_ref_260139,X市,X市远岚商超门店,worker_ref_221265,worker_113183,男,19.0,中专/技校,否,28,28,0,2026-05-01,2026-05-31,False,,False,0,0
商超,3,3,X市远岚商超门店,enterprise_ref_184656,合成运营主体_184656,store_ref_260139,X市,X市远岚商超门店,worker_ref_138959,worker_834085,男,24.0,大专,是,29,29,0,2026-05-01,2026-05-31,False,,False,0,0
商超,3,3,X市远岚商超门店,enterprise_ref_184656,合成运营主体_184656,store_ref_260139,X市,X市远岚商超门店,worker_ref_287226,worker_990980,男,50.0,初中及以下,是,28,28,0,2026-05-02,2026-05-31,False,,False,0,0
商超,3,3,X市远岚商超门店,enterprise_ref_184656,合成运营主体_184656,store_ref_260139,X市,X市远岚商超门店,worker_ref_465431,worker_447941,女,44.0,大专,否,29,29,0,2026-05-01,2026-05-31,False,,False,0,0
商超,3,3,X市远岚商超门店,enterprise_ref_184656,合成运营主体_184656,store_ref_260139,X市,X市远岚商超门店,worker_ref_144109,worker_434097,女,48.0,初中及以下,否,28,28,0,2026-05-01,2026-05-31,False,,False,0,0
商超,3,3,X市远岚商超门店,enterprise_ref_184656,合成运营主体_184656,store_ref_260139,X市,X市远岚商超门店,worker_ref_502274,worker_730173,女,52.0,大专,否,25,25,0,2026-05-02,2026-05-31,False,,False,0,0
商超,3,3,X市远岚商超门店,enterprise_ref_184656,合成运营主体_184656,store_ref_260139,X市,X市远岚商超门店,worker_ref_668464,worker_189026,男,21.0,大专,否,11,10,1,2026-05-01,2026-05-13,False,,False,0,0
商超,3,3,X市远岚商超门店,enterprise_ref_184656,合成运营主体_184656,store_ref_260139,X市,X市远岚商超门店,worker_ref_001400,worker_955036,女,52.0,初中及以下,否,25,25,0,2026-05-01,2026-05-31,False,,False,0,0
商超,3,3,X市远岚商超门店,enterprise_ref_184656,合成运营主体_184656,store_ref_260139,X市,X市远岚商超门店,worker_ref_581008,worker_370337,男,55.0,初中及以下,否,26,26,0,2026-05-01,2026-05-31,False,,False,0,0
商超,3,3,X市远岚商超门店,enterprise_ref_184656,合成运营主体_184656,store_ref_260139,X市,X市远岚商超门店,worker_ref_236918,worker_928336,女,50.0,初中及以下,否,22,22,0,2026-05-01,2026-05-31,False,,False,0,0
商超,3,3,X市远岚商超门店,enterprise_ref_184656,合成运营主体_184656,store_ref_260139,X市,X市远岚商超门店,worker_ref_384501,worker_172250,女,28.0,大专,否,26,26,0,2026-05-01,2026-05-31,False,,False,0,0
商超,3,3,X市远岚商超门店,enterprise_ref_184656,合成运营主体_184656,store_ref_260139,X市,X市远岚商超门店,worker_ref_781935,worker_257095,女,29.0,中专/技校,否,24,24,0,2026-05-01,2026-05-31,False,,False,0,0
商超,3,3,X市远岚商超门店,enterprise_ref_184656,合成运营主体_184656,store_ref_260139,X市,X市远岚商超门店,worker_ref_580777,worker_705104,男,22.0,本科,否,28,28,0,2026-05-03,2026-05-31,False,,False,0,0
商超,3,3,X市远岚商超门店,enterprise_ref_184656,合成运营主体_184656,store_ref_260139,X市,X市远岚商超门店,worker_ref_179700,worker_264415,女,22.0,大专,否,21,21,0,2026-05-09,2026-05-31,False,,False,0,0
商超,3,3,X市远岚商超门店,enterprise_ref_184656,合成运营主体_184656,store_ref_260139,X市,X市远岚商超门店,worker_ref_021425,worker_819519,女,26.0,本科,否,18,18,0,2026-05-12,2026-05-31,False,,False,0,0
商超,3,3,X市远岚商超门店,enterprise_ref_184656,合成运营主体_184656,store_ref_260139,X市,X市远岚商超门店,worker_ref_868335,worker_524482,女,51.0,初中及以下,否,9,9,0,2026-05-22,2026-05-31,False,,False,0,0
商超,3,3,X市远岚商超门店,enterprise_ref_184656,合成运营主体_184656,store_ref_260139,X市,X市远岚商超门店,worker_ref_706553,worker_784802,男,25.0,大专,是,3,3,0,2026-05-29,2026-05-31,False,,False,0,0
商超,3,4,Y市白鹭商超门店,enterprise_ref_184656,合成运营主体_184656,store_ref_652606,Y市,Y市白鹭商超门店,worker_ref_058490,worker_078848,女,21.0,大专,是,25,25,0,2026-05-01,2026-05-30,False,,False,0,0
商超,3,4,Y市白鹭商超门店,enterprise_ref_184656,合成运营主体_184656,store_ref_652606,Y市,Y市白鹭商超门店,worker_ref_038286,worker_812901,男,50.0,未知,否,17,17,0,2026-05-03,2026-05-31,False,,False,0,0
商超,3,4,Y市白鹭商超门店,enterprise_ref_184656,合成运营主体_184656,store_ref_652606,Y市,Y市白鹭商超门店,worker_ref_283527,worker_796695,男,60.0,未知,否,30,30,0,2026-05-01,2026-05-31,False,,False,0,0
商超,3,4,Y市白鹭商超门店,enterprise_ref_184656,合成运营主体_184656,store_ref_652606,Y市,Y市白鹭商超门店,worker_ref_935691,worker_423673,女,53.0,未知,否,27,27,0,2026-05-01,2026-05-31,False,,False,0,0
商超,3,4,Y市白鹭商超门店,enterprise_ref_184656,合成运营主体_184656,store_ref_652606,Y市,Y市白鹭商超门店,worker_ref_236304,worker_419813,女,49.0,未知,否,31,31,0,2026-05-01,2026-05-31,False,,False,0,0
商超,3,4,Y市白鹭商超门店,enterprise_ref_184656,合成运营主体_184656,store_ref_652606,Y市,Y市白鹭商超门店,worker_ref_365387,worker_219471,女,52.0,未知,否,31,31,0,2026-05-01,2026-05-31,False,,False,0,0
商超,3,4,Y市白鹭商超门店,enterprise_ref_184656,合成运营主体_184656,store_ref_652606,Y市,Y市白鹭商超门店,worker_ref_232463,worker_909848,男,46.0,未知,是,24,24,0,2026-05-04,2026-05-30,False,,False,0,0
商超,3,4,Y市白鹭商超门店,enterprise_ref_184656,合成运营主体_184656,store_ref_652606,Y市,Y市白鹭商超门店,worker_ref_114251,worker_005002,女,54.0,未知,否,29,29,0,2026-05-01,2026-05-31,False,,False,0,0
商超,3,4,Y市白鹭商超门店,enterprise_ref_184656,合成运营主体_184656,store_ref_652606,Y市,Y市白鹭商超门店,worker_ref_438319,worker_229560,女,53.0,未知,否,31,31,0,2026-05-01,2026-05-31,False,,False,0,0
商超,3,4,Y市白鹭商超门店,enterprise_ref_184656,合成运营主体_184656,store_ref_652606,Y市,Y市白鹭商超门店,worker_ref_208313,worker_962342,女,53.0,未知,否,31,31,0,2026-05-01,2026-05-31,False,,False,0,0
商超,3,4,Y市白鹭商超门店,enterprise_ref_184656,合成运营主体_184656,store_ref_652606,Y市,Y市白鹭商超门店,worker_ref_543276,worker_928594,女,48.0,未知,否,35,35,0,2026-05-01,2026-05-31,False,,False,0,0
商超,3,4,Y市白鹭商超门店,enterprise_ref_184656,合成运营主体_184656,store_ref_652606,Y市,Y市白鹭商超门店,worker_ref_765511,worker_064804,女,53.0,未知,否,25,25,0,2026-05-01,2026-05-31,False,,False,0,0
商超,3,4,Y市白鹭商超门店,enterprise_ref_184656,合成运营主体_184656,store_ref_652606,Y市,Y市白鹭商超门店,worker_ref_553607,worker_592296,女,53.0,未知,否,27,27,0,2026-05-01,2026-05-31,False,,False,0,0
商超,3,4,Y市白鹭商超门店,enterprise_ref_184656,合成运营主体_184656,store_ref_652606,Y市,Y市白鹭商超门店,worker_ref_860758,worker_762891,男,38.0,中专/技校,否,29,29,0,2026-05-01,2026-05-31,False,,False,0,0
商超,3,4,Y市白鹭商超门店,enterprise_ref_184656,合成运营主体_184656,store_ref_652606,Y市,Y市白鹭商超门店,worker_ref_110361,worker_304864,男,44.0,中专/技校,否,27,27,0,2026-05-01,2026-05-31,False,,False,0,0
商超,3,4,Y市白鹭商超门店,enterprise_ref_184656,合成运营主体_184656,store_ref_652606,Y市,Y市白鹭商超门店,worker_ref_176785,worker_417494,女,53.0,未知,是,30,30,0,2026-05-01,2026-05-31,False,,False,0,0
商超,3,4,Y市白鹭商超门店,enterprise_ref_184656,合成运营主体_184656,store_ref_652606,Y市,Y市白鹭商超门店,worker_ref_492134,worker_690060,女,53.0,未知,否,27,27,0,2026-05-01,2026-05-31,False,,False,0,0
商超,3,4,Y市白鹭商超门店,enterprise_ref_184656,合成运营主体_184656,store_ref_652606,Y市,Y市白鹭商超门店,worker_ref_735948,worker_943290,女,54.0,未知,否,17,17,0,2026-05-01,2026-05-17,False,,False,0,0
商超,3,4,Y市白鹭商超门店,enterprise_ref_184656,合成运营主体_184656,store_ref_652606,Y市,Y市白鹭商超门店,worker_ref_177072,worker_221778,女,54.0,初中及以下,否,31,31,0,2026-05-01,2026-05-31,False,,False,0,0
商超,3,4,Y市白鹭商超门店,enterprise_ref_184656,合成运营主体_184656,store_ref_652606,Y市,Y市白鹭商超门店,worker_ref_094412,worker_017774,女,55.0,未知,否,14,14,0,2026-05-01,2026-05-14,False,,False,0,0
商超,3,4,Y市白鹭商超门店,enterprise_ref_184656,合成运营主体_184656,store_ref_652606,Y市,Y市白鹭商超门店,worker_ref_114896,worker_769109,女,52.0,未知,否,22,22,0,2026-05-01,2026-05-22,False,,False,0,0
商超,3,4,Y市白鹭商超门店,enterprise_ref_184656,合成运营主体_184656,store_ref_652606,Y市,Y市白鹭商超门店,worker_ref_080416,worker_742146,女,52.0,未知,否,33,33,0,2026-05-01,2026-05-31,False,,False,0,0
商超,3,4,Y市白鹭商超门店,enterprise_ref_184656,合成运营主体_184656,store_ref_652606,Y市,Y市白鹭商超门店,worker_ref_874367,worker_049897,女,46.0,未知,否,30,30,0,2026-05-01,2026-05-31,False,,False,0,0
商超,3,4,Y市白鹭商超门店,enterprise_ref_184656,合成运营主体_184656,store_ref_652606,Y市,Y市白鹭商超门店,worker_ref_534443,worker_581496,女,44.0,未知,否,31,31,0,2026-05-01,2026-05-31,False,,False,0,0
商超,3,4,Y市白鹭商超门店,enterprise_ref_184656,合成运营主体_184656,store_ref_652606,Y市,Y市白鹭商超门店,worker_ref_238678,worker_899306,男,49.0,未知,否,18,18,0,2026-05-01,2026-05-31,False,,False,0,0
商超,3,4,Y市白鹭商超门店,enterprise_ref_184656,合成运营主体_184656,store_ref_652606,Y市,Y市白鹭商超门店,worker_ref_026198,worker_860373,女,52.0,未知,否,29,29,0,2026-05-01,2026-05-31,False,,False,0,0
商超,3,4,Y市白鹭商超门店,enterprise_ref_184656,合成运营主体_184656,store_ref_652606,Y市,Y市白鹭商超门店,worker_ref_599368,worker_795326,女,52.0,未知,否,31,31,0,2026-05-01,2026-05-31,False,,False,0,0
商超,3,4,Y市白鹭商超门店,enterprise_ref_184656,合成运营主体_184656,store_ref_652606,Y市,Y市白鹭商超门店,worker_ref_040104,worker_975877,女,52.0,未知,否,30,30,0,2026-05-01,2026-05-31,False,,False,0,0
商超,3,4,Y市白鹭商超门店,enterprise_ref_184656,合成运营主体_184656,store_ref_652606,Y市,Y市白鹭商超门店,worker_ref_736275,worker_160018,男,54.0,未知,是,28,28,0,2026-05-01,2026-05-31,False,,False,0,0
商超,3,4,Y市白鹭商超门店,enterprise_ref_184656,合成运营主体_184656,store_ref_652606,Y市,Y市白鹭商超门店,worker_ref_667233,worker_009373,女,32.0,未知,否,33,33,0,2026-05-01,2026-05-31,False,,False,0,0
商超,3,4,Y市白鹭商超门店,enterprise_ref_184656,合成运营主体_184656,store_ref_652606,Y市,Y市白鹭商超门店,worker_ref_765776,worker_096550,女,51.0,初中及以下,否,16,16,0,2026-05-03,2026-05-18,False,,False,0,0
商超,3,4,Y市白鹭商超门店,enterprise_ref_184656,合成运营主体_184656,store_ref_652606,Y市,Y市白鹭商超门店,worker_ref_847866,worker_101639,女,51.0,未知,否,26,26,0,2026-05-01,2026-05-31,False,,False,0,0
商超,3,4,Y市白鹭商超门店,enterprise_ref_184656,合成运营主体_184656,store_ref_652606,Y市,Y市白鹭商超门店,worker_ref_467902,worker_139880,男,55.0,未知,否,31,31,0,2026-05-01,2026-05-31,False,,False,0,0
商超,3,4,Y市白鹭商超门店,enterprise_ref_184656,合成运营主体_184656,store_ref_652606,Y市,Y市白鹭商超门店,worker_ref_140055,worker_790828,女,43.0,中专/技校,否,29,29,0,2026-05-01,2026-05-31,False,,False,0,0
商超,3,4,Y市白鹭商超门店,enterprise_ref_184656,合成运营主体_184656,store_ref_652606,Y市,Y市白鹭商超门店,worker_ref_727711,worker_207193,女,51.0,高中,否,26,26,0,2026-05-01,2026-05-30,False,,False,0,0
商超,3,4,Y市白鹭商超门店,enterprise_ref_184656,合成运营主体_184656,store_ref_652606,Y市,Y市白鹭商超门店,worker_ref_083693,worker_483553,女,51.0,高中,否,38,38,0,2026-05-01,2026-05-31,False,,False,0,0
商超,3,4,Y市白鹭商超门店,enterprise_ref_184656,合成运营主体_184656,store_ref_652606,Y市,Y市白鹭商超门店,worker_ref_132216,worker_549243,男,61.0,高中,否,7,7,0,2026-05-01,2026-05-26,False,,False,0,0
商超,3,4,Y市白鹭商超门店,enterprise_ref_184656,合成运营主体_184656,store_ref_652606,Y市,Y市白鹭商超门店,worker_ref_906076,worker_943678,女,52.0,初中及以下,否,25,25,0,2026-05-01,2026-05-31,False,,False,0,0
商超,3,4,Y市白鹭商超门店,enterprise_ref_184656,合成运营主体_184656,store_ref_652606,Y市,Y市白鹭商超门店,worker_ref_151122,worker_670361,女,42.0,大专,否,26,26,0,2026-05-06,2026-05-31,False,,False,0,0
商超,3,4,Y市白鹭商超门店,enterprise_ref_184656,合成运营主体_184656,store_ref_652606,Y市,Y市白鹭商超门店,worker_ref_713810,worker_643119,女,50.0,高中,否,31,31,0,2026-05-01,2026-05-31,False,,False,0,0
商超,3,4,Y市白鹭商超门店,enterprise_ref_184656,合成运营主体_184656,store_ref_652606,Y市,Y市白鹭商超门店,worker_ref_744281,worker_001006,男,58.0,高中,否,26,26,0,2026-05-01,2026-05-31,False,,False,0,0
商超,3,4,Y市白鹭商超门店,enterprise_ref_184656,合成运营主体_184656,store_ref_652606,Y市,Y市白鹭商超门店,worker_ref_817824,worker_477094,男,58.0,初中及以下,否,26,26,0,2026-05-01,2026-05-30,False,,False,0,0
商超,3,4,Y市白鹭商超门店,enterprise_ref_184656,合成运营主体_184656,store_ref_652606,Y市,Y市白鹭商超门店,worker_ref_103146,worker_470693,男,47.0,初中及以下,否,26,26,0,2026-05-01,2026-05-31,False,,False,0,0
商超,3,4,Y市白鹭商超门店,enterprise_ref_184656,合成运营主体_184656,store_ref_652606,Y市,Y市白鹭商超门店,worker_ref_388058,worker_777751,女,43.0,初中及以下,否,17,17,0,2026-05-15,2026-05-31,False,,False,0,0
商超,3,4,Y市白鹭商超门店,enterprise_ref_184656,合成运营主体_184656,store_ref_652606,Y市,Y市白鹭商超门店,worker_ref_932018,worker_132001,女,51.0,初中及以下,否,30,30,0,2026-05-01,2026-05-31,False,,False,0,0
商超,3,4,Y市白鹭商超门店,enterprise_ref_184656,合成运营主体_184656,store_ref_652606,Y市,Y市白鹭商超门店,worker_ref_447825,worker_533489,男,61.0,高中,否,18,18,0,2026-05-01,2026-05-31,False,,False,0,0
商超,3,4,Y市白鹭商超门店,enterprise_ref_184656,合成运营主体_184656,store_ref_652606,Y市,Y市白鹭商超门店,worker_ref_386559,worker_039863,女,46.0,中专/技校,否,29,29,0,2026-05-01,2026-05-31,False,,False,0,0
商超,3,4,Y市白鹭商超门店,enterprise_ref_184656,合成运营主体_184656,store_ref_652606,Y市,Y市白鹭商超门店,worker_ref_560232,worker_438373,女,51.0,初中及以下,否,29,29,0,2026-05-01,2026-05-31,False,,False,0,0
商超,3,4,Y市白鹭商超门店,enterprise_ref_184656,合成运营主体_184656,store_ref_652606,Y市,Y市白鹭商超门店,worker_ref_389774,worker_128852,男,45.0,初中及以下,否,28,28,0,2026-05-01,2026-05-31,False,,False,0,0
商超,3,4,Y市白鹭商超门店,enterprise_ref_184656,合成运营主体_184656,store_ref_652606,Y市,Y市白鹭商超门店,worker_ref_531888,worker_514907,女,44.0,中专/技校,否,29,29,0,2026-05-01,2026-05-31,False,,False,0,0
商超,3,4,Y市白鹭商超门店,enterprise_ref_184656,合成运营主体_184656,store_ref_652606,Y市,Y市白鹭商超门店,worker_ref_166765,worker_389395,女,50.0,中专/技校,否,31,31,0,2026-05-01,2026-05-31,False,,False,0,0
商超,3,4,Y市白鹭商超门店,enterprise_ref_184656,合成运营主体_184656,store_ref_652606,Y市,Y市白鹭商超门店,worker_ref_054308,worker_077711,男,60.0,初中及以下,否,31,31,0,2026-05-01,2026-05-31,False,,False,0,0
商超,3,4,Y市白鹭商超门店,enterprise_ref_184656,合成运营主体_184656,store_ref_652606,Y市,Y市白鹭商超门店,worker_ref_128322,worker_168978,女,50.0,初中及以下,否,29,29,0,2026-05-01,2026-05-31,False,,False,0,0
商超,3,4,Y市白鹭商超门店,enterprise_ref_184656,合成运营主体_184656,store_ref_652606,Y市,Y市白鹭商超门店,worker_ref_701547,worker_987244,女,50.0,中专/技校,否,26,26,0,2026-05-01,2026-05-31,False,,False,0,0
商超,3,4,Y市白鹭商超门店,enterprise_ref_184656,合成运营主体_184656,store_ref_652606,Y市,Y市白鹭商超门店,worker_ref_612326,worker_923338,男,56.0,初中及以下,否,26,26,0,2026-05-03,2026-05-30,False,,False,0,0
商超,3,4,Y市白鹭商超门店,enterprise_ref_184656,合成运营主体_184656,store_ref_652606,Y市,Y市白鹭商超门店,worker_ref_427749,worker_600056,女,49.0,中专/技校,否,31,31,0,2026-05-01,2026-05-31,False,,False,0,0
商超,3,4,Y市白鹭商超门店,enterprise_ref_184656,合成运营主体_184656,store_ref_652606,Y市,Y市白鹭商超门店,worker_ref_369389,worker_646740,女,48.0,初中及以下,否,26,26,0,2026-05-02,2026-05-31,False,,False,0,0
商超,3,4,Y市白鹭商超门店,enterprise_ref_184656,合成运营主体_184656,store_ref_652606,Y市,Y市白鹭商超门店,worker_ref_304305,worker_415293,男,57.0,初中及以下,是,30,30,0,2026-05-01,2026-05-31,False,,False,0,0
商超,3,4,Y市白鹭商超门店,enterprise_ref_184656,合成运营主体_184656,store_ref_652606,Y市,Y市白鹭商超门店,worker_ref_754070,worker_377232,男,48.0,中专/技校,否,15,15,0,2026-05-02,2026-05-31,False,,False,0,0
商超,3,4,Y市白鹭商超门店,enterprise_ref_184656,合成运营主体_184656,store_ref_652606,Y市,Y市白鹭商超门店,worker_ref_257875,worker_157946,女,50.0,初中及以下,是,24,24,0,2026-05-01,2026-05-30,False,,False,0,0
商超,3,4,Y市白鹭商超门店,enterprise_ref_184656,合成运营主体_184656,store_ref_652606,Y市,Y市白鹭商超门店,worker_ref_820556,worker_055303,男,52.0,初中及以下,否,10,10,0,2026-05-01,2026-05-10,False,,False,0,0
商超,3,4,Y市白鹭商超门店,enterprise_ref_184656,合成运营主体_184656,store_ref_652606,Y市,Y市白鹭商超门店,worker_ref_060903,worker_954988,男,21.0,中专/技校,是,2,2,0,2026-05-01,2026-05-02,False,,False,0,0
商超,3,4,Y市白鹭商超门店,enterprise_ref_184656,合成运营主体_184656,store_ref_652606,Y市,Y市白鹭商超门店,worker_ref_540987,worker_505966,女,18.0,中专/技校,否,26,26,0,2026-05-03,2026-05-31,False,,False,0,0
商超,3,4,Y市白鹭商超门店,enterprise_ref_184656,合成运营主体_184656,store_ref_652606,Y市,Y市白鹭商超门店,worker_ref_478425,worker_763144,女,24.0,本科,否,40,40,0,2026-05-03,2026-05-31,False,,False,0,0
商超,3,4,Y市白鹭商超门店,enterprise_ref_184656,合成运营主体_184656,store_ref_652606,Y市,Y市白鹭商超门店,worker_ref_329161,worker_224192,男,25.0,大专,否,23,23,0,2026-05-01,2026-05-24,False,,False,0,0
商超,3,4,Y市白鹭商超门店,enterprise_ref_184656,合成运营主体_184656,store_ref_652606,Y市,Y市白鹭商超门店,worker_ref_710982,worker_033692,女,53.0,高中,是,20,20,0,2026-05-12,2026-05-31,False,,False,0,0
商超,3,4,Y市白鹭商超门店,enterprise_ref_184656,合成运营主体_184656,store_ref_652606,Y市,Y市白鹭商超门店,worker_ref_592315,worker_231466,男,42.0,中专/技校,否,13,13,0,2026-05-17,2026-05-31,False,,False,0,0
商超,3,4,Y市白鹭商超门店,enterprise_ref_184656,合成运营主体_184656,store_ref_652606,Y市,Y市白鹭商超门店,worker_ref_766871,worker_038080,女,50.0,中专/技校,否,4,4,0,2026-05-25,2026-05-28,False,,False,0,0
商超,3,4,Y市白鹭商超门店,enterprise_ref_184656,合成运营主体_184656,store_ref_652606,Y市,Y市白鹭商超门店,worker_ref_928433,worker_402780,女,49.0,高中,否,3,3,0,2026-05-29,2026-05-31,False,,False,0,0
商超,3,5,Z市枫林商超门店,enterprise_ref_184656,合成运营主体_184656,store_ref_701684,Z市,Z市枫林商超门店,worker_ref_864972,worker_610543,男,53.0,未知,否,31,31,0,2026-05-01,2026-05-31,False,,False,0,0
商超,3,5,Z市枫林商超门店,enterprise_ref_184656,合成运营主体_184656,store_ref_701684,Z市,Z市枫林商超门店,worker_ref_069444,worker_175208,男,57.0,未知,是,31,31,0,2026-05-01,2026-05-31,False,,False,0,0
商超,3,5,Z市枫林商超门店,enterprise_ref_184656,合成运营主体_184656,store_ref_701684,Z市,Z市枫林商超门店,worker_ref_432889,worker_899232,女,51.0,未知,否,31,31,0,2026-05-01,2026-05-31,False,,False,0,0
商超,3,5,Z市枫林商超门店,enterprise_ref_184656,合成运营主体_184656,store_ref_701684,Z市,Z市枫林商超门店,worker_ref_231254,worker_482119,男,55.0,未知,否,30,30,0,2026-05-01,2026-05-31,False,,False,0,0
商超,3,5,Z市枫林商超门店,enterprise_ref_184656,合成运营主体_184656,store_ref_701684,Z市,Z市枫林商超门店,worker_ref_810757,worker_321413,女,53.0,未知,是,21,21,0,2026-05-01,2026-05-21,False,,False,0,0
商超,3,5,Z市枫林商超门店,enterprise_ref_184656,合成运营主体_184656,store_ref_701684,Z市,Z市枫林商超门店,worker_ref_361826,worker_256038,女,51.0,未知,否,31,31,0,2026-05-01,2026-05-31,False,,False,0,0
商超,3,5,Z市枫林商超门店,enterprise_ref_184656,合成运营主体_184656,store_ref_701684,Z市,Z市枫林商超门店,worker_ref_569169,worker_981350,女,54.0,未知,否,31,31,0,2026-05-01,2026-05-31,False,,False,0,0
商超,3,5,Z市枫林商超门店,enterprise_ref_184656,合成运营主体_184656,store_ref_701684,Z市,Z市枫林商超门店,worker_ref_827897,worker_538161,男,37.0,未知,否,35,35,0,2026-05-01,2026-05-31,False,,False,0,0
商超,3,5,Z市枫林商超门店,enterprise_ref_184656,合成运营主体_184656,store_ref_701684,Z市,Z市枫林商超门店,worker_ref_399111,worker_994925,女,42.0,未知,否,29,29,0,2026-05-01,2026-05-31,False,,False,0,0
商超,3,5,Z市枫林商超门店,enterprise_ref_184656,合成运营主体_184656,store_ref_701684,Z市,Z市枫林商超门店,worker_ref_698480,worker_971383,男,50.0,未知,否,28,28,0,2026-05-01,2026-05-31,False,,False,0,0
商超,3,5,Z市枫林商超门店,enterprise_ref_184656,合成运营主体_184656,store_ref_701684,Z市,Z市枫林商超门店,worker_ref_724069,worker_780453,男,54.0,未知,否,31,31,0,2026-05-01,2026-05-31,False,,False,0,0
商超,3,5,Z市枫林商超门店,enterprise_ref_184656,合成运营主体_184656,store_ref_701684,Z市,Z市枫林商超门店,worker_ref_108516,worker_394882,男,51.0,未知,否,28,28,0,2026-05-01,2026-05-31,False,,False,0,0
商超,3,5,Z市枫林商超门店,enterprise_ref_184656,合成运营主体_184656,store_ref_701684,Z市,Z市枫林商超门店,worker_ref_139087,worker_626705,女,48.0,初中及以下,是,31,31,0,2026-05-01,2026-05-31,False,,False,0,0
商超,3,5,Z市枫林商超门店,enterprise_ref_184656,合成运营主体_184656,store_ref_701684,Z市,Z市枫林商超门店,worker_ref_888789,worker_279103,男,48.0,未知,否,28,28,0,2026-05-01,2026-05-31,False,,False,0,0
商超,3,5,Z市枫林商超门店,enterprise_ref_184656,合成运营主体_184656,store_ref_701684,Z市,Z市枫林商超门店,worker_ref_576207,worker_392839,男,57.0,未知,否,29,29,0,2026-05-01,2026-05-31,False,,False,0,0
商超,3,5,Z市枫林商超门店,enterprise_ref_184656,合成运营主体_184656,store_ref_701684,Z市,Z市枫林商超门店,worker_ref_311275,worker_546518,女,42.0,未知,否,25,25,0,2026-05-01,2026-05-31,False,,False,0,0
商超,3,5,Z市枫林商超门店,enterprise_ref_184656,合成运营主体_184656,store_ref_701684,Z市,Z市枫林商超门店,worker_ref_003438,worker_230222,男,38.0,未知,否,18,18,0,2026-05-01,2026-05-22,False,,False,0,0
商超,3,5,Z市枫林商超门店,enterprise_ref_184656,合成运营主体_184656,store_ref_701684,Z市,Z市枫林商超门店,worker_ref_947564,worker_427858,男,46.0,初中及以下,否,28,28,0,2026-05-01,2026-05-31,False,,False,0,0
商超,3,5,Z市枫林商超门店,enterprise_ref_184656,合成运营主体_184656,store_ref_701684,Z市,Z市枫林商超门店,worker_ref_894121,worker_319750,女,53.0,未知,否,27,27,0,2026-05-01,2026-05-31,False,,False,0,0
商超,3,5,Z市枫林商超门店,enterprise_ref_184656,合成运营主体_184656,store_ref_701684,Z市,Z市枫林商超门店,worker_ref_509438,worker_565161,女,55.0,初中及以下,是,31,31,0,2026-05-01,2026-05-31,False,,False,0,0
商超,3,5,Z市枫林商超门店,enterprise_ref_184656,合成运营主体_184656,store_ref_701684,Z市,Z市枫林商超门店,worker_ref_189167,worker_045324,男,55.0,未知,否,31,31,0,2026-05-01,2026-05-31,False,,False,0,0
商超,3,5,Z市枫林商超门店,enterprise_ref_184656,合成运营主体_184656,store_ref_701684,Z市,Z市枫林商超门店,worker_ref_378229,worker_347818,男,50.0,未知,否,28,28,0,2026-05-01,2026-05-31,False,,False,0,0
商超,3,5,Z市枫林商超门店,enterprise_ref_184656,合成运营主体_184656,store_ref_701684,Z市,Z市枫林商超门店,worker_ref_019894,worker_182858,女,51.0,未知,否,21,21,0,2026-05-01,2026-05-31,False,,False,0,0
商超,3,5,Z市枫林商超门店,enterprise_ref_184656,合成运营主体_184656,store_ref_701684,Z市,Z市枫林商超门店,worker_ref_502011,worker_107620,女,52.0,未知,否,27,27,0,2026-05-01,2026-05-31,False,,False,0,0
商超,3,5,Z市枫林商超门店,enterprise_ref_184656,合成运营主体_184656,store_ref_701684,Z市,Z市枫林商超门店,worker_ref_880580,worker_404386,女,51.0,未知,否,25,25,0,2026-05-01,2026-05-31,False,,False,0,0
商超,3,5,Z市枫林商超门店,enterprise_ref_184656,合成运营主体_184656,store_ref_701684,Z市,Z市枫林商超门店,worker_ref_089846,worker_771366,女,54.0,未知,否,33,33,0,2026-05-01,2026-05-31,False,,False,0,0
商超,3,5,Z市枫林商超门店,enterprise_ref_184656,合成运营主体_184656,store_ref_701684,Z市,Z市枫林商超门店,worker_ref_451205,worker_824568,男,49.0,中专/技校,是,27,27,0,2026-05-01,2026-05-31,False,,False,0,0
商超,3,5,Z市枫林商超门店,enterprise_ref_184656,合成运营主体_184656,store_ref_701684,Z市,Z市枫林商超门店,worker_ref_146725,worker_924933,女,45.0,未知,否,25,25,0,2026-05-01,2026-05-31,False,,False,0,0
商超,3,5,Z市枫林商超门店,enterprise_ref_184656,合成运营主体_184656,store_ref_701684,Z市,Z市枫林商超门店,worker_ref_050920,worker_014960,男,47.0,高中,否,31,31,0,2026-05-01,2026-05-31,False,,False,0,0
商超,3,5,Z市枫林商超门店,enterprise_ref_184656,合成运营主体_184656,store_ref_701684,Z市,Z市枫林商超门店,worker_ref_663012,worker_499806,男,55.0,中专/技校,否,19,19,0,2026-05-03,2026-05-30,False,,False,0,0
商超,3,5,Z市枫林商超门店,enterprise_ref_184656,合成运营主体_184656,store_ref_701684,Z市,Z市枫林商超门店,worker_ref_379441,worker_031437,女,47.0,中专/技校,否,28,28,0,2026-05-01,2026-05-31,False,,False,0,0
商超,3,5,Z市枫林商超门店,enterprise_ref_184656,合成运营主体_184656,store_ref_701684,Z市,Z市枫林商超门店,worker_ref_256671,worker_223955,女,48.0,中专/技校,否,23,23,0,2026-05-01,2026-05-31,False,,False,0,0
商超,3,5,Z市枫林商超门店,enterprise_ref_184656,合成运营主体_184656,store_ref_701684,Z市,Z市枫林商超门店,worker_ref_803543,worker_958596,女,45.0,中专/技校,否,25,25,0,2026-05-01,2026-05-29,False,,False,0,0
商超,3,5,Z市枫林商超门店,enterprise_ref_184656,合成运营主体_184656,store_ref_701684,Z市,Z市枫林商超门店,worker_ref_056743,worker_491919,女,51.0,中专/技校,否,28,28,0,2026-05-01,2026-05-31,False,,False,0,0
商超,3,5,Z市枫林商超门店,enterprise_ref_184656,合成运营主体_184656,store_ref_701684,Z市,Z市枫林商超门店,worker_ref_069799,worker_224097,女,43.0,高中,否,28,28,0,2026-05-01,2026-05-31,False,,False,0,0
商超,3,5,Z市枫林商超门店,enterprise_ref_184656,合成运营主体_184656,store_ref_701684,Z市,Z市枫林商超门店,worker_ref_694190,worker_017944,女,49.0,中专/技校,否,27,27,0,2026-05-01,2026-05-31,False,,False,0,0
商超,3,5,Z市枫林商超门店,enterprise_ref_184656,合成运营主体_184656,store_ref_701684,Z市,Z市枫林商超门店,worker_ref_036816,worker_261717,女,48.0,大专,是,24,24,0,2026-05-01,2026-05-31,False,,False,0,0
商超,3,5,Z市枫林商超门店,enterprise_ref_184656,合成运营主体_184656,store_ref_701684,Z市,Z市枫林商超门店,worker_ref_283676,worker_127219,女,50.0,高中,否,26,26,0,2026-05-01,2026-05-31,False,,False,0,0
商超,3,5,Z市枫林商超门店,enterprise_ref_184656,合成运营主体_184656,store_ref_701684,Z市,Z市枫林商超门店,worker_ref_408365,worker_221656,女,52.0,初中及以下,否,25,25,0,2026-05-01,2026-05-30,False,,False,0,0
商超,3,5,Z市枫林商超门店,enterprise_ref_184656,合成运营主体_184656,store_ref_701684,Z市,Z市枫林商超门店,worker_ref_300025,worker_882157,男,55.0,初中及以下,否,24,24,0,2026-05-01,2026-05-31,False,,False,0,0
商超,3,5,Z市枫林商超门店,enterprise_ref_184656,合成运营主体_184656,store_ref_701684,Z市,Z市枫林商超门店,worker_ref_175514,worker_360002,男,19.0,中专/技校,否,17,17,0,2026-05-01,2026-05-30,False,,False,0,0
商超,3,5,Z市枫林商超门店,enterprise_ref_184656,合成运营主体_184656,store_ref_701684,Z市,Z市枫林商超门店,worker_ref_165252,worker_266433,女,52.0,初中及以下,否,31,31,0,2026-05-01,2026-05-31,False,,False,0,0
商超,3,5,Z市枫林商超门店,enterprise_ref_184656,合成运营主体_184656,store_ref_701684,Z市,Z市枫林商超门店,worker_ref_040577,worker_620855,男,52.0,高中,否,22,22,0,2026-05-01,2026-05-31,False,,False,0,0
商超,3,5,Z市枫林商超门店,enterprise_ref_184656,合成运营主体_184656,store_ref_701684,Z市,Z市枫林商超门店,worker_ref_604657,worker_142752,女,48.0,大专,否,7,7,0,2026-05-25,2026-05-31,False,,False,0,0
商超,3,5,Z市枫林商超门店,enterprise_ref_184656,合成运营主体_184656,store_ref_701684,Z市,Z市枫林商超门店,worker_ref_491531,worker_550732,女,53.0,高中,否,29,29,0,2026-05-01,2026-05-31,False,,False,0,0
商超,3,5,Z市枫林商超门店,enterprise_ref_184656,合成运营主体_184656,store_ref_701684,Z市,Z市枫林商超门店,worker_ref_287265,worker_072736,男,53.0,中专/技校,否,31,31,0,2026-05-01,2026-05-31,False,,False,0,0
商超,3,5,Z市枫林商超门店,enterprise_ref_184656,合成运营主体_184656,store_ref_701684,Z市,Z市枫林商超门店,worker_ref_551068,worker_203696,男,51.0,中专/技校,是,30,30,0,2026-05-01,2026-05-31,False,,False,0,0
商超,3,5,Z市枫林商超门店,enterprise_ref_184656,合成运营主体_184656,store_ref_701684,Z市,Z市枫林商超门店,worker_ref_033935,worker_901483,女,50.0,中专/技校,是,24,24,0,2026-05-07,2026-05-31,False,,False,0,0
商超,3,5,Z市枫林商超门店,enterprise_ref_184656,合成运营主体_184656,store_ref_701684,Z市,Z市枫林商超门店,worker_ref_976883,worker_216397,男,55.0,高中,否,27,27,0,2026-05-04,2026-05-31,False,,False,0,0
商超,3,5,Z市枫林商超门店,enterprise_ref_184656,合成运营主体_184656,store_ref_701684,Z市,Z市枫林商超门店,worker_ref_402242,worker_322089,女,48.0,中专/技校,是,28,28,0,2026-05-01,2026-05-31,False,,False,0,0
商超,3,5,Z市枫林商超门店,enterprise_ref_184656,合成运营主体_184656,store_ref_701684,Z市,Z市枫林商超门店,worker_ref_132953,worker_227568,男,20.0,中专/技校,否,7,7,0,2026-05-01,2026-05-07,False,,False,0,0
商超,3,5,Z市枫林商超门店,enterprise_ref_184656,合成运营主体_184656,store_ref_701684,Z市,Z市枫林商超门店,worker_ref_213165,worker_175515,女,51.0,高中,否,28,28,0,2026-05-01,2026-05-31,False,,False,0,0
商超,3,5,Z市枫林商超门店,enterprise_ref_184656,合成运营主体_184656,store_ref_701684,Z市,Z市枫林商超门店,worker_ref_967340,worker_524548,女,40.0,大专,否,21,21,0,2026-05-01,2026-05-31,False,,False,0,0
商超,3,5,Z市枫林商超门店,enterprise_ref_184656,合成运营主体_184656,store_ref_701684,Z市,Z市枫林商超门店,worker_ref_925108,worker_583878,男,54.0,初中及以下,否,30,30,0,2026-05-01,2026-05-31,False,,False,0,0
商超,3,5,Z市枫林商超门店,enterprise_ref_184656,合成运营主体_184656,store_ref_701684,Z市,Z市枫林商超门店,worker_ref_859060,worker_726846,男,30.0,中专/技校,否,26,25,1,2026-05-01,2026-05-31,False,,False,0,0
商超,3,5,Z市枫林商超门店,enterprise_ref_184656,合成运营主体_184656,store_ref_701684,Z市,Z市枫林商超门店,worker_ref_305004,worker_157731,男,60.0,初中及以下,否,15,15,0,2026-05-01,2026-05-16,False,,False,0,0
商超,3,5,Z市枫林商超门店,enterprise_ref_184656,合成运营主体_184656,store_ref_701684,Z市,Z市枫林商超门店,worker_ref_939913,worker_638775,女,52.0,初中及以下,否,26,26,0,2026-05-01,2026-05-31,False,,False,0,0
商超,3,5,Z市枫林商超门店,enterprise_ref_184656,合成运营主体_184656,store_ref_701684,Z市,Z市枫林商超门店,worker_ref_741853,worker_663278,女,48.0,初中及以下,是,13,13,0,2026-05-01,2026-05-15,False,,False,0,0
商超,3,5,Z市枫林商超门店,enterprise_ref_184656,合成运营主体_184656,store_ref_701684,Z市,Z市枫林商超门店,worker_ref_460723,worker_423279,男,55.0,高中,否,31,31,0,2026-05-01,2026-05-31,False,,False,0,0
商超,3,5,Z市枫林商超门店,enterprise_ref_184656,合成运营主体_184656,store_ref_701684,Z市,Z市枫林商超门店,worker_ref_362550,worker_404880,男,32.0,中专/技校,是,16,16,0,2026-05-01,2026-05-22,False,,False,0,0
商超,3,5,Z市枫林商超门店,enterprise_ref_184656,合成运营主体_184656,store_ref_701684,Z市,Z市枫林商超门店,worker_ref_987089,worker_786239,女,45.0,初中及以下,否,25,25,0,2026-05-01,2026-05-28,False,,False,0,0
中餐,4,1,L市川野中餐店,enterprise_ref_634361,合成运营主体_634361,store_ref_067256,L市,L市川野中餐店,worker_ref_778119,worker_931809,女,23.0,大专,是,1,0,1,2026-05-06,2026-05-06,False,,False,0,0
中餐,4,1,L市川野中餐店,enterprise_ref_634361,合成运营主体_634361,store_ref_067256,L市,L市川野中餐店,worker_ref_069449,worker_343366,女,24.0,硕士,是,5,4,1,2026-05-01,2026-05-20,False,,False,0,0
中餐,4,1,L市川野中餐店,enterprise_ref_634361,合成运营主体_634361,store_ref_067256,L市,L市川野中餐店,worker_ref_005857,worker_180088,男,20.0,大专,是,1,1,0,2026-05-12,2026-05-12,False,,False,0,0
中餐,4,1,L市川野中餐店,enterprise_ref_634361,合成运营主体_634361,store_ref_067256,L市,L市川野中餐店,worker_ref_637632,worker_009702,女,20.0,大专,是,1,1,0,2026-05-29,2026-05-29,False,,False,0,0
中餐,4,1,L市川野中餐店,enterprise_ref_634361,合成运营主体_634361,store_ref_067256,L市,L市川野中餐店,worker_ref_502842,worker_307385,男,18.0,大专,是,1,1,0,2026-05-01,2026-05-01,False,,False,0,0
中餐,4,1,L市川野中餐店,enterprise_ref_634361,合成运营主体_634361,store_ref_067256,L市,L市川野中餐店,worker_ref_875399,worker_025702,女,21.0,本科,是,2,1,1,2026-05-01,2026-05-05,False,,False,0,0
中餐,4,1,L市川野中餐店,enterprise_ref_634361,合成运营主体_634361,store_ref_067256,L市,L市川野中餐店,worker_ref_598468,worker_789329,女,23.0,大专,是,6,6,0,2026-05-10,2026-05-29,False,,False,0,0
中餐,4,1,L市川野中餐店,enterprise_ref_634361,合成运营主体_634361,store_ref_067256,L市,L市川野中餐店,worker_ref_554232,worker_491742,男,26.0,本科,是,1,1,0,2026-05-10,2026-05-10,False,,False,0,0
中餐,4,1,L市川野中餐店,enterprise_ref_634361,合成运营主体_634361,store_ref_067256,L市,L市川野中餐店,worker_ref_305015,worker_831000,女,25.0,本科,是,4,4,0,2026-05-22,2026-05-26,False,,False,0,0
中餐,4,1,L市川野中餐店,enterprise_ref_634361,合成运营主体_634361,store_ref_067256,L市,L市川野中餐店,worker_ref_900222,worker_502075,女,52.0,初中及以下,是,1,1,0,2026-05-22,2026-05-22,False,,False,0,0
中餐,4,1,L市川野中餐店,enterprise_ref_634361,合成运营主体_634361,store_ref_067256,L市,L市川野中餐店,worker_ref_282762,worker_825390,女,20.0,大专,是,1,1,0,2026-05-22,2026-05-22,False,,False,0,0
中餐,4,1,L市川野中餐店,enterprise_ref_634361,合成运营主体_634361,store_ref_067256,L市,L市川野中餐店,worker_ref_995523,worker_623208,女,18.0,本科,是,1,0,1,2026-05-06,2026-05-06,False,,False,0,0
中餐,4,1,L市川野中餐店,enterprise_ref_634361,合成运营主体_634361,store_ref_067256,L市,L市川野中餐店,worker_ref_956457,worker_446752,女,20.0,本科,是,1,1,0,2026-05-02,2026-05-02,False,,False,0,0
中餐,4,1,L市川野中餐店,enterprise_ref_634361,合成运营主体_634361,store_ref_067256,L市,L市川野中餐店,worker_ref_380417,worker_965470,女,22.0,大专,是,1,1,0,2026-05-17,2026-05-17,False,,False,0,0
中餐,4,1,L市川野中餐店,enterprise_ref_634361,合成运营主体_634361,store_ref_067256,L市,L市川野中餐店,worker_ref_452234,worker_117804,女,47.0,初中及以下,是,1,1,0,2026-05-04,2026-05-04,False,,False,0,0
中餐,4,1,L市川野中餐店,enterprise_ref_634361,合成运营主体_634361,store_ref_067256,L市,L市川野中餐店,worker_ref_290897,worker_136249,女,24.0,大专,是,13,9,4,2026-05-07,2026-05-31,False,,False,0,0
中餐,4,1,L市川野中餐店,enterprise_ref_634361,合成运营主体_634361,store_ref_067256,L市,L市川野中餐店,worker_ref_931279,worker_409010,男,20.0,大专,是,1,1,0,2026-05-03,2026-05-03,False,,False,0,0
中餐,4,1,L市川野中餐店,enterprise_ref_634361,合成运营主体_634361,store_ref_067256,L市,L市川野中餐店,worker_ref_708044,worker_939869,女,47.0,中专/技校,是,2,2,0,2026-05-07,2026-05-17,False,,False,0,0
中餐,4,1,L市川野中餐店,enterprise_ref_634361,合成运营主体_634361,store_ref_067256,L市,L市川野中餐店,worker_ref_945101,worker_014887,女,19.0,大专,是,9,9,0,2026-05-13,2026-05-31,False,,False,0,0
中餐,4,1,L市川野中餐店,enterprise_ref_634361,合成运营主体_634361,store_ref_067256,L市,L市川野中餐店,worker_ref_431418,worker_805394,女,20.0,本科,是,1,1,0,2026-05-15,2026-05-15,False,,False,0,0
中餐,4,1,L市川野中餐店,enterprise_ref_634361,合成运营主体_634361,store_ref_067256,L市,L市川野中餐店,worker_ref_363153,worker_107575,男,19.0,大专,是,2,2,0,2026-05-16,2026-05-30,False,,False,0,0
中餐,4,1,L市川野中餐店,enterprise_ref_634361,合成运营主体_634361,store_ref_067256,L市,L市川野中餐店,worker_ref_005952,worker_687271,女,26.0,中专/技校,是,6,5,1,2026-05-14,2026-05-31,False,True,False,1,1
中餐,4,1,L市川野中餐店,enterprise_ref_634361,合成运营主体_634361,store_ref_067256,L市,L市川野中餐店,worker_ref_644869,worker_365859,女,36.0,高中,是,3,2,1,2026-05-16,2026-05-26,False,,False,0,0
中餐,4,1,L市川野中餐店,enterprise_ref_634361,合成运营主体_634361,store_ref_067256,L市,L市川野中餐店,worker_ref_289157,worker_332618,女,51.0,大专,是,1,1,0,2026-05-19,2026-05-19,False,,False,0,0
中餐,4,1,L市川野中餐店,enterprise_ref_634361,合成运营主体_634361,store_ref_067256,L市,L市川野中餐店,worker_ref_702669,worker_352636,女,36.0,大专,是,1,1,0,2026-05-05,2026-05-05,False,,False,0,0
中餐,4,1,L市川野中餐店,enterprise_ref_634361,合成运营主体_634361,store_ref_067256,L市,L市川野中餐店,worker_ref_335267,worker_467112,男,19.0,大专,是,5,4,1,2026-05-01,2026-05-05,False,,False,0,0
中餐,4,1,L市川野中餐店,enterprise_ref_634361,合成运营主体_634361,store_ref_067256,L市,L市川野中餐店,worker_ref_793362,worker_518794,男,18.0,高中,是,2,2,0,2026-05-24,2026-05-25,False,,False,0,0
中餐,4,1,L市川野中餐店,enterprise_ref_634361,合成运营主体_634361,store_ref_067256,L市,L市川野中餐店,worker_ref_021726,worker_887360,男,20.0,本科,是,1,1,0,2026-05-05,2026-05-05,False,,False,0,0
中餐,4,1,L市川野中餐店,enterprise_ref_634361,合成运营主体_634361,store_ref_067256,L市,L市川野中餐店,worker_ref_373480,worker_047753,女,31.0,大专,是,1,1,0,2026-05-20,2026-05-20,False,,False,0,0
中餐,4,1,L市川野中餐店,enterprise_ref_634361,合成运营主体_634361,store_ref_067256,L市,L市川野中餐店,worker_ref_384709,worker_975619,男,19.0,本科,是,1,1,0,2026-05-21,2026-05-21,False,,False,0,0
中餐,4,1,L市川野中餐店,enterprise_ref_634361,合成运营主体_634361,store_ref_067256,L市,L市川野中餐店,worker_ref_021942,worker_642163,女,19.0,大专,是,4,4,0,2026-05-23,2026-05-31,False,,False,0,0
中餐,4,1,L市川野中餐店,enterprise_ref_634361,合成运营主体_634361,store_ref_067256,L市,L市川野中餐店,worker_ref_344581,worker_820185,女,27.0,大专,是,1,1,0,2026-05-06,2026-05-06,False,,False,0,0
中餐,4,1,L市川野中餐店,enterprise_ref_634361,合成运营主体_634361,store_ref_067256,L市,L市川野中餐店,worker_ref_273548,worker_090463,女,29.0,高中,是,4,4,0,2026-05-10,2026-05-26,False,,False,0,0
中餐,4,1,L市川野中餐店,enterprise_ref_634361,合成运营主体_634361,store_ref_067256,L市,L市川野中餐店,worker_ref_944606,worker_717677,男,24.0,本科,是,1,1,0,2026-05-07,2026-05-07,False,,False,0,0
中餐,4,1,L市川野中餐店,enterprise_ref_634361,合成运营主体_634361,store_ref_067256,L市,L市川野中餐店,worker_ref_596910,worker_796511,女,23.0,本科,是,5,5,0,2026-05-17,2026-05-31,False,,False,0,0
中餐,4,1,L市川野中餐店,enterprise_ref_634361,合成运营主体_634361,store_ref_067256,L市,L市川野中餐店,worker_ref_192987,worker_437105,男,22.0,中专/技校,是,5,4,1,2026-05-16,2026-05-25,False,,False,0,0
中餐,4,1,L市川野中餐店,enterprise_ref_634361,合成运营主体_634361,store_ref_067256,L市,L市川野中餐店,worker_ref_777595,worker_957894,女,23.0,大专,是,1,1,0,2026-05-31,2026-05-31,False,,False,0,0
中餐,4,1,L市川野中餐店,enterprise_ref_634361,合成运营主体_634361,store_ref_067256,L市,L市川野中餐店,worker_ref_037923,worker_581648,男,25.0,高中,是,1,1,0,2026-05-06,2026-05-06,False,,False,0,0
中餐,4,1,L市川野中餐店,enterprise_ref_634361,合成运营主体_634361,store_ref_067256,L市,L市川野中餐店,worker_ref_198815,worker_146244,女,22.0,大专,是,1,1,0,2026-05-12,2026-05-12,False,,False,0,0
中餐,4,1,L市川野中餐店,enterprise_ref_634361,合成运营主体_634361,store_ref_067256,L市,L市川野中餐店,worker_ref_387067,worker_388781,男,30.0,高中,是,8,7,1,2026-05-06,2026-05-30,False,,False,0,0
中餐,4,1,L市川野中餐店,enterprise_ref_634361,合成运营主体_634361,store_ref_067256,L市,L市川野中餐店,worker_ref_667772,worker_117828,男,21.0,大专,是,2,1,1,2026-05-21,2026-05-30,False,,False,0,0
中餐,4,1,L市川野中餐店,enterprise_ref_634361,合成运营主体_634361,store_ref_067256,L市,L市川野中餐店,worker_ref_627460,worker_077000,女,18.0,高中,是,1,1,0,2026-05-09,2026-05-09,False,,False,0,0
中餐,4,1,L市川野中餐店,enterprise_ref_634361,合成运营主体_634361,store_ref_067256,L市,L市川野中餐店,worker_ref_032003,worker_433437,女,22.0,大专,是,2,1,1,2026-05-18,2026-05-21,False,,False,0,0
中餐,4,2,M市澄湾中餐店,enterprise_ref_634361,合成运营主体_634361,store_ref_620145,M市,M市澄湾中餐店,worker_ref_393262,worker_032834,女,19.0,大专,是,9,9,0,2026-05-01,2026-05-31,False,,False,0,0
中餐,4,2,M市澄湾中餐店,enterprise_ref_634361,合成运营主体_634361,store_ref_620145,M市,M市澄湾中餐店,worker_ref_680178,worker_721549,男,21.0,本科,是,6,6,0,2026-05-16,2026-05-31,False,,False,0,0
中餐,4,2,M市澄湾中餐店,enterprise_ref_634361,合成运营主体_634361,store_ref_620145,M市,M市澄湾中餐店,worker_ref_371169,worker_821370,男,20.0,大专,是,6,6,0,2026-05-16,2026-05-31,False,,False,0,0
中餐,4,2,M市澄湾中餐店,enterprise_ref_634361,合成运营主体_634361,store_ref_620145,M市,M市澄湾中餐店,worker_ref_007059,worker_044720,女,19.0,大专,是,16,15,1,2026-05-01,2026-05-31,False,,False,0,0
中餐,4,2,M市澄湾中餐店,enterprise_ref_634361,合成运营主体_634361,store_ref_620145,M市,M市澄湾中餐店,worker_ref_173540,worker_062147,女,20.0,大专,是,5,5,0,2026-05-01,2026-05-05,False,,False,0,0
中餐,4,3,N市安和中餐店,enterprise_ref_634361,合成运营主体_634361,store_ref_139821,N市,N市安和中餐店,worker_ref_604051,worker_714766,女,19.0,大专,是,1,1,0,2026-05-24,2026-05-24,False,,False,0,0
中餐,4,3,N市安和中餐店,enterprise_ref_634361,合成运营主体_634361,store_ref_139821,N市,N市安和中餐店,worker_ref_637632,worker_009702,女,20.0,大专,是,3,3,0,2026-05-03,2026-05-30,False,,False,0,0
中餐,4,3,N市安和中餐店,enterprise_ref_634361,合成运营主体_634361,store_ref_139821,N市,N市安和中餐店,worker_ref_441883,worker_680516,男,19.0,本科,是,1,1,0,2026-05-01,2026-05-01,False,,False,0,0
中餐,4,3,N市安和中餐店,enterprise_ref_634361,合成运营主体_634361,store_ref_139821,N市,N市安和中餐店,worker_ref_995523,worker_623208,女,18.0,本科,是,2,2,0,2026-05-04,2026-05-04,False,,False,0,0
中餐,4,3,N市安和中餐店,enterprise_ref_634361,合成运营主体_634361,store_ref_139821,N市,N市安和中餐店,worker_ref_380417,worker_965470,女,22.0,大专,是,4,4,0,2026-05-16,2026-05-23,False,,False,0,0
中餐,4,3,N市安和中餐店,enterprise_ref_634361,合成运营主体_634361,store_ref_139821,N市,N市安和中餐店,worker_ref_084164,worker_695999,女,18.0,大专,是,1,0,1,2026-05-01,2026-05-01,False,,False,0,0
中餐,4,3,N市安和中餐店,enterprise_ref_634361,合成运营主体_634361,store_ref_139821,N市,N市安和中餐店,worker_ref_111108,worker_327947,女,21.0,大专,是,2,2,0,2026-05-31,2026-05-31,False,,False,0,0
中餐,4,3,N市安和中餐店,enterprise_ref_634361,合成运营主体_634361,store_ref_139821,N市,N市安和中餐店,worker_ref_773313,worker_512646,女,20.0,大专,是,1,1,0,2026-05-10,2026-05-10,False,,False,0,0
中餐,4,3,N市安和中餐店,enterprise_ref_634361,合成运营主体_634361,store_ref_139821,N市,N市安和中餐店,worker_ref_632936,worker_630717,女,47.0,大专,是,1,1,0,2026-05-02,2026-05-02,False,,False,0,0
中餐,4,3,N市安和中餐店,enterprise_ref_634361,合成运营主体_634361,store_ref_139821,N市,N市安和中餐店,worker_ref_483085,worker_901465,女,20.0,大专,是,1,1,0,2026-05-01,2026-05-01,False,,False,0,0
中餐,4,3,N市安和中餐店,enterprise_ref_634361,合成运营主体_634361,store_ref_139821,N市,N市安和中餐店,worker_ref_667085,worker_725532,女,22.0,本科,是,1,1,0,2026-05-30,2026-05-30,False,,False,0,0
中餐,4,3,N市安和中餐店,enterprise_ref_634361,合成运营主体_634361,store_ref_139821,N市,N市安和中餐店,worker_ref_547188,worker_064695,女,19.0,大专,是,2,2,0,2026-05-02,2026-05-02,False,,False,0,0
中餐,4,3,N市安和中餐店,enterprise_ref_634361,合成运营主体_634361,store_ref_139821,N市,N市安和中餐店,worker_ref_972419,worker_251326,女,18.0,中专/技校,是,1,1,0,2026-05-05,2026-05-05,False,,False,0,0
中餐,4,4,O市望舒中餐店,enterprise_ref_634361,合成运营主体_634361,store_ref_556697,O市,O市望舒中餐店,worker_ref_791528,worker_688565,女,36.0,初中及以下,是,12,12,0,2026-05-11,2026-05-31,False,,False,0,0
中餐,4,4,O市望舒中餐店,enterprise_ref_634361,合成运营主体_634361,store_ref_556697,O市,O市望舒中餐店,worker_ref_623831,worker_039014,男,20.0,本科,是,5,5,0,2026-05-01,2026-05-05,False,,False,0,0
中餐,4,4,O市望舒中餐店,enterprise_ref_634361,合成运营主体_634361,store_ref_556697,O市,O市望舒中餐店,worker_ref_049612,worker_780505,男,19.0,本科,是,4,4,0,2026-05-01,2026-05-04,False,,False,0,0
中餐,4,4,O市望舒中餐店,enterprise_ref_634361,合成运营主体_634361,store_ref_556697,O市,O市望舒中餐店,worker_ref_950437,worker_575392,男,18.0,本科,是,5,5,0,2026-05-01,2026-05-05,False,,False,0,0
中餐,4,4,O市望舒中餐店,enterprise_ref_634361,合成运营主体_634361,store_ref_556697,O市,O市望舒中餐店,worker_ref_664017,worker_427986,女,31.0,高中,是,6,6,0,2026-05-05,2026-05-10,False,,False,0,0
中餐,4,4,O市望舒中餐店,enterprise_ref_634361,合成运营主体_634361,store_ref_556697,O市,O市望舒中餐店,worker_ref_627997,worker_726463,女,31.0,大专,是,8,8,0,2026-05-11,2026-05-24,False,,False,0,0
中餐,4,5,P市启明中餐店,enterprise_ref_634361,合成运营主体_634361,store_ref_844491,P市,P市启明中餐店,worker_ref_895034,worker_331563,男,18.0,高中,是,27,27,0,2026-05-01,2026-05-31,False,,False,0,0
中餐,4,5,P市启明中餐店,enterprise_ref_634361,合成运营主体_634361,store_ref_844491,P市,P市启明中餐店,worker_ref_618813,worker_818411,女,16.0,高中,是,2,2,0,2026-05-02,2026-05-03,False,,False,0,0
中餐,4,5,P市启明中餐店,enterprise_ref_634361,合成运营主体_634361,store_ref_844491,P市,P市启明中餐店,worker_ref_135286,worker_817988,男,17.0,高中,是,3,3,0,2026-05-10,2026-05-17,False,,False,0,0
中餐,4,5,P市启明中餐店,enterprise_ref_634361,合成运营主体_634361,store_ref_844491,P市,P市启明中餐店,worker_ref_736997,worker_712554,女,20.0,大专,是,3,3,0,2026-05-01,2026-05-03,False,,False,0,0
中餐,4,5,P市启明中餐店,enterprise_ref_634361,合成运营主体_634361,store_ref_844491,P市,P市启明中餐店,worker_ref_139070,worker_813822,女,16.0,中专/技校,是,5,5,0,2026-05-01,2026-05-05,False,,False,0,0
中餐,4,5,P市启明中餐店,enterprise_ref_634361,合成运营主体_634361,store_ref_844491,P市,P市启明中餐店,worker_ref_463090,worker_756512,男,24.0,初中及以下,是,2,2,0,2026-05-03,2026-05-04,False,,False,0,0
咖啡,5,1,Q市清越咖啡店,enterprise_ref_732274,合成运营主体_732274,store_ref_048832,Q市,Q市清越咖啡店,worker_ref_370243,worker_949969,女,28.0,大专,是,9,9,0,2026-05-14,2026-05-29,False,,False,0,0
咖啡,5,1,Q市清越咖啡店,enterprise_ref_732274,合成运营主体_732274,store_ref_048832,Q市,Q市清越咖啡店,worker_ref_119591,worker_394858,女,31.0,大专,是,3,3,0,2026-05-23,2026-05-30,False,,False,0,0
咖啡,5,1,Q市清越咖啡店,enterprise_ref_732274,合成运营主体_732274,store_ref_048832,Q市,Q市清越咖啡店,worker_ref_536728,worker_268766,男,41.0,未知,是,22,22,0,2026-05-01,2026-05-31,False,,False,0,0
咖啡,5,1,Q市清越咖啡店,enterprise_ref_732274,合成运营主体_732274,store_ref_048832,Q市,Q市清越咖啡店,worker_ref_221534,worker_334474,男,38.0,大专,是,3,3,0,2026-05-06,2026-05-13,False,,False,0,0
咖啡,5,1,Q市清越咖啡店,enterprise_ref_732274,合成运营主体_732274,store_ref_048832,Q市,Q市清越咖啡店,worker_ref_251454,worker_430649,女,23.0,大专,是,22,22,0,2026-05-02,2026-05-31,False,,False,0,0
咖啡,5,1,Q市清越咖啡店,enterprise_ref_732274,合成运营主体_732274,store_ref_048832,Q市,Q市清越咖啡店,worker_ref_651751,worker_409432,女,34.0,本科,是,14,14,0,2026-05-11,2026-05-29,False,,False,0,0
咖啡,5,1,Q市清越咖啡店,enterprise_ref_732274,合成运营主体_732274,store_ref_048832,Q市,Q市清越咖啡店,worker_ref_607762,worker_438166,女,32.0,大专,是,4,1,3,2026-05-18,2026-05-22,False,,False,0,0
咖啡,5,1,Q市清越咖啡店,enterprise_ref_732274,合成运营主体_732274,store_ref_048832,Q市,Q市清越咖啡店,worker_ref_539809,worker_550469,女,21.0,未知,是,14,9,5,2026-05-11,2026-05-28,False,,False,0,0
咖啡,5,2,R市长乐咖啡店,enterprise_ref_732274,合成运营主体_732274,store_ref_324811,R市,R市长乐咖啡店,worker_ref_013135,worker_479352,女,39.0,大专,是,4,3,1,2026-05-01,2026-05-11,False,,False,0,0
咖啡,5,2,R市长乐咖啡店,enterprise_ref_732274,合成运营主体_732274,store_ref_324811,R市,R市长乐咖啡店,worker_ref_463768,worker_414831,女,32.0,本科,是,4,4,0,2026-05-09,2026-05-30,False,,False,0,0
咖啡,5,2,R市长乐咖啡店,enterprise_ref_732274,合成运营主体_732274,store_ref_324811,R市,R市长乐咖啡店,worker_ref_927650,worker_410311,女,46.0,未知,是,4,3,1,2026-05-10,2026-05-29,False,,False,0,0
咖啡,5,2,R市长乐咖啡店,enterprise_ref_732274,合成运营主体_732274,store_ref_324811,R市,R市长乐咖啡店,worker_ref_094199,worker_018860,男,27.0,中专/技校,否,1,1,0,2026-05-02,2026-05-02,False,,False,0,0
咖啡,5,2,R市长乐咖啡店,enterprise_ref_732274,合成运营主体_732274,store_ref_324811,R市,R市长乐咖啡店,worker_ref_492109,worker_648779,女,24.0,中专/技校,是,1,1,0,2026-05-27,2026-05-27,False,,False,0,0
咖啡,5,2,R市长乐咖啡店,enterprise_ref_732274,合成运营主体_732274,store_ref_324811,R市,R市长乐咖啡店,worker_ref_656550,worker_954122,男,38.0,本科,是,14,14,0,2026-05-01,2026-05-31,False,,False,0,0
咖啡,5,2,R市长乐咖啡店,enterprise_ref_732274,合成运营主体_732274,store_ref_324811,R市,R市长乐咖啡店,worker_ref_352508,worker_614899,女,20.0,大专,是,2,2,0,2026-05-07,2026-05-08,False,,False,0,0
咖啡,5,3,D市晓棠咖啡店,enterprise_ref_732274,合成运营主体_732274,store_ref_809284,D市,D市晓棠咖啡店,worker_ref_653776,worker_952806,男,26.0,未知,是,23,23,0,2026-05-05,2026-05-30,False,,False,0,0
咖啡,5,4,S市松间咖啡店,enterprise_ref_732274,合成运营主体_732274,store_ref_803525,S市,S市松间咖啡店,worker_ref_119591,worker_394858,女,31.0,大专,是,6,6,0,2026-05-12,2026-05-29,False,,False,0,0
咖啡,5,4,S市松间咖啡店,enterprise_ref_732274,合成运营主体_732274,store_ref_803525,S市,S市松间咖啡店,worker_ref_221534,worker_334474,男,38.0,大专,是,1,1,0,2026-05-06,2026-05-06,False,,False,0,0
咖啡,5,4,S市松间咖啡店,enterprise_ref_732274,合成运营主体_732274,store_ref_803525,S市,S市松间咖啡店,worker_ref_251454,worker_430649,女,23.0,大专,是,3,3,0,2026-05-09,2026-05-22,False,,False,0,0
咖啡,5,4,S市松间咖啡店,enterprise_ref_732274,合成运营主体_732274,store_ref_803525,S市,S市松间咖啡店,worker_ref_651751,worker_409432,女,34.0,本科,是,1,1,0,2026-05-25,2026-05-25,False,,False,0,0
咖啡,5,4,S市松间咖啡店,enterprise_ref_732274,合成运营主体_732274,store_ref_803525,S市,S市松间咖啡店,worker_ref_010865,worker_917107,女,37.0,未知,是,14,14,0,2026-05-06,2026-05-28,False,,False,0,0
咖啡,5,4,S市松间咖啡店,enterprise_ref_732274,合成运营主体_732274,store_ref_803525,S市,S市松间咖啡店,worker_ref_537076,worker_443694,女,26.0,大专,是,6,2,4,2026-05-22,2026-05-29,False,,False,0,0
咖啡,5,4,S市松间咖啡店,enterprise_ref_732274,合成运营主体_732274,store_ref_803525,S市,S市松间咖啡店,worker_ref_607762,worker_438166,女,32.0,大专,是,1,1,0,2026-05-19,2026-05-19,False,,False,0,0
咖啡,5,5,A市和光咖啡店,enterprise_ref_732274,合成运营主体_732274,store_ref_191125,A市,A市和光咖啡店,worker_ref_218937,worker_083355,女,30.0,未知,是,25,23,2,2026-05-01,2026-05-31,False,,False,0,0
咖啡,5,5,A市和光咖啡店,enterprise_ref_732274,合成运营主体_732274,store_ref_191125,A市,A市和光咖啡店,worker_ref_061318,worker_043419,女,22.0,大专,是,25,25,0,2026-05-04,2026-05-31,False,,False,0,0
咖啡,5,5,A市和光咖啡店,enterprise_ref_732274,合成运营主体_732274,store_ref_191125,A市,A市和光咖啡店,worker_ref_544722,worker_488399,男,26.0,未知,是,1,0,1,2026-05-03,2026-05-03,False,,False,0,0
咖啡,5,5,A市和光咖啡店,enterprise_ref_732274,合成运营主体_732274,store_ref_191125,A市,A市和光咖啡店,worker_ref_056211,worker_505103,女,26.0,大专,是,29,27,2,2026-05-01,2026-05-30,False,,False,0,0
茶饮,6,1,T市春浦茶饮店,enterprise_ref_224623,合成运营主体_224623,store_ref_832636,T市,T市春浦茶饮店,worker_ref_410646,worker_359991,女,31.0,大专,是,3,3,0,2026-05-05,2026-05-26,False,,False,0,0
茶饮,6,1,T市春浦茶饮店,enterprise_ref_224623,合成运营主体_224623,store_ref_832636,T市,T市春浦茶饮店,worker_ref_904487,worker_745202,女,26.0,本科,是,24,24,0,2026-05-01,2026-05-31,False,,False,0,0
茶饮,6,1,T市春浦茶饮店,enterprise_ref_224623,合成运营主体_224623,store_ref_832636,T市,T市春浦茶饮店,worker_ref_505954,worker_224664,男,22.0,大专,是,25,25,0,2026-05-02,2026-05-31,False,,False,0,0
茶饮,6,1,T市春浦茶饮店,enterprise_ref_224623,合成运营主体_224623,store_ref_832636,T市,T市春浦茶饮店,worker_ref_068435,worker_859099,女,18.0,本科,是,4,4,0,2026-05-03,2026-05-10,False,,False,0,0
茶饮,6,1,T市春浦茶饮店,enterprise_ref_224623,合成运营主体_224623,store_ref_832636,T市,T市春浦茶饮店,worker_ref_104279,worker_845071,女,19.0,大专,是,14,14,0,2026-05-02,2026-05-29,False,,False,0,0
茶饮,6,2,B市金穗茶饮店,enterprise_ref_100337,合成运营主体_100337,store_ref_696194,B市,B市金穗茶饮店,worker_ref_692166,worker_289625,男,30.0,大专,是,28,26,2,2026-05-01,2026-05-31,False,,False,0,0
茶饮,6,2,B市金穗茶饮店,enterprise_ref_100337,合成运营主体_100337,store_ref_696194,B市,B市金穗茶饮店,worker_ref_816376,worker_502284,男,20.0,高中,是,23,23,0,2026-05-01,2026-05-29,False,,True,0,0
茶饮,6,2,B市金穗茶饮店,enterprise_ref_100337,合成运营主体_100337,store_ref_696194,B市,B市金穗茶饮店,worker_ref_473876,worker_121248,女,30.0,大专,是,26,25,1,2026-05-02,2026-05-31,False,,True,0,0
茶饮,6,2,B市金穗茶饮店,enterprise_ref_100337,合成运营主体_100337,store_ref_696194,B市,B市金穗茶饮店,worker_ref_634515,worker_203245,女,24.0,未知,是,26,26,0,2026-05-01,2026-05-31,False,,True,0,0
茶饮,6,2,B市金穗茶饮店,enterprise_ref_100337,合成运营主体_100337,store_ref_696194,B市,B市金穗茶饮店,worker_ref_459353,worker_411962,女,26.0,未知,是,27,27,0,2026-05-01,2026-05-31,False,,True,0,0
茶饮,6,2,B市金穗茶饮店,enterprise_ref_100337,合成运营主体_100337,store_ref_696194,B市,B市金穗茶饮店,worker_ref_092100,worker_035932,女,24.0,未知,是,5,5,0,2026-05-08,2026-05-12,False,,True,0,0
茶饮,6,3,U市竹里茶饮店,enterprise_ref_585401,合成运营主体_585401,store_ref_764685,U市,U市竹里茶饮店,worker_ref_832818,worker_251387,女,29.0,未知,是,3,3,0,2026-05-07,2026-05-14,False,,False,0,0
茶饮,6,3,U市竹里茶饮店,enterprise_ref_585401,合成运营主体_585401,store_ref_764685,U市,U市竹里茶饮店,worker_ref_515138,worker_952502,女,24.0,本科,是,8,8,0,2026-05-01,2026-05-13,False,,False,0,0
茶饮,6,3,U市竹里茶饮店,enterprise_ref_585401,合成运营主体_585401,store_ref_764685,U市,U市竹里茶饮店,worker_ref_543323,worker_322948,女,22.0,未知,是,21,21,0,2026-05-01,2026-05-27,False,,False,0,0
茶饮,6,3,U市竹里茶饮店,enterprise_ref_585401,合成运营主体_585401,store_ref_764685,U市,U市竹里茶饮店,worker_ref_597276,worker_517981,女,21.0,未知,是,1,1,0,2026-05-01,2026-05-01,False,,False,0,0
茶饮,6,3,U市竹里茶饮店,enterprise_ref_585401,合成运营主体_585401,store_ref_764685,U市,U市竹里茶饮店,worker_ref_126361,worker_418812,女,18.0,未知,是,12,12,0,2026-05-15,2026-05-31,False,,False,0,0
茶饮,6,3,U市竹里茶饮店,enterprise_ref_585401,合成运营主体_585401,store_ref_764685,U市,U市竹里茶饮店,worker_ref_006503,worker_544258,男,24.0,未知,是,25,25,0,2026-05-01,2026-05-31,False,,False,0,0
茶饮,6,3,U市竹里茶饮店,enterprise_ref_585401,合成运营主体_585401,store_ref_764685,U市,U市竹里茶饮店,worker_ref_502532,worker_914711,男,24.0,未知,是,10,10,0,2026-05-17,2026-05-30,False,,False,0,0
茶饮,6,4,V市瑞庭茶饮店,enterprise_ref_585401,合成运营主体_585401,store_ref_316140,V市,V市瑞庭茶饮店,worker_ref_446794,worker_865947,女,37.0,未知,是,24,24,0,2026-05-08,2026-05-31,False,,False,0,0
茶饮,6,4,V市瑞庭茶饮店,enterprise_ref_585401,合成运营主体_585401,store_ref_316140,V市,V市瑞庭茶饮店,worker_ref_885156,worker_717093,女,21.0,未知,是,2,2,0,2026-05-28,2026-05-31,False,,False,0,0
茶饮,6,4,V市瑞庭茶饮店,enterprise_ref_585401,合成运营主体_585401,store_ref_316140,V市,V市瑞庭茶饮店,worker_ref_912838,worker_708464,女,26.0,未知,是,23,23,0,2026-05-07,2026-05-30,False,,False,0,0
茶饮,6,4,V市瑞庭茶饮店,enterprise_ref_585401,合成运营主体_585401,store_ref_316140,V市,V市瑞庭茶饮店,worker_ref_190700,worker_699757,女,20.0,未知,是,13,13,0,2026-05-01,2026-05-31,False,,False,0,0
茶饮,6,4,V市瑞庭茶饮店,enterprise_ref_585401,合成运营主体_585401,store_ref_316140,V市,V市瑞庭茶饮店,worker_ref_912562,worker_759834,女,20.0,未知,是,28,28,0,2026-05-01,2026-05-31,False,,False,0,0
茶饮,6,4,V市瑞庭茶饮店,enterprise_ref_585401,合成运营主体_585401,store_ref_316140,V市,V市瑞庭茶饮店,worker_ref_813684,worker_044627,女,19.0,未知,是,10,9,1,2026-05-04,2026-05-31,False,,False,0,0
茶饮,6,4,V市瑞庭茶饮店,enterprise_ref_585401,合成运营主体_585401,store_ref_316140,V市,V市瑞庭茶饮店,worker_ref_477503,worker_344331,女,19.0,本科,是,1,1,0,2026-05-04,2026-05-04,False,,False,0,0
茶饮,6,4,V市瑞庭茶饮店,enterprise_ref_585401,合成运营主体_585401,store_ref_316140,V市,V市瑞庭茶饮店,worker_ref_270081,worker_740725,男,18.0,未知,是,16,16,0,2026-05-03,2026-05-30,False,,False,0,0
茶饮,6,4,V市瑞庭茶饮店,enterprise_ref_585401,合成运营主体_585401,store_ref_316140,V市,V市瑞庭茶饮店,worker_ref_536560,worker_453533,女,21.0,未知,是,18,18,0,2026-05-11,2026-05-31,False,,False,0,0
茶饮,6,4,V市瑞庭茶饮店,enterprise_ref_585401,合成运营主体_585401,store_ref_316140,V市,V市瑞庭茶饮店,worker_ref_735882,worker_161114,男,19.0,中专/技校,是,2,2,0,2026-05-14,2026-05-15,False,,False,0,0
茶饮,6,5,C市微澜茶饮店,enterprise_ref_138037,合成运营主体_138037,store_ref_757598,C市,C市微澜茶饮店,worker_ref_317402,worker_684957,女,21.0,本科,是,7,7,0,2026-05-01,2026-05-23,False,,False,0,0
茶饮,6,5,C市微澜茶饮店,enterprise_ref_138037,合成运营主体_138037,store_ref_757598,C市,C市微澜茶饮店,worker_ref_838306,worker_257290,女,17.0,初中及以下,是,1,1,0,2026-05-08,2026-05-08,False,,False,0,0
茶饮,6,5,C市微澜茶饮店,enterprise_ref_138037,合成运营主体_138037,store_ref_757598,C市,C市微澜茶饮店,worker_ref_492800,worker_954206,男,32.0,本科,是,30,30,0,2026-05-01,2026-05-31,False,,False,0,0
茶饮,6,5,C市微澜茶饮店,enterprise_ref_138037,合成运营主体_138037,store_ref_757598,C市,C市微澜茶饮店,worker_ref_772196,worker_854612,男,21.0,中专/技校,是,27,27,0,2026-05-01,2026-05-28,False,,False,0,0
茶饮,6,5,C市微澜茶饮店,enterprise_ref_138037,合成运营主体_138037,store_ref_757598,C市,C市微澜茶饮店,worker_ref_999162,worker_419217,女,20.0,大专,是,11,11,0,2026-05-01,2026-05-24,False,,False,0,0
茶饮,6,5,C市微澜茶饮店,enterprise_ref_138037,合成运营主体_138037,store_ref_757598,C市,C市微澜茶饮店,worker_ref_737418,worker_031042,男,19.0,大专,是,3,3,0,2026-05-24,2026-05-31,False,,False,0,0
茶饮,6,5,C市微澜茶饮店,enterprise_ref_138037,合成运营主体_138037,store_ref_757598,C市,C市微澜茶饮店,worker_ref_462374,worker_324706,女,22.0,大专,是,4,4,0,2026-05-05,2026-05-08,False,,False,0,0
茶饮,6,5,C市微澜茶饮店,enterprise_ref_138037,合成运营主体_138037,store_ref_757598,C市,C市微澜茶饮店,worker_ref_227520,worker_732336,女,22.0,大专,是,22,22,0,2026-05-08,2026-05-31,False,,False,0,0
茶饮,6,5,C市微澜茶饮店,enterprise_ref_138037,合成运营主体_138037,store_ref_757598,C市,C市微澜茶饮店,worker_ref_819375,worker_242913,女,19.0,高中,是,1,1,0,2026-05-13,2026-05-13,False,,False,0,0
茶饮,6,5,C市微澜茶饮店,enterprise_ref_138037,合成运营主体_138037,store_ref_757598,C市,C市微澜茶饮店,worker_ref_643161,worker_199356,女,23.0,本科,是,13,13,0,2026-05-16,2026-05-31,False,,False,0,0
