industry,industry_rank,anchor_store_rank,entity_path,business_date,enterprise_id,enterprise_name,store_id,region_name,store_name,train_seq_id,train_name,train_status,train_status_name,confirm_time_status,confirm_time_name,train_date,train_hours,train_days,job_id
西餐,2,2,G市晴川西餐店,2026-05-03,enterprise_ref_671998,合成运营主体_671998,store_ref_706758,G市,G市晴川西餐店,training_ref_060329,厨房正餐包,30,已确认,30,已确认,2026-05-03T00:00:00,18,3,job_ref_816524
西餐,2,2,G市晴川西餐店,2026-05-03,enterprise_ref_671998,合成运营主体_671998,store_ref_706758,G市,G市晴川西餐店,training_ref_060329,厨房正餐包,30,已确认,30,已确认,2026-05-03T00:00:00,18,3,job_ref_816524
西餐,2,2,G市晴川西餐店,2026-05-03,enterprise_ref_671998,合成运营主体_671998,store_ref_706758,G市,G市晴川西餐店,training_ref_060329,厨房正餐包,30,已确认,30,已确认,2026-05-03T00:00:00,18,3,job_ref_816524
西餐,2,2,G市晴川西餐店,2026-05-03,enterprise_ref_671998,合成运营主体_671998,store_ref_706758,G市,G市晴川西餐店,training_ref_636252,厨房开早正包,30,已确认,30,已确认,2026-05-03T00:00:00,21,3,job_ref_816524
西餐,2,2,G市晴川西餐店,2026-05-03,enterprise_ref_671998,合成运营主体_671998,store_ref_706758,G市,G市晴川西餐店,training_ref_636252,厨房开早正包,30,已确认,30,已确认,2026-05-03T00:00:00,21,3,job_ref_816524
西餐,2,2,G市晴川西餐店,2026-05-03,enterprise_ref_671998,合成运营主体_671998,store_ref_706758,G市,G市晴川西餐店,training_ref_636252,厨房开早正包,30,已确认,30,已确认,2026-05-03T00:00:00,21,3,job_ref_816524
西餐,2,2,G市晴川西餐店,2026-05-03,enterprise_ref_671998,合成运营主体_671998,store_ref_706758,G市,G市晴川西餐店,training_ref_636252,厨房开早正包,30,已确认,30,已确认,2026-05-03T00:00:00,21,3,job_ref_816524
西餐,2,2,G市晴川西餐店,2026-05-03,enterprise_ref_671998,合成运营主体_671998,store_ref_706758,G市,G市晴川西餐店,training_ref_636252,厨房开早正包,30,已确认,30,已确认,2026-05-03T00:00:00,21,3,job_ref_816524
西餐,2,2,G市晴川西餐店,2026-05-03,enterprise_ref_671998,合成运营主体_671998,store_ref_706758,G市,G市晴川西餐店,training_ref_636252,厨房开早正包,30,已确认,30,已确认,2026-05-03T00:00:00,21,3,job_ref_816524
西餐,2,2,G市晴川西餐店,2026-05-03,enterprise_ref_671998,合成运营主体_671998,store_ref_706758,G市,G市晴川西餐店,training_ref_636252,厨房开早正包,30,已确认,30,已确认,2026-05-03T00:00:00,21,3,job_ref_816524
西餐,2,2,G市晴川西餐店,2026-05-03,enterprise_ref_671998,合成运营主体_671998,store_ref_706758,G市,G市晴川西餐店,training_ref_219621,总配开早正包,30,已确认,30,已确认,2026-05-03T00:00:00,12,2,job_ref_816524
西餐,2,2,G市晴川西餐店,2026-05-03,enterprise_ref_671998,合成运营主体_671998,store_ref_706758,G市,G市晴川西餐店,training_ref_219621,总配开早正包,30,已确认,30,已确认,2026-05-03T00:00:00,12,2,job_ref_816524
西餐,2,2,G市晴川西餐店,2026-05-03,enterprise_ref_671998,合成运营主体_671998,store_ref_706758,G市,G市晴川西餐店,training_ref_219621,总配开早正包,30,已确认,30,已确认,2026-05-03T00:00:00,12,2,job_ref_816524
西餐,2,2,G市晴川西餐店,2026-05-03,enterprise_ref_671998,合成运营主体_671998,store_ref_706758,G市,G市晴川西餐店,training_ref_219621,总配开早正包,30,已确认,30,已确认,2026-05-03T00:00:00,12,2,job_ref_816524
西餐,2,2,G市晴川西餐店,2026-05-03,enterprise_ref_671998,合成运营主体_671998,store_ref_706758,G市,G市晴川西餐店,training_ref_865839,柜台点配发饮包,30,已确认,30,已确认,2026-05-03T00:00:00,12,2,job_ref_816524
西餐,2,2,G市晴川西餐店,2026-05-03,enterprise_ref_671998,合成运营主体_671998,store_ref_706758,G市,G市晴川西餐店,training_ref_865839,柜台点配发饮包,30,已确认,30,已确认,2026-05-03T00:00:00,12,2,job_ref_816524
西餐,2,2,G市晴川西餐店,2026-05-03,enterprise_ref_671998,合成运营主体_671998,store_ref_706758,G市,G市晴川西餐店,training_ref_865839,柜台点配发饮包,30,已确认,30,已确认,2026-05-03T00:00:00,12,2,job_ref_816524
西餐,2,2,G市晴川西餐店,2026-05-03,enterprise_ref_671998,合成运营主体_671998,store_ref_706758,G市,G市晴川西餐店,training_ref_865839,柜台点配发饮包,30,已确认,30,已确认,2026-05-03T00:00:00,12,2,job_ref_816524
西餐,2,2,G市晴川西餐店,2026-05-03,enterprise_ref_671998,合成运营主体_671998,store_ref_706758,G市,G市晴川西餐店,training_ref_865839,柜台点配发饮包,30,已确认,30,已确认,2026-05-03T00:00:00,12,2,job_ref_816524
西餐,2,2,G市晴川西餐店,2026-05-03,enterprise_ref_671998,合成运营主体_671998,store_ref_706758,G市,G市晴川西餐店,training_ref_865839,柜台点配发饮包,30,已确认,30,已确认,2026-05-03T00:00:00,12,2,job_ref_816524
西餐,2,2,G市晴川西餐店,2026-05-03,enterprise_ref_671998,合成运营主体_671998,store_ref_706758,G市,G市晴川西餐店,training_ref_865839,柜台点配发饮包,30,已确认,30,已确认,2026-05-03T00:00:00,12,2,job_ref_816524
西餐,2,2,G市晴川西餐店,2026-05-03,enterprise_ref_671998,合成运营主体_671998,store_ref_706758,G市,G市晴川西餐店,training_ref_865839,柜台点配发饮包,30,已确认,30,已确认,2026-05-03T00:00:00,12,2,job_ref_816524
西餐,2,2,G市晴川西餐店,2026-05-03,enterprise_ref_671998,合成运营主体_671998,store_ref_706758,G市,G市晴川西餐店,training_ref_865839,柜台点配发饮包,30,已确认,30,已确认,2026-05-03T00:00:00,12,2,job_ref_816524
西餐,2,2,G市晴川西餐店,2026-05-03,enterprise_ref_671998,合成运营主体_671998,store_ref_706758,G市,G市晴川西餐店,training_ref_865839,柜台点配发饮包,30,已确认,30,已确认,2026-05-03T00:00:00,12,2,job_ref_816524
西餐,2,2,G市晴川西餐店,2026-05-03,enterprise_ref_671998,合成运营主体_671998,store_ref_706758,G市,G市晴川西餐店,training_ref_865839,柜台点配发饮包,30,已确认,30,已确认,2026-05-03T00:00:00,12,2,job_ref_816524
西餐,2,2,G市晴川西餐店,2026-05-03,enterprise_ref_671998,合成运营主体_671998,store_ref_706758,G市,G市晴川西餐店,training_ref_865839,柜台点配发饮包,30,已确认,30,已确认,2026-05-03T00:00:00,12,2,job_ref_816524
西餐,2,2,G市晴川西餐店,2026-05-03,enterprise_ref_671998,合成运营主体_671998,store_ref_706758,G市,G市晴川西餐店,training_ref_865839,柜台点配发饮包,30,已确认,30,已确认,2026-05-03T00:00:00,12,2,job_ref_816524
西餐,2,2,G市晴川西餐店,2026-05-03,enterprise_ref_671998,合成运营主体_671998,store_ref_706758,G市,G市晴川西餐店,training_ref_865839,柜台点配发饮包,30,已确认,30,已确认,2026-05-03T00:00:00,12,2,job_ref_816524
西餐,2,2,G市晴川西餐店,2026-05-03,enterprise_ref_671998,合成运营主体_671998,store_ref_706758,G市,G市晴川西餐店,training_ref_865839,柜台点配发饮包,30,已确认,30,已确认,2026-05-03T00:00:00,12,2,job_ref_816524
西餐,2,2,G市晴川西餐店,2026-05-03,enterprise_ref_671998,合成运营主体_671998,store_ref_706758,G市,G市晴川西餐店,training_ref_865839,柜台点配发饮包,30,已确认,30,已确认,2026-05-03T00:00:00,12,2,job_ref_816524
西餐,2,2,G市晴川西餐店,2026-05-03,enterprise_ref_671998,合成运营主体_671998,store_ref_706758,G市,G市晴川西餐店,training_ref_865839,柜台点配发饮包,30,已确认,30,已确认,2026-05-03T00:00:00,12,2,job_ref_816524
西餐,2,2,G市晴川西餐店,2026-05-03,enterprise_ref_671998,合成运营主体_671998,store_ref_706758,G市,G市晴川西餐店,training_ref_865839,柜台点配发饮包,30,已确认,30,已确认,2026-05-03T00:00:00,12,2,job_ref_816524
西餐,2,2,G市晴川西餐店,2026-05-03,enterprise_ref_671998,合成运营主体_671998,store_ref_706758,G市,G市晴川西餐店,training_ref_865839,柜台点配发饮包,30,已确认,30,已确认,2026-05-03T00:00:00,12,2,job_ref_816524
西餐,2,2,G市晴川西餐店,2026-05-03,enterprise_ref_671998,合成运营主体_671998,store_ref_706758,G市,G市晴川西餐店,training_ref_865839,柜台点配发饮包,30,已确认,30,已确认,2026-05-03T00:00:00,12,2,job_ref_816524
西餐,2,2,G市晴川西餐店,2026-05-03,enterprise_ref_671998,合成运营主体_671998,store_ref_706758,G市,G市晴川西餐店,training_ref_865839,柜台点配发饮包,30,已确认,30,已确认,2026-05-03T00:00:00,12,2,job_ref_816524
西餐,2,2,G市晴川西餐店,2026-05-03,enterprise_ref_671998,合成运营主体_671998,store_ref_706758,G市,G市晴川西餐店,training_ref_865839,柜台点配发饮包,30,已确认,30,已确认,2026-05-03T00:00:00,12,2,job_ref_816524
西餐,2,2,G市晴川西餐店,2026-05-03,enterprise_ref_671998,合成运营主体_671998,store_ref_706758,G市,G市晴川西餐店,training_ref_865839,柜台点配发饮包,30,已确认,30,已确认,2026-05-03T00:00:00,12,2,job_ref_816524
西餐,2,2,G市晴川西餐店,2026-05-03,enterprise_ref_671998,合成运营主体_671998,store_ref_706758,G市,G市晴川西餐店,training_ref_865839,柜台点配发饮包,30,已确认,30,已确认,2026-05-03T00:00:00,12,2,job_ref_816524
西餐,2,2,G市晴川西餐店,2026-05-03,enterprise_ref_671998,合成运营主体_671998,store_ref_706758,G市,G市晴川西餐店,training_ref_865839,柜台点配发饮包,30,已确认,30,已确认,2026-05-03T00:00:00,12,2,job_ref_816524
西餐,2,2,G市晴川西餐店,2026-05-03,enterprise_ref_671998,合成运营主体_671998,store_ref_706758,G市,G市晴川西餐店,training_ref_865839,柜台点配发饮包,30,已确认,30,已确认,2026-05-03T00:00:00,12,2,job_ref_816524
西餐,2,2,G市晴川西餐店,2026-05-03,enterprise_ref_671998,合成运营主体_671998,store_ref_706758,G市,G市晴川西餐店,training_ref_194525,解冻腌制包,30,已确认,30,已确认,2026-05-03T00:00:00,6,1,job_ref_816524
西餐,2,2,G市晴川西餐店,2026-05-03,enterprise_ref_671998,合成运营主体_671998,store_ref_706758,G市,G市晴川西餐店,training_ref_194525,解冻腌制包,30,已确认,30,已确认,2026-05-03T00:00:00,6,1,job_ref_816524
西餐,2,2,G市晴川西餐店,2026-05-03,enterprise_ref_671998,合成运营主体_671998,store_ref_706758,G市,G市晴川西餐店,training_ref_194525,解冻腌制包,30,已确认,30,已确认,2026-05-03T00:00:00,6,1,job_ref_816524
西餐,2,2,G市晴川西餐店,2026-05-03,enterprise_ref_671998,合成运营主体_671998,store_ref_706758,G市,G市晴川西餐店,training_ref_194525,解冻腌制包,30,已确认,30,已确认,2026-05-03T00:00:00,6,1,job_ref_816524
西餐,2,2,G市晴川西餐店,2026-05-03,enterprise_ref_671998,合成运营主体_671998,store_ref_706758,G市,G市晴川西餐店,training_ref_640590,总配开早正含PP包,30,已确认,30,已确认,2026-05-03T00:00:00,18,3,job_ref_816524
西餐,2,2,G市晴川西餐店,2026-05-03,enterprise_ref_671998,合成运营主体_671998,store_ref_706758,G市,G市晴川西餐店,training_ref_640590,总配开早正含PP包,30,已确认,30,已确认,2026-05-03T00:00:00,18,3,job_ref_816524
西餐,2,2,G市晴川西餐店,2026-05-03,enterprise_ref_671998,合成运营主体_671998,store_ref_706758,G市,G市晴川西餐店,training_ref_640590,总配开早正含PP包,30,已确认,30,已确认,2026-05-03T00:00:00,18,3,job_ref_816524
西餐,2,2,G市晴川西餐店,2026-05-03,enterprise_ref_671998,合成运营主体_671998,store_ref_706758,G市,G市晴川西餐店,training_ref_640590,总配开早正含PP包,30,已确认,30,已确认,2026-05-03T00:00:00,18,3,job_ref_816524
西餐,2,2,G市晴川西餐店,2026-05-03,enterprise_ref_671998,合成运营主体_671998,store_ref_706758,G市,G市晴川西餐店,training_ref_640590,总配开早正含PP包,30,已确认,30,已确认,2026-05-03T00:00:00,18,3,job_ref_816524
西餐,2,2,G市晴川西餐店,2026-05-03,enterprise_ref_671998,合成运营主体_671998,store_ref_706758,G市,G市晴川西餐店,training_ref_640590,总配开早正含PP包,30,已确认,30,已确认,2026-05-03T00:00:00,18,3,job_ref_816524
西餐,2,2,G市晴川西餐店,2026-05-03,enterprise_ref_671998,合成运营主体_671998,store_ref_706758,G市,G市晴川西餐店,training_ref_640590,总配开早正含PP包,30,已确认,30,已确认,2026-05-03T00:00:00,18,3,job_ref_816524
西餐,2,2,G市晴川西餐店,2026-05-03,enterprise_ref_671998,合成运营主体_671998,store_ref_706758,G市,G市晴川西餐店,training_ref_640590,总配开早正含PP包,30,已确认,30,已确认,2026-05-03T00:00:00,18,3,job_ref_816524
西餐,2,2,G市晴川西餐店,2026-05-03,enterprise_ref_671998,合成运营主体_671998,store_ref_706758,G市,G市晴川西餐店,training_ref_640590,总配开早正含PP包,30,已确认,30,已确认,2026-05-03T00:00:00,18,3,job_ref_816524
西餐,2,2,G市晴川西餐店,2026-05-03,enterprise_ref_671998,合成运营主体_671998,store_ref_706758,G市,G市晴川西餐店,training_ref_640590,总配开早正含PP包,30,已确认,30,已确认,2026-05-03T00:00:00,18,3,job_ref_816524
西餐,2,2,G市晴川西餐店,2026-05-03,enterprise_ref_671998,合成运营主体_671998,store_ref_706758,G市,G市晴川西餐店,training_ref_640590,总配开早正含PP包,30,已确认,30,已确认,2026-05-03T00:00:00,18,3,job_ref_816524
西餐,2,2,G市晴川西餐店,2026-05-03,enterprise_ref_671998,合成运营主体_671998,store_ref_706758,G市,G市晴川西餐店,training_ref_640590,总配开早正含PP包,30,已确认,30,已确认,2026-05-03T00:00:00,18,3,job_ref_816524
西餐,2,2,G市晴川西餐店,2026-05-03,enterprise_ref_671998,合成运营主体_671998,store_ref_706758,G市,G市晴川西餐店,training_ref_640590,总配开早正含PP包,30,已确认,30,已确认,2026-05-03T00:00:00,18,3,job_ref_816524
西餐,2,2,G市晴川西餐店,2026-05-03,enterprise_ref_671998,合成运营主体_671998,store_ref_706758,G市,G市晴川西餐店,training_ref_640590,总配开早正含PP包,30,已确认,30,已确认,2026-05-03T00:00:00,18,3,job_ref_816524
西餐,2,2,G市晴川西餐店,2026-05-03,enterprise_ref_671998,合成运营主体_671998,store_ref_706758,G市,G市晴川西餐店,training_ref_690057,总配正餐含PP包,30,已确认,30,已确认,2026-05-03T00:00:00,12,2,job_ref_816524
西餐,2,2,G市晴川西餐店,2026-05-03,enterprise_ref_671998,合成运营主体_671998,store_ref_706758,G市,G市晴川西餐店,training_ref_690057,总配正餐含PP包,30,已确认,30,已确认,2026-05-03T00:00:00,12,2,job_ref_816524
西餐,2,2,G市晴川西餐店,2026-05-03,enterprise_ref_671998,合成运营主体_671998,store_ref_706758,G市,G市晴川西餐店,training_ref_690057,总配正餐含PP包,30,已确认,30,已确认,2026-05-03T00:00:00,12,2,job_ref_816524
西餐,2,2,G市晴川西餐店,2026-05-03,enterprise_ref_671998,合成运营主体_671998,store_ref_706758,G市,G市晴川西餐店,training_ref_690057,总配正餐含PP包,30,已确认,30,已确认,2026-05-03T00:00:00,12,2,job_ref_816524
西餐,2,2,G市晴川西餐店,2026-05-03,enterprise_ref_671998,合成运营主体_671998,store_ref_706758,G市,G市晴川西餐店,training_ref_690057,总配正餐含PP包,30,已确认,30,已确认,2026-05-03T00:00:00,12,2,job_ref_816524
西餐,2,2,G市晴川西餐店,2026-05-03,enterprise_ref_671998,合成运营主体_671998,store_ref_706758,G市,G市晴川西餐店,training_ref_690057,总配正餐含PP包,30,已确认,30,已确认,2026-05-03T00:00:00,12,2,job_ref_816524
西餐,2,2,G市晴川西餐店,2026-05-07,enterprise_ref_671998,合成运营主体_671998,store_ref_706758,G市,G市晴川西餐店,training_ref_060329,厨房正餐包,30,已确认,30,已确认,2026-05-07T00:00:00,18,3,job_ref_816524
西餐,2,2,G市晴川西餐店,2026-05-07,enterprise_ref_671998,合成运营主体_671998,store_ref_706758,G市,G市晴川西餐店,training_ref_060329,厨房正餐包,30,已确认,30,已确认,2026-05-07T00:00:00,18,3,job_ref_816524
西餐,2,2,G市晴川西餐店,2026-05-07,enterprise_ref_671998,合成运营主体_671998,store_ref_706758,G市,G市晴川西餐店,training_ref_060329,厨房正餐包,30,已确认,30,已确认,2026-05-07T00:00:00,18,3,job_ref_816524
西餐,2,2,G市晴川西餐店,2026-05-07,enterprise_ref_671998,合成运营主体_671998,store_ref_706758,G市,G市晴川西餐店,training_ref_060329,厨房正餐包,30,已确认,30,已确认,2026-05-07T00:00:00,18,3,job_ref_816524
西餐,2,2,G市晴川西餐店,2026-05-07,enterprise_ref_671998,合成运营主体_671998,store_ref_706758,G市,G市晴川西餐店,training_ref_060329,厨房正餐包,30,已确认,30,已确认,2026-05-07T00:00:00,18,3,job_ref_816524
西餐,2,2,G市晴川西餐店,2026-05-07,enterprise_ref_671998,合成运营主体_671998,store_ref_706758,G市,G市晴川西餐店,training_ref_060329,厨房正餐包,30,已确认,30,已确认,2026-05-07T00:00:00,18,3,job_ref_816524
西餐,2,2,G市晴川西餐店,2026-05-07,enterprise_ref_671998,合成运营主体_671998,store_ref_706758,G市,G市晴川西餐店,training_ref_060329,厨房正餐包,30,已确认,30,已确认,2026-05-07T00:00:00,18,3,job_ref_816524
西餐,2,2,G市晴川西餐店,2026-05-07,enterprise_ref_671998,合成运营主体_671998,store_ref_706758,G市,G市晴川西餐店,training_ref_060329,厨房正餐包,30,已确认,30,已确认,2026-05-07T00:00:00,18,3,job_ref_816524
西餐,2,2,G市晴川西餐店,2026-05-07,enterprise_ref_671998,合成运营主体_671998,store_ref_706758,G市,G市晴川西餐店,training_ref_865839,柜台点配发饮包,30,已确认,30,已确认,2026-05-07T00:00:00,12,2,job_ref_816524
西餐,2,2,G市晴川西餐店,2026-05-07,enterprise_ref_671998,合成运营主体_671998,store_ref_706758,G市,G市晴川西餐店,training_ref_865839,柜台点配发饮包,30,已确认,30,已确认,2026-05-07T00:00:00,12,2,job_ref_816524
西餐,2,2,G市晴川西餐店,2026-05-07,enterprise_ref_671998,合成运营主体_671998,store_ref_706758,G市,G市晴川西餐店,training_ref_865839,柜台点配发饮包,30,已确认,30,已确认,2026-05-07T00:00:00,12,2,job_ref_816524
西餐,2,2,G市晴川西餐店,2026-05-07,enterprise_ref_671998,合成运营主体_671998,store_ref_706758,G市,G市晴川西餐店,training_ref_865839,柜台点配发饮包,30,已确认,30,已确认,2026-05-07T00:00:00,12,2,job_ref_816524
西餐,2,2,G市晴川西餐店,2026-05-10,enterprise_ref_671998,合成运营主体_671998,store_ref_706758,G市,G市晴川西餐店,training_ref_060329,厨房正餐包,30,已确认,30,已确认,2026-05-10T00:00:00,18,3,job_ref_816524
西餐,2,2,G市晴川西餐店,2026-05-10,enterprise_ref_671998,合成运营主体_671998,store_ref_706758,G市,G市晴川西餐店,training_ref_060329,厨房正餐包,30,已确认,30,已确认,2026-05-10T00:00:00,18,3,job_ref_816524
西餐,2,2,G市晴川西餐店,2026-05-10,enterprise_ref_671998,合成运营主体_671998,store_ref_706758,G市,G市晴川西餐店,training_ref_060329,厨房正餐包,30,已确认,30,已确认,2026-05-10T00:00:00,18,3,job_ref_816524
西餐,2,2,G市晴川西餐店,2026-05-10,enterprise_ref_671998,合成运营主体_671998,store_ref_706758,G市,G市晴川西餐店,training_ref_636252,厨房开早正包,30,已确认,30,已确认,2026-05-10T00:00:00,21,3,job_ref_816524
西餐,2,2,G市晴川西餐店,2026-05-10,enterprise_ref_671998,合成运营主体_671998,store_ref_706758,G市,G市晴川西餐店,training_ref_636252,厨房开早正包,30,已确认,30,已确认,2026-05-10T00:00:00,21,3,job_ref_816524
西餐,2,2,G市晴川西餐店,2026-05-10,enterprise_ref_671998,合成运营主体_671998,store_ref_706758,G市,G市晴川西餐店,training_ref_636252,厨房开早正包,30,已确认,30,已确认,2026-05-10T00:00:00,21,3,job_ref_816524
西餐,2,2,G市晴川西餐店,2026-05-10,enterprise_ref_671998,合成运营主体_671998,store_ref_706758,G市,G市晴川西餐店,training_ref_865839,柜台点配发饮包,30,已确认,30,已确认,2026-05-10T00:00:00,12,2,job_ref_816524
西餐,2,2,G市晴川西餐店,2026-05-10,enterprise_ref_671998,合成运营主体_671998,store_ref_706758,G市,G市晴川西餐店,training_ref_865839,柜台点配发饮包,30,已确认,30,已确认,2026-05-10T00:00:00,12,2,job_ref_816524
西餐,2,2,G市晴川西餐店,2026-05-10,enterprise_ref_671998,合成运营主体_671998,store_ref_706758,G市,G市晴川西餐店,training_ref_865839,柜台点配发饮包,30,已确认,30,已确认,2026-05-10T00:00:00,12,2,job_ref_816524
西餐,2,2,G市晴川西餐店,2026-05-10,enterprise_ref_671998,合成运营主体_671998,store_ref_706758,G市,G市晴川西餐店,training_ref_865839,柜台点配发饮包,30,已确认,30,已确认,2026-05-10T00:00:00,12,2,job_ref_816524
西餐,2,2,G市晴川西餐店,2026-05-10,enterprise_ref_671998,合成运营主体_671998,store_ref_706758,G市,G市晴川西餐店,training_ref_865839,柜台点配发饮包,30,已确认,30,已确认,2026-05-10T00:00:00,12,2,job_ref_816524
西餐,2,2,G市晴川西餐店,2026-05-10,enterprise_ref_671998,合成运营主体_671998,store_ref_706758,G市,G市晴川西餐店,training_ref_865839,柜台点配发饮包,30,已确认,30,已确认,2026-05-10T00:00:00,12,2,job_ref_816524
西餐,2,2,G市晴川西餐店,2026-05-10,enterprise_ref_671998,合成运营主体_671998,store_ref_706758,G市,G市晴川西餐店,training_ref_865839,柜台点配发饮包,30,已确认,30,已确认,2026-05-10T00:00:00,12,2,job_ref_816524
西餐,2,2,G市晴川西餐店,2026-05-10,enterprise_ref_671998,合成运营主体_671998,store_ref_706758,G市,G市晴川西餐店,training_ref_865839,柜台点配发饮包,30,已确认,30,已确认,2026-05-10T00:00:00,12,2,job_ref_816524
西餐,2,2,G市晴川西餐店,2026-05-10,enterprise_ref_671998,合成运营主体_671998,store_ref_706758,G市,G市晴川西餐店,training_ref_194525,解冻腌制包,30,已确认,30,已确认,2026-05-10T00:00:00,6,1,job_ref_816524
西餐,2,2,G市晴川西餐店,2026-05-10,enterprise_ref_671998,合成运营主体_671998,store_ref_706758,G市,G市晴川西餐店,training_ref_194525,解冻腌制包,30,已确认,30,已确认,2026-05-10T00:00:00,6,1,job_ref_816524
西餐,2,2,G市晴川西餐店,2026-05-11,enterprise_ref_671998,合成运营主体_671998,store_ref_706758,G市,G市晴川西餐店,training_ref_060329,厨房正餐包,30,已确认,30,已确认,2026-05-11T00:00:00,18,3,job_ref_816524
西餐,2,2,G市晴川西餐店,2026-05-11,enterprise_ref_671998,合成运营主体_671998,store_ref_706758,G市,G市晴川西餐店,training_ref_060329,厨房正餐包,30,已确认,30,已确认,2026-05-11T00:00:00,18,3,job_ref_816524
西餐,2,2,G市晴川西餐店,2026-05-11,enterprise_ref_671998,合成运营主体_671998,store_ref_706758,G市,G市晴川西餐店,training_ref_060329,厨房正餐包,30,已确认,30,已确认,2026-05-11T00:00:00,18,3,job_ref_816524
西餐,2,2,G市晴川西餐店,2026-05-12,enterprise_ref_671998,合成运营主体_671998,store_ref_706758,G市,G市晴川西餐店,training_ref_865839,柜台点配发饮包,30,已确认,30,已确认,2026-05-12T00:00:00,12,2,job_ref_816524
西餐,2,2,G市晴川西餐店,2026-05-12,enterprise_ref_671998,合成运营主体_671998,store_ref_706758,G市,G市晴川西餐店,training_ref_865839,柜台点配发饮包,30,已确认,30,已确认,2026-05-12T00:00:00,12,2,job_ref_816524
西餐,2,2,G市晴川西餐店,2026-05-12,enterprise_ref_671998,合成运营主体_671998,store_ref_706758,G市,G市晴川西餐店,training_ref_865839,柜台点配发饮包,30,已确认,30,已确认,2026-05-12T00:00:00,12,2,job_ref_816524
西餐,2,2,G市晴川西餐店,2026-05-12,enterprise_ref_671998,合成运营主体_671998,store_ref_706758,G市,G市晴川西餐店,training_ref_865839,柜台点配发饮包,30,已确认,30,已确认,2026-05-12T00:00:00,12,2,job_ref_816524
西餐,2,2,G市晴川西餐店,2026-05-12,enterprise_ref_671998,合成运营主体_671998,store_ref_706758,G市,G市晴川西餐店,training_ref_865839,柜台点配发饮包,30,已确认,30,已确认,2026-05-12T00:00:00,12,2,job_ref_816524
西餐,2,2,G市晴川西餐店,2026-05-12,enterprise_ref_671998,合成运营主体_671998,store_ref_706758,G市,G市晴川西餐店,training_ref_865839,柜台点配发饮包,30,已确认,30,已确认,2026-05-12T00:00:00,12,2,job_ref_816524
西餐,2,2,G市晴川西餐店,2026-05-12,enterprise_ref_671998,合成运营主体_671998,store_ref_706758,G市,G市晴川西餐店,training_ref_865839,柜台点配发饮包,30,已确认,30,已确认,2026-05-12T00:00:00,12,2,job_ref_816524
西餐,2,2,G市晴川西餐店,2026-05-12,enterprise_ref_671998,合成运营主体_671998,store_ref_706758,G市,G市晴川西餐店,training_ref_865839,柜台点配发饮包,30,已确认,30,已确认,2026-05-12T00:00:00,12,2,job_ref_816524
西餐,2,2,G市晴川西餐店,2026-05-12,enterprise_ref_671998,合成运营主体_671998,store_ref_706758,G市,G市晴川西餐店,training_ref_865839,柜台点配发饮包,30,已确认,30,已确认,2026-05-12T00:00:00,12,2,job_ref_816524
西餐,2,2,G市晴川西餐店,2026-05-12,enterprise_ref_671998,合成运营主体_671998,store_ref_706758,G市,G市晴川西餐店,training_ref_865839,柜台点配发饮包,30,已确认,30,已确认,2026-05-12T00:00:00,12,2,job_ref_816524
西餐,2,2,G市晴川西餐店,2026-05-14,enterprise_ref_671998,合成运营主体_671998,store_ref_706758,G市,G市晴川西餐店,training_ref_060329,厨房正餐包,30,已确认,30,已确认,2026-05-14T00:00:00,18,3,job_ref_816524
西餐,2,2,G市晴川西餐店,2026-05-14,enterprise_ref_671998,合成运营主体_671998,store_ref_706758,G市,G市晴川西餐店,training_ref_060329,厨房正餐包,30,已确认,30,已确认,2026-05-14T00:00:00,18,3,job_ref_816524
西餐,2,2,G市晴川西餐店,2026-05-14,enterprise_ref_671998,合成运营主体_671998,store_ref_706758,G市,G市晴川西餐店,training_ref_060329,厨房正餐包,30,已确认,30,已确认,2026-05-14T00:00:00,18,3,job_ref_816524
西餐,2,2,G市晴川西餐店,2026-05-14,enterprise_ref_671998,合成运营主体_671998,store_ref_706758,G市,G市晴川西餐店,training_ref_060329,厨房正餐包,30,已确认,30,已确认,2026-05-14T00:00:00,18,3,job_ref_816524
西餐,2,2,G市晴川西餐店,2026-05-14,enterprise_ref_671998,合成运营主体_671998,store_ref_706758,G市,G市晴川西餐店,training_ref_060329,厨房正餐包,30,已确认,30,已确认,2026-05-14T00:00:00,18,3,job_ref_816524
西餐,2,2,G市晴川西餐店,2026-05-14,enterprise_ref_671998,合成运营主体_671998,store_ref_706758,G市,G市晴川西餐店,training_ref_865839,柜台点配发饮包,30,已确认,30,已确认,2026-05-14T00:00:00,12,2,job_ref_816524
西餐,2,2,G市晴川西餐店,2026-05-14,enterprise_ref_671998,合成运营主体_671998,store_ref_706758,G市,G市晴川西餐店,training_ref_865839,柜台点配发饮包,30,已确认,30,已确认,2026-05-14T00:00:00,12,2,job_ref_816524
西餐,2,2,G市晴川西餐店,2026-05-14,enterprise_ref_671998,合成运营主体_671998,store_ref_706758,G市,G市晴川西餐店,training_ref_865839,柜台点配发饮包,30,已确认,30,已确认,2026-05-14T00:00:00,12,2,job_ref_816524
西餐,2,2,G市晴川西餐店,2026-05-14,enterprise_ref_671998,合成运营主体_671998,store_ref_706758,G市,G市晴川西餐店,training_ref_865839,柜台点配发饮包,30,已确认,30,已确认,2026-05-14T00:00:00,12,2,job_ref_816524
西餐,2,2,G市晴川西餐店,2026-05-14,enterprise_ref_671998,合成运营主体_671998,store_ref_706758,G市,G市晴川西餐店,training_ref_865839,柜台点配发饮包,30,已确认,30,已确认,2026-05-14T00:00:00,12,2,job_ref_816524
西餐,2,2,G市晴川西餐店,2026-05-14,enterprise_ref_671998,合成运营主体_671998,store_ref_706758,G市,G市晴川西餐店,training_ref_865839,柜台点配发饮包,30,已确认,30,已确认,2026-05-14T00:00:00,12,2,job_ref_816524
西餐,2,2,G市晴川西餐店,2026-05-14,enterprise_ref_671998,合成运营主体_671998,store_ref_706758,G市,G市晴川西餐店,training_ref_865839,柜台点配发饮包,30,已确认,30,已确认,2026-05-14T00:00:00,12,2,job_ref_816524
西餐,2,2,G市晴川西餐店,2026-05-14,enterprise_ref_671998,合成运营主体_671998,store_ref_706758,G市,G市晴川西餐店,training_ref_865839,柜台点配发饮包,30,已确认,30,已确认,2026-05-14T00:00:00,12,2,job_ref_816524
西餐,2,2,G市晴川西餐店,2026-05-14,enterprise_ref_671998,合成运营主体_671998,store_ref_706758,G市,G市晴川西餐店,training_ref_865839,柜台点配发饮包,30,已确认,30,已确认,2026-05-14T00:00:00,12,2,job_ref_816524
西餐,2,2,G市晴川西餐店,2026-05-14,enterprise_ref_671998,合成运营主体_671998,store_ref_706758,G市,G市晴川西餐店,training_ref_865839,柜台点配发饮包,30,已确认,30,已确认,2026-05-14T00:00:00,12,2,job_ref_816524
西餐,2,2,G市晴川西餐店,2026-05-14,enterprise_ref_671998,合成运营主体_671998,store_ref_706758,G市,G市晴川西餐店,training_ref_865839,柜台点配发饮包,30,已确认,30,已确认,2026-05-14T00:00:00,12,2,job_ref_816524
西餐,2,2,G市晴川西餐店,2026-05-14,enterprise_ref_671998,合成运营主体_671998,store_ref_706758,G市,G市晴川西餐店,training_ref_865839,柜台点配发饮包,30,已确认,30,已确认,2026-05-14T00:00:00,12,2,job_ref_816524
西餐,2,2,G市晴川西餐店,2026-05-14,enterprise_ref_671998,合成运营主体_671998,store_ref_706758,G市,G市晴川西餐店,training_ref_865839,柜台点配发饮包,30,已确认,30,已确认,2026-05-14T00:00:00,12,2,job_ref_816524
西餐,2,2,G市晴川西餐店,2026-05-14,enterprise_ref_671998,合成运营主体_671998,store_ref_706758,G市,G市晴川西餐店,training_ref_865839,柜台点配发饮包,30,已确认,30,已确认,2026-05-14T00:00:00,12,2,job_ref_816524
西餐,2,2,G市晴川西餐店,2026-05-14,enterprise_ref_671998,合成运营主体_671998,store_ref_706758,G市,G市晴川西餐店,training_ref_865839,柜台点配发饮包,30,已确认,30,已确认,2026-05-14T00:00:00,12,2,job_ref_816524
西餐,2,2,G市晴川西餐店,2026-05-14,enterprise_ref_671998,合成运营主体_671998,store_ref_706758,G市,G市晴川西餐店,training_ref_865839,柜台点配发饮包,30,已确认,30,已确认,2026-05-14T00:00:00,12,2,job_ref_816524
西餐,2,2,G市晴川西餐店,2026-05-14,enterprise_ref_671998,合成运营主体_671998,store_ref_706758,G市,G市晴川西餐店,training_ref_865839,柜台点配发饮包,30,已确认,30,已确认,2026-05-14T00:00:00,12,2,job_ref_816524
西餐,2,2,G市晴川西餐店,2026-05-14,enterprise_ref_671998,合成运营主体_671998,store_ref_706758,G市,G市晴川西餐店,training_ref_865839,柜台点配发饮包,30,已确认,30,已确认,2026-05-14T00:00:00,12,2,job_ref_816524
西餐,2,2,G市晴川西餐店,2026-05-14,enterprise_ref_671998,合成运营主体_671998,store_ref_706758,G市,G市晴川西餐店,training_ref_865839,柜台点配发饮包,30,已确认,30,已确认,2026-05-14T00:00:00,12,2,job_ref_816524
西餐,2,2,G市晴川西餐店,2026-05-15,enterprise_ref_671998,合成运营主体_671998,store_ref_706758,G市,G市晴川西餐店,training_ref_865839,柜台点配发饮包,30,已确认,30,已确认,2026-05-15T00:00:00,12,2,job_ref_816524
西餐,2,2,G市晴川西餐店,2026-05-15,enterprise_ref_671998,合成运营主体_671998,store_ref_706758,G市,G市晴川西餐店,training_ref_865839,柜台点配发饮包,30,已确认,30,已确认,2026-05-15T00:00:00,12,2,job_ref_816524
西餐,2,2,G市晴川西餐店,2026-05-15,enterprise_ref_671998,合成运营主体_671998,store_ref_706758,G市,G市晴川西餐店,training_ref_865839,柜台点配发饮包,30,已确认,30,已确认,2026-05-15T00:00:00,12,2,job_ref_816524
西餐,2,2,G市晴川西餐店,2026-05-15,enterprise_ref_671998,合成运营主体_671998,store_ref_706758,G市,G市晴川西餐店,training_ref_865839,柜台点配发饮包,30,已确认,30,已确认,2026-05-15T00:00:00,12,2,job_ref_816524
西餐,2,2,G市晴川西餐店,2026-05-16,enterprise_ref_671998,合成运营主体_671998,store_ref_706758,G市,G市晴川西餐店,training_ref_194525,解冻腌制包,30,已确认,30,已确认,2026-05-16T00:00:00,6,1,job_ref_816524
西餐,2,2,G市晴川西餐店,2026-05-16,enterprise_ref_671998,合成运营主体_671998,store_ref_706758,G市,G市晴川西餐店,training_ref_194525,解冻腌制包,30,已确认,30,已确认,2026-05-16T00:00:00,6,1,job_ref_816524
西餐,2,2,G市晴川西餐店,2026-05-16,enterprise_ref_671998,合成运营主体_671998,store_ref_706758,G市,G市晴川西餐店,training_ref_194525,解冻腌制包,30,已确认,30,已确认,2026-05-16T00:00:00,6,1,job_ref_816524
西餐,2,2,G市晴川西餐店,2026-05-16,enterprise_ref_671998,合成运营主体_671998,store_ref_706758,G市,G市晴川西餐店,training_ref_194525,解冻腌制包,30,已确认,30,已确认,2026-05-16T00:00:00,6,1,job_ref_816524
西餐,2,2,G市晴川西餐店,2026-05-17,enterprise_ref_671998,合成运营主体_671998,store_ref_706758,G市,G市晴川西餐店,training_ref_755189,总配正餐包,30,已确认,30,已确认,2026-05-17T00:00:00,6,1,job_ref_816524
西餐,2,2,G市晴川西餐店,2026-05-17,enterprise_ref_671998,合成运营主体_671998,store_ref_706758,G市,G市晴川西餐店,training_ref_755189,总配正餐包,30,已确认,30,已确认,2026-05-17T00:00:00,6,1,job_ref_816524
西餐,2,2,G市晴川西餐店,2026-05-17,enterprise_ref_671998,合成运营主体_671998,store_ref_706758,G市,G市晴川西餐店,training_ref_755189,总配正餐包,30,已确认,30,已确认,2026-05-17T00:00:00,6,1,job_ref_816524
西餐,2,2,G市晴川西餐店,2026-05-17,enterprise_ref_671998,合成运营主体_671998,store_ref_706758,G市,G市晴川西餐店,training_ref_865839,柜台点配发饮包,30,已确认,30,已确认,2026-05-17T00:00:00,12,2,job_ref_816524
西餐,2,2,G市晴川西餐店,2026-05-17,enterprise_ref_671998,合成运营主体_671998,store_ref_706758,G市,G市晴川西餐店,training_ref_865839,柜台点配发饮包,30,已确认,30,已确认,2026-05-17T00:00:00,12,2,job_ref_816524
西餐,2,2,G市晴川西餐店,2026-05-17,enterprise_ref_671998,合成运营主体_671998,store_ref_706758,G市,G市晴川西餐店,training_ref_865839,柜台点配发饮包,30,已确认,30,已确认,2026-05-17T00:00:00,12,2,job_ref_816524
西餐,2,2,G市晴川西餐店,2026-05-18,enterprise_ref_671998,合成运营主体_671998,store_ref_706758,G市,G市晴川西餐店,training_ref_060329,厨房正餐包,30,已确认,30,已确认,2026-05-18T00:00:00,18,3,job_ref_816524
西餐,2,2,G市晴川西餐店,2026-05-18,enterprise_ref_671998,合成运营主体_671998,store_ref_706758,G市,G市晴川西餐店,training_ref_060329,厨房正餐包,30,已确认,30,已确认,2026-05-18T00:00:00,18,3,job_ref_816524
西餐,2,2,G市晴川西餐店,2026-05-18,enterprise_ref_671998,合成运营主体_671998,store_ref_706758,G市,G市晴川西餐店,training_ref_060329,厨房正餐包,30,已确认,30,已确认,2026-05-18T00:00:00,18,3,job_ref_816524
西餐,2,2,G市晴川西餐店,2026-05-18,enterprise_ref_671998,合成运营主体_671998,store_ref_706758,G市,G市晴川西餐店,training_ref_060329,厨房正餐包,30,已确认,30,已确认,2026-05-18T00:00:00,18,3,job_ref_816524
西餐,2,2,G市晴川西餐店,2026-05-18,enterprise_ref_671998,合成运营主体_671998,store_ref_706758,G市,G市晴川西餐店,training_ref_060329,厨房正餐包,30,已确认,30,已确认,2026-05-18T00:00:00,18,3,job_ref_816524
西餐,2,2,G市晴川西餐店,2026-05-18,enterprise_ref_671998,合成运营主体_671998,store_ref_706758,G市,G市晴川西餐店,training_ref_060329,厨房正餐包,30,已确认,30,已确认,2026-05-18T00:00:00,18,3,job_ref_816524
西餐,2,2,G市晴川西餐店,2026-05-19,enterprise_ref_671998,合成运营主体_671998,store_ref_706758,G市,G市晴川西餐店,training_ref_865839,柜台点配发饮包,30,已确认,30,已确认,2026-05-19T00:00:00,12,2,job_ref_816524
西餐,2,2,G市晴川西餐店,2026-05-19,enterprise_ref_671998,合成运营主体_671998,store_ref_706758,G市,G市晴川西餐店,training_ref_865839,柜台点配发饮包,30,已确认,30,已确认,2026-05-19T00:00:00,12,2,job_ref_816524
西餐,2,2,G市晴川西餐店,2026-05-19,enterprise_ref_671998,合成运营主体_671998,store_ref_706758,G市,G市晴川西餐店,training_ref_865839,柜台点配发饮包,30,已确认,30,已确认,2026-05-19T00:00:00,12,2,job_ref_816524
西餐,2,2,G市晴川西餐店,2026-05-19,enterprise_ref_671998,合成运营主体_671998,store_ref_706758,G市,G市晴川西餐店,training_ref_865839,柜台点配发饮包,30,已确认,30,已确认,2026-05-19T00:00:00,12,2,job_ref_816524
西餐,2,2,G市晴川西餐店,2026-05-20,enterprise_ref_671998,合成运营主体_671998,store_ref_706758,G市,G市晴川西餐店,training_ref_865839,柜台点配发饮包,30,已确认,30,已确认,2026-05-20T00:00:00,12,2,job_ref_816524
西餐,2,2,G市晴川西餐店,2026-05-20,enterprise_ref_671998,合成运营主体_671998,store_ref_706758,G市,G市晴川西餐店,training_ref_865839,柜台点配发饮包,30,已确认,30,已确认,2026-05-20T00:00:00,12,2,job_ref_816524
西餐,2,2,G市晴川西餐店,2026-05-20,enterprise_ref_671998,合成运营主体_671998,store_ref_706758,G市,G市晴川西餐店,training_ref_865839,柜台点配发饮包,30,已确认,30,已确认,2026-05-20T00:00:00,12,2,job_ref_816524
西餐,2,2,G市晴川西餐店,2026-05-20,enterprise_ref_671998,合成运营主体_671998,store_ref_706758,G市,G市晴川西餐店,training_ref_865839,柜台点配发饮包,30,已确认,30,已确认,2026-05-20T00:00:00,12,2,job_ref_816524
西餐,2,2,G市晴川西餐店,2026-05-21,enterprise_ref_671998,合成运营主体_671998,store_ref_706758,G市,G市晴川西餐店,training_ref_060329,厨房正餐包,30,已确认,30,已确认,2026-05-21T00:00:00,18,3,job_ref_816524
西餐,2,2,G市晴川西餐店,2026-05-21,enterprise_ref_671998,合成运营主体_671998,store_ref_706758,G市,G市晴川西餐店,training_ref_060329,厨房正餐包,30,已确认,30,已确认,2026-05-21T00:00:00,18,3,job_ref_816524
西餐,2,2,G市晴川西餐店,2026-05-21,enterprise_ref_671998,合成运营主体_671998,store_ref_706758,G市,G市晴川西餐店,training_ref_060329,厨房正餐包,30,已确认,30,已确认,2026-05-21T00:00:00,18,3,job_ref_816524
西餐,2,2,G市晴川西餐店,2026-05-21,enterprise_ref_671998,合成运营主体_671998,store_ref_706758,G市,G市晴川西餐店,training_ref_060329,厨房正餐包,30,已确认,30,已确认,2026-05-21T00:00:00,18,3,job_ref_816524
西餐,2,2,G市晴川西餐店,2026-05-21,enterprise_ref_671998,合成运营主体_671998,store_ref_706758,G市,G市晴川西餐店,training_ref_060329,厨房正餐包,30,已确认,30,已确认,2026-05-21T00:00:00,18,3,job_ref_816524
西餐,2,2,G市晴川西餐店,2026-05-21,enterprise_ref_671998,合成运营主体_671998,store_ref_706758,G市,G市晴川西餐店,training_ref_060329,厨房正餐包,30,已确认,30,已确认,2026-05-21T00:00:00,18,3,job_ref_816524
西餐,2,2,G市晴川西餐店,2026-05-21,enterprise_ref_671998,合成运营主体_671998,store_ref_706758,G市,G市晴川西餐店,training_ref_060329,厨房正餐包,30,已确认,30,已确认,2026-05-21T00:00:00,18,3,job_ref_816524
西餐,2,2,G市晴川西餐店,2026-05-21,enterprise_ref_671998,合成运营主体_671998,store_ref_706758,G市,G市晴川西餐店,training_ref_060329,厨房正餐包,30,已确认,30,已确认,2026-05-21T00:00:00,18,3,job_ref_816524
西餐,2,2,G市晴川西餐店,2026-05-21,enterprise_ref_671998,合成运营主体_671998,store_ref_706758,G市,G市晴川西餐店,training_ref_060329,厨房正餐包,30,已确认,30,已确认,2026-05-21T00:00:00,18,3,job_ref_816524
西餐,2,2,G市晴川西餐店,2026-05-21,enterprise_ref_671998,合成运营主体_671998,store_ref_706758,G市,G市晴川西餐店,training_ref_060329,厨房正餐包,30,已确认,30,已确认,2026-05-21T00:00:00,18,3,job_ref_816524
西餐,2,2,G市晴川西餐店,2026-05-21,enterprise_ref_671998,合成运营主体_671998,store_ref_706758,G市,G市晴川西餐店,training_ref_060329,厨房正餐包,30,已确认,30,已确认,2026-05-21T00:00:00,18,3,job_ref_816524
西餐,2,2,G市晴川西餐店,2026-05-21,enterprise_ref_671998,合成运营主体_671998,store_ref_706758,G市,G市晴川西餐店,training_ref_060329,厨房正餐包,30,已确认,30,已确认,2026-05-21T00:00:00,18,3,job_ref_816524
西餐,2,2,G市晴川西餐店,2026-05-21,enterprise_ref_671998,合成运营主体_671998,store_ref_706758,G市,G市晴川西餐店,training_ref_060329,厨房正餐包,30,已确认,30,已确认,2026-05-21T00:00:00,18,3,job_ref_816524
西餐,2,2,G市晴川西餐店,2026-05-21,enterprise_ref_671998,合成运营主体_671998,store_ref_706758,G市,G市晴川西餐店,training_ref_060329,厨房正餐包,30,已确认,30,已确认,2026-05-21T00:00:00,18,3,job_ref_816524
西餐,2,2,G市晴川西餐店,2026-05-21,enterprise_ref_671998,合成运营主体_671998,store_ref_706758,G市,G市晴川西餐店,training_ref_060329,厨房正餐包,30,已确认,30,已确认,2026-05-21T00:00:00,18,3,job_ref_816524
西餐,2,2,G市晴川西餐店,2026-05-21,enterprise_ref_671998,合成运营主体_671998,store_ref_706758,G市,G市晴川西餐店,training_ref_060329,厨房正餐包,30,已确认,30,已确认,2026-05-21T00:00:00,18,3,job_ref_816524
西餐,2,2,G市晴川西餐店,2026-05-21,enterprise_ref_671998,合成运营主体_671998,store_ref_706758,G市,G市晴川西餐店,training_ref_060329,厨房正餐包,30,已确认,30,已确认,2026-05-21T00:00:00,18,3,job_ref_816524
西餐,2,2,G市晴川西餐店,2026-05-21,enterprise_ref_671998,合成运营主体_671998,store_ref_706758,G市,G市晴川西餐店,training_ref_060329,厨房正餐包,30,已确认,30,已确认,2026-05-21T00:00:00,18,3,job_ref_816524
西餐,2,2,G市晴川西餐店,2026-05-21,enterprise_ref_671998,合成运营主体_671998,store_ref_706758,G市,G市晴川西餐店,training_ref_755189,总配正餐包,30,已确认,30,已确认,2026-05-21T00:00:00,6,1,job_ref_816524
西餐,2,2,G市晴川西餐店,2026-05-21,enterprise_ref_671998,合成运营主体_671998,store_ref_706758,G市,G市晴川西餐店,training_ref_755189,总配正餐包,30,已确认,30,已确认,2026-05-21T00:00:00,6,1,job_ref_816524
西餐,2,2,G市晴川西餐店,2026-05-21,enterprise_ref_671998,合成运营主体_671998,store_ref_706758,G市,G市晴川西餐店,training_ref_636252,厨房开早正包,30,已确认,30,已确认,2026-05-21T00:00:00,21,3,job_ref_816524
西餐,2,2,G市晴川西餐店,2026-05-21,enterprise_ref_671998,合成运营主体_671998,store_ref_706758,G市,G市晴川西餐店,training_ref_636252,厨房开早正包,30,已确认,30,已确认,2026-05-21T00:00:00,21,3,job_ref_816524
西餐,2,2,G市晴川西餐店,2026-05-21,enterprise_ref_671998,合成运营主体_671998,store_ref_706758,G市,G市晴川西餐店,training_ref_636252,厨房开早正包,30,已确认,30,已确认,2026-05-21T00:00:00,21,3,job_ref_816524
西餐,2,2,G市晴川西餐店,2026-05-21,enterprise_ref_671998,合成运营主体_671998,store_ref_706758,G市,G市晴川西餐店,training_ref_865839,柜台点配发饮包,30,已确认,30,已确认,2026-05-21T00:00:00,12,2,job_ref_816524
西餐,2,2,G市晴川西餐店,2026-05-21,enterprise_ref_671998,合成运营主体_671998,store_ref_706758,G市,G市晴川西餐店,training_ref_865839,柜台点配发饮包,30,已确认,30,已确认,2026-05-21T00:00:00,12,2,job_ref_816524
西餐,2,2,G市晴川西餐店,2026-05-21,enterprise_ref_671998,合成运营主体_671998,store_ref_706758,G市,G市晴川西餐店,training_ref_865839,柜台点配发饮包,30,已确认,30,已确认,2026-05-21T00:00:00,12,2,job_ref_816524
西餐,2,2,G市晴川西餐店,2026-05-21,enterprise_ref_671998,合成运营主体_671998,store_ref_706758,G市,G市晴川西餐店,training_ref_865839,柜台点配发饮包,30,已确认,30,已确认,2026-05-21T00:00:00,12,2,job_ref_816524
西餐,2,2,G市晴川西餐店,2026-05-21,enterprise_ref_671998,合成运营主体_671998,store_ref_706758,G市,G市晴川西餐店,training_ref_194525,解冻腌制包,30,已确认,30,已确认,2026-05-21T00:00:00,6,1,job_ref_816524
西餐,2,2,G市晴川西餐店,2026-05-21,enterprise_ref_671998,合成运营主体_671998,store_ref_706758,G市,G市晴川西餐店,training_ref_194525,解冻腌制包,30,已确认,30,已确认,2026-05-21T00:00:00,6,1,job_ref_816524
西餐,2,2,G市晴川西餐店,2026-05-21,enterprise_ref_671998,合成运营主体_671998,store_ref_706758,G市,G市晴川西餐店,training_ref_194525,解冻腌制包,30,已确认,30,已确认,2026-05-21T00:00:00,6,1,job_ref_816524
西餐,2,2,G市晴川西餐店,2026-05-22,enterprise_ref_671998,合成运营主体_671998,store_ref_706758,G市,G市晴川西餐店,training_ref_636252,厨房开早正包,30,已确认,30,已确认,2026-05-22T00:00:00,21,3,job_ref_816524
西餐,2,2,G市晴川西餐店,2026-05-22,enterprise_ref_671998,合成运营主体_671998,store_ref_706758,G市,G市晴川西餐店,training_ref_636252,厨房开早正包,30,已确认,30,已确认,2026-05-22T00:00:00,21,3,job_ref_816524
西餐,2,2,G市晴川西餐店,2026-05-22,enterprise_ref_671998,合成运营主体_671998,store_ref_706758,G市,G市晴川西餐店,training_ref_636252,厨房开早正包,30,已确认,30,已确认,2026-05-22T00:00:00,21,3,job_ref_816524
西餐,2,2,G市晴川西餐店,2026-05-22,enterprise_ref_671998,合成运营主体_671998,store_ref_706758,G市,G市晴川西餐店,training_ref_636252,厨房开早正包,30,已确认,30,已确认,2026-05-22T00:00:00,21,3,job_ref_816524
西餐,2,2,G市晴川西餐店,2026-05-22,enterprise_ref_671998,合成运营主体_671998,store_ref_706758,G市,G市晴川西餐店,training_ref_636252,厨房开早正包,30,已确认,30,已确认,2026-05-22T00:00:00,21,3,job_ref_816524
西餐,2,2,G市晴川西餐店,2026-05-22,enterprise_ref_671998,合成运营主体_671998,store_ref_706758,G市,G市晴川西餐店,training_ref_636252,厨房开早正包,30,已确认,30,已确认,2026-05-22T00:00:00,21,3,job_ref_816524
西餐,2,2,G市晴川西餐店,2026-05-22,enterprise_ref_671998,合成运营主体_671998,store_ref_706758,G市,G市晴川西餐店,training_ref_636252,厨房开早正包,30,已确认,30,已确认,2026-05-22T00:00:00,21,3,job_ref_816524
西餐,2,2,G市晴川西餐店,2026-05-22,enterprise_ref_671998,合成运营主体_671998,store_ref_706758,G市,G市晴川西餐店,training_ref_636252,厨房开早正包,30,已确认,30,已确认,2026-05-22T00:00:00,21,3,job_ref_816524
西餐,2,2,G市晴川西餐店,2026-05-22,enterprise_ref_671998,合成运营主体_671998,store_ref_706758,G市,G市晴川西餐店,training_ref_636252,厨房开早正包,30,已确认,30,已确认,2026-05-22T00:00:00,21,3,job_ref_816524
西餐,2,2,G市晴川西餐店,2026-05-22,enterprise_ref_671998,合成运营主体_671998,store_ref_706758,G市,G市晴川西餐店,training_ref_636252,厨房开早正包,30,已确认,30,已确认,2026-05-22T00:00:00,21,3,job_ref_816524
西餐,2,2,G市晴川西餐店,2026-05-22,enterprise_ref_671998,合成运营主体_671998,store_ref_706758,G市,G市晴川西餐店,training_ref_636252,厨房开早正包,30,已确认,30,已确认,2026-05-22T00:00:00,21,3,job_ref_816524
西餐,2,2,G市晴川西餐店,2026-05-22,enterprise_ref_671998,合成运营主体_671998,store_ref_706758,G市,G市晴川西餐店,training_ref_636252,厨房开早正包,30,已确认,30,已确认,2026-05-22T00:00:00,21,3,job_ref_816524
西餐,2,2,G市晴川西餐店,2026-05-22,enterprise_ref_671998,合成运营主体_671998,store_ref_706758,G市,G市晴川西餐店,training_ref_640590,总配开早正含PP包,30,已确认,30,已确认,2026-05-22T00:00:00,18,3,job_ref_816524
西餐,2,2,G市晴川西餐店,2026-05-22,enterprise_ref_671998,合成运营主体_671998,store_ref_706758,G市,G市晴川西餐店,training_ref_640590,总配开早正含PP包,30,已确认,30,已确认,2026-05-22T00:00:00,18,3,job_ref_816524
西餐,2,2,G市晴川西餐店,2026-05-22,enterprise_ref_671998,合成运营主体_671998,store_ref_706758,G市,G市晴川西餐店,training_ref_640590,总配开早正含PP包,30,已确认,30,已确认,2026-05-22T00:00:00,18,3,job_ref_816524
西餐,2,2,G市晴川西餐店,2026-05-22,enterprise_ref_671998,合成运营主体_671998,store_ref_706758,G市,G市晴川西餐店,training_ref_640590,总配开早正含PP包,30,已确认,30,已确认,2026-05-22T00:00:00,18,3,job_ref_816524
西餐,2,2,G市晴川西餐店,2026-05-22,enterprise_ref_671998,合成运营主体_671998,store_ref_706758,G市,G市晴川西餐店,training_ref_640590,总配开早正含PP包,30,已确认,30,已确认,2026-05-22T00:00:00,18,3,job_ref_816524
西餐,2,2,G市晴川西餐店,2026-05-22,enterprise_ref_671998,合成运营主体_671998,store_ref_706758,G市,G市晴川西餐店,training_ref_640590,总配开早正含PP包,30,已确认,30,已确认,2026-05-22T00:00:00,18,3,job_ref_816524
西餐,2,2,G市晴川西餐店,2026-05-22,enterprise_ref_671998,合成运营主体_671998,store_ref_706758,G市,G市晴川西餐店,training_ref_640590,总配开早正含PP包,30,已确认,30,已确认,2026-05-22T00:00:00,18,3,job_ref_816524
西餐,2,2,G市晴川西餐店,2026-05-23,enterprise_ref_671998,合成运营主体_671998,store_ref_706758,G市,G市晴川西餐店,training_ref_060329,厨房正餐包,30,已确认,30,已确认,2026-05-23T00:00:00,18,3,job_ref_816524
西餐,2,2,G市晴川西餐店,2026-05-23,enterprise_ref_671998,合成运营主体_671998,store_ref_706758,G市,G市晴川西餐店,training_ref_060329,厨房正餐包,30,已确认,30,已确认,2026-05-23T00:00:00,18,3,job_ref_816524
西餐,2,2,G市晴川西餐店,2026-05-23,enterprise_ref_671998,合成运营主体_671998,store_ref_706758,G市,G市晴川西餐店,training_ref_060329,厨房正餐包,30,已确认,30,已确认,2026-05-23T00:00:00,18,3,job_ref_816524
西餐,2,2,G市晴川西餐店,2026-05-23,enterprise_ref_671998,合成运营主体_671998,store_ref_706758,G市,G市晴川西餐店,training_ref_865839,柜台点配发饮包,30,已确认,30,已确认,2026-05-23T00:00:00,12,2,job_ref_816524
西餐,2,2,G市晴川西餐店,2026-05-23,enterprise_ref_671998,合成运营主体_671998,store_ref_706758,G市,G市晴川西餐店,training_ref_865839,柜台点配发饮包,30,已确认,30,已确认,2026-05-23T00:00:00,12,2,job_ref_816524
西餐,2,2,G市晴川西餐店,2026-05-23,enterprise_ref_671998,合成运营主体_671998,store_ref_706758,G市,G市晴川西餐店,training_ref_865839,柜台点配发饮包,30,已确认,30,已确认,2026-05-23T00:00:00,12,2,job_ref_816524
西餐,2,2,G市晴川西餐店,2026-05-23,enterprise_ref_671998,合成运营主体_671998,store_ref_706758,G市,G市晴川西餐店,training_ref_865839,柜台点配发饮包,30,已确认,30,已确认,2026-05-23T00:00:00,12,2,job_ref_816524
西餐,2,2,G市晴川西餐店,2026-05-23,enterprise_ref_671998,合成运营主体_671998,store_ref_706758,G市,G市晴川西餐店,training_ref_865839,柜台点配发饮包,30,已确认,30,已确认,2026-05-23T00:00:00,12,2,job_ref_816524
西餐,2,2,G市晴川西餐店,2026-05-23,enterprise_ref_671998,合成运营主体_671998,store_ref_706758,G市,G市晴川西餐店,training_ref_865839,柜台点配发饮包,30,已确认,30,已确认,2026-05-23T00:00:00,12,2,job_ref_816524
西餐,2,2,G市晴川西餐店,2026-05-23,enterprise_ref_671998,合成运营主体_671998,store_ref_706758,G市,G市晴川西餐店,training_ref_865839,柜台点配发饮包,30,已确认,30,已确认,2026-05-23T00:00:00,12,2,job_ref_816524
西餐,2,2,G市晴川西餐店,2026-05-23,enterprise_ref_671998,合成运营主体_671998,store_ref_706758,G市,G市晴川西餐店,training_ref_865839,柜台点配发饮包,30,已确认,30,已确认,2026-05-23T00:00:00,12,2,job_ref_816524
西餐,2,2,G市晴川西餐店,2026-05-23,enterprise_ref_671998,合成运营主体_671998,store_ref_706758,G市,G市晴川西餐店,training_ref_865839,柜台点配发饮包,30,已确认,30,已确认,2026-05-23T00:00:00,12,2,job_ref_816524
西餐,2,2,G市晴川西餐店,2026-05-23,enterprise_ref_671998,合成运营主体_671998,store_ref_706758,G市,G市晴川西餐店,training_ref_865839,柜台点配发饮包,30,已确认,30,已确认,2026-05-23T00:00:00,12,2,job_ref_816524
西餐,2,2,G市晴川西餐店,2026-05-23,enterprise_ref_671998,合成运营主体_671998,store_ref_706758,G市,G市晴川西餐店,training_ref_865839,柜台点配发饮包,30,已确认,30,已确认,2026-05-23T00:00:00,12,2,job_ref_816524
西餐,2,2,G市晴川西餐店,2026-05-23,enterprise_ref_671998,合成运营主体_671998,store_ref_706758,G市,G市晴川西餐店,training_ref_865839,柜台点配发饮包,30,已确认,30,已确认,2026-05-23T00:00:00,12,2,job_ref_816524
西餐,2,2,G市晴川西餐店,2026-05-23,enterprise_ref_671998,合成运营主体_671998,store_ref_706758,G市,G市晴川西餐店,training_ref_865839,柜台点配发饮包,30,已确认,30,已确认,2026-05-23T00:00:00,12,2,job_ref_816524
西餐,2,2,G市晴川西餐店,2026-05-23,enterprise_ref_671998,合成运营主体_671998,store_ref_706758,G市,G市晴川西餐店,training_ref_865839,柜台点配发饮包,30,已确认,30,已确认,2026-05-23T00:00:00,12,2,job_ref_816524
西餐,2,2,G市晴川西餐店,2026-05-23,enterprise_ref_671998,合成运营主体_671998,store_ref_706758,G市,G市晴川西餐店,training_ref_865839,柜台点配发饮包,30,已确认,30,已确认,2026-05-23T00:00:00,12,2,job_ref_816524
西餐,2,2,G市晴川西餐店,2026-05-23,enterprise_ref_671998,合成运营主体_671998,store_ref_706758,G市,G市晴川西餐店,training_ref_865839,柜台点配发饮包,30,已确认,30,已确认,2026-05-23T00:00:00,12,2,job_ref_816524
西餐,2,2,G市晴川西餐店,2026-05-23,enterprise_ref_671998,合成运营主体_671998,store_ref_706758,G市,G市晴川西餐店,training_ref_865839,柜台点配发饮包,30,已确认,30,已确认,2026-05-23T00:00:00,12,2,job_ref_816524
西餐,2,2,G市晴川西餐店,2026-05-23,enterprise_ref_671998,合成运营主体_671998,store_ref_706758,G市,G市晴川西餐店,training_ref_865839,柜台点配发饮包,30,已确认,30,已确认,2026-05-23T00:00:00,12,2,job_ref_816524
西餐,2,2,G市晴川西餐店,2026-05-23,enterprise_ref_671998,合成运营主体_671998,store_ref_706758,G市,G市晴川西餐店,training_ref_865839,柜台点配发饮包,30,已确认,30,已确认,2026-05-23T00:00:00,12,2,job_ref_816524
西餐,2,2,G市晴川西餐店,2026-05-23,enterprise_ref_671998,合成运营主体_671998,store_ref_706758,G市,G市晴川西餐店,training_ref_865839,柜台点配发饮包,30,已确认,30,已确认,2026-05-23T00:00:00,12,2,job_ref_816524
西餐,2,2,G市晴川西餐店,2026-05-23,enterprise_ref_671998,合成运营主体_671998,store_ref_706758,G市,G市晴川西餐店,training_ref_865839,柜台点配发饮包,30,已确认,30,已确认,2026-05-23T00:00:00,12,2,job_ref_816524
西餐,2,2,G市晴川西餐店,2026-05-23,enterprise_ref_671998,合成运营主体_671998,store_ref_706758,G市,G市晴川西餐店,training_ref_865839,柜台点配发饮包,30,已确认,30,已确认,2026-05-23T00:00:00,12,2,job_ref_816524
西餐,2,2,G市晴川西餐店,2026-05-25,enterprise_ref_671998,合成运营主体_671998,store_ref_706758,G市,G市晴川西餐店,training_ref_060329,厨房正餐包,30,已确认,30,已确认,2026-05-25T00:00:00,18,3,job_ref_816524
西餐,2,2,G市晴川西餐店,2026-05-25,enterprise_ref_671998,合成运营主体_671998,store_ref_706758,G市,G市晴川西餐店,training_ref_060329,厨房正餐包,30,已确认,30,已确认,2026-05-25T00:00:00,18,3,job_ref_816524
西餐,2,2,G市晴川西餐店,2026-05-25,enterprise_ref_671998,合成运营主体_671998,store_ref_706758,G市,G市晴川西餐店,training_ref_060329,厨房正餐包,30,已确认,30,已确认,2026-05-25T00:00:00,18,3,job_ref_816524
西餐,2,2,G市晴川西餐店,2026-05-25,enterprise_ref_671998,合成运营主体_671998,store_ref_706758,G市,G市晴川西餐店,training_ref_060329,厨房正餐包,30,已确认,30,已确认,2026-05-25T00:00:00,18,3,job_ref_816524
西餐,2,2,G市晴川西餐店,2026-05-25,enterprise_ref_671998,合成运营主体_671998,store_ref_706758,G市,G市晴川西餐店,training_ref_060329,厨房正餐包,30,已确认,30,已确认,2026-05-25T00:00:00,18,3,job_ref_816524
西餐,2,2,G市晴川西餐店,2026-05-25,enterprise_ref_671998,合成运营主体_671998,store_ref_706758,G市,G市晴川西餐店,training_ref_060329,厨房正餐包,30,已确认,30,已确认,2026-05-25T00:00:00,18,3,job_ref_816524
西餐,2,2,G市晴川西餐店,2026-05-25,enterprise_ref_671998,合成运营主体_671998,store_ref_706758,G市,G市晴川西餐店,training_ref_060329,厨房正餐包,30,已确认,30,已确认,2026-05-25T00:00:00,18,3,job_ref_816524
西餐,2,2,G市晴川西餐店,2026-05-25,enterprise_ref_671998,合成运营主体_671998,store_ref_706758,G市,G市晴川西餐店,training_ref_865839,柜台点配发饮包,30,已确认,30,已确认,2026-05-25T00:00:00,12,2,job_ref_816524
西餐,2,2,G市晴川西餐店,2026-05-25,enterprise_ref_671998,合成运营主体_671998,store_ref_706758,G市,G市晴川西餐店,training_ref_865839,柜台点配发饮包,30,已确认,30,已确认,2026-05-25T00:00:00,12,2,job_ref_816524
西餐,2,2,G市晴川西餐店,2026-05-25,enterprise_ref_671998,合成运营主体_671998,store_ref_706758,G市,G市晴川西餐店,training_ref_865839,柜台点配发饮包,30,已确认,30,已确认,2026-05-25T00:00:00,12,2,job_ref_816524
西餐,2,2,G市晴川西餐店,2026-05-25,enterprise_ref_671998,合成运营主体_671998,store_ref_706758,G市,G市晴川西餐店,training_ref_865839,柜台点配发饮包,30,已确认,30,已确认,2026-05-25T00:00:00,12,2,job_ref_816524
西餐,2,2,G市晴川西餐店,2026-05-25,enterprise_ref_671998,合成运营主体_671998,store_ref_706758,G市,G市晴川西餐店,training_ref_865839,柜台点配发饮包,30,已确认,30,已确认,2026-05-25T00:00:00,12,2,job_ref_816524
西餐,2,2,G市晴川西餐店,2026-05-25,enterprise_ref_671998,合成运营主体_671998,store_ref_706758,G市,G市晴川西餐店,training_ref_865839,柜台点配发饮包,30,已确认,30,已确认,2026-05-25T00:00:00,12,2,job_ref_816524
西餐,2,2,G市晴川西餐店,2026-05-25,enterprise_ref_671998,合成运营主体_671998,store_ref_706758,G市,G市晴川西餐店,training_ref_865839,柜台点配发饮包,30,已确认,30,已确认,2026-05-25T00:00:00,12,2,job_ref_816524
西餐,2,2,G市晴川西餐店,2026-05-25,enterprise_ref_671998,合成运营主体_671998,store_ref_706758,G市,G市晴川西餐店,training_ref_865839,柜台点配发饮包,30,已确认,30,已确认,2026-05-25T00:00:00,12,2,job_ref_816524
西餐,2,2,G市晴川西餐店,2026-05-25,enterprise_ref_671998,合成运营主体_671998,store_ref_706758,G市,G市晴川西餐店,training_ref_865839,柜台点配发饮包,30,已确认,30,已确认,2026-05-25T00:00:00,12,2,job_ref_816524
西餐,2,2,G市晴川西餐店,2026-05-25,enterprise_ref_671998,合成运营主体_671998,store_ref_706758,G市,G市晴川西餐店,training_ref_865839,柜台点配发饮包,30,已确认,30,已确认,2026-05-25T00:00:00,12,2,job_ref_816524
西餐,2,2,G市晴川西餐店,2026-05-25,enterprise_ref_671998,合成运营主体_671998,store_ref_706758,G市,G市晴川西餐店,training_ref_865839,柜台点配发饮包,30,已确认,30,已确认,2026-05-25T00:00:00,12,2,job_ref_816524
西餐,2,2,G市晴川西餐店,2026-05-25,enterprise_ref_671998,合成运营主体_671998,store_ref_706758,G市,G市晴川西餐店,training_ref_865839,柜台点配发饮包,30,已确认,30,已确认,2026-05-25T00:00:00,12,2,job_ref_816524
西餐,2,2,G市晴川西餐店,2026-05-25,enterprise_ref_671998,合成运营主体_671998,store_ref_706758,G市,G市晴川西餐店,training_ref_194525,解冻腌制包,30,已确认,30,已确认,2026-05-25T00:00:00,6,1,job_ref_816524
西餐,2,2,G市晴川西餐店,2026-05-25,enterprise_ref_671998,合成运营主体_671998,store_ref_706758,G市,G市晴川西餐店,training_ref_194525,解冻腌制包,30,已确认,30,已确认,2026-05-25T00:00:00,6,1,job_ref_816524
西餐,2,2,G市晴川西餐店,2026-05-25,enterprise_ref_671998,合成运营主体_671998,store_ref_706758,G市,G市晴川西餐店,training_ref_640590,总配开早正含PP包,30,已确认,30,已确认,2026-05-25T00:00:00,18,3,job_ref_816524
西餐,2,2,G市晴川西餐店,2026-05-25,enterprise_ref_671998,合成运营主体_671998,store_ref_706758,G市,G市晴川西餐店,training_ref_640590,总配开早正含PP包,30,已确认,30,已确认,2026-05-25T00:00:00,18,3,job_ref_816524
西餐,2,2,G市晴川西餐店,2026-05-25,enterprise_ref_671998,合成运营主体_671998,store_ref_706758,G市,G市晴川西餐店,training_ref_640590,总配开早正含PP包,30,已确认,30,已确认,2026-05-25T00:00:00,18,3,job_ref_816524
西餐,2,2,G市晴川西餐店,2026-05-25,enterprise_ref_671998,合成运营主体_671998,store_ref_706758,G市,G市晴川西餐店,training_ref_640590,总配开早正含PP包,30,已确认,30,已确认,2026-05-25T00:00:00,18,3,job_ref_816524
西餐,2,2,G市晴川西餐店,2026-05-25,enterprise_ref_671998,合成运营主体_671998,store_ref_706758,G市,G市晴川西餐店,training_ref_640590,总配开早正含PP包,30,已确认,30,已确认,2026-05-25T00:00:00,18,3,job_ref_816524
西餐,2,2,G市晴川西餐店,2026-05-25,enterprise_ref_671998,合成运营主体_671998,store_ref_706758,G市,G市晴川西餐店,training_ref_640590,总配开早正含PP包,30,已确认,30,已确认,2026-05-25T00:00:00,18,3,job_ref_816524
西餐,2,2,G市晴川西餐店,2026-05-25,enterprise_ref_671998,合成运营主体_671998,store_ref_706758,G市,G市晴川西餐店,training_ref_640590,总配开早正含PP包,30,已确认,30,已确认,2026-05-25T00:00:00,18,3,job_ref_816524
西餐,2,2,G市晴川西餐店,2026-05-25,enterprise_ref_671998,合成运营主体_671998,store_ref_706758,G市,G市晴川西餐店,training_ref_690057,总配正餐含PP包,30,已确认,30,已确认,2026-05-25T00:00:00,12,2,job_ref_816524
西餐,2,2,G市晴川西餐店,2026-05-25,enterprise_ref_671998,合成运营主体_671998,store_ref_706758,G市,G市晴川西餐店,training_ref_690057,总配正餐含PP包,30,已确认,30,已确认,2026-05-25T00:00:00,12,2,job_ref_816524
西餐,2,2,G市晴川西餐店,2026-05-25,enterprise_ref_671998,合成运营主体_671998,store_ref_706758,G市,G市晴川西餐店,training_ref_690057,总配正餐含PP包,30,已确认,30,已确认,2026-05-25T00:00:00,12,2,job_ref_816524
西餐,2,2,G市晴川西餐店,2026-05-25,enterprise_ref_671998,合成运营主体_671998,store_ref_706758,G市,G市晴川西餐店,training_ref_690057,总配正餐含PP包,30,已确认,30,已确认,2026-05-25T00:00:00,12,2,job_ref_816524
西餐,2,2,G市晴川西餐店,2026-05-25,enterprise_ref_671998,合成运营主体_671998,store_ref_706758,G市,G市晴川西餐店,training_ref_690057,总配正餐含PP包,30,已确认,30,已确认,2026-05-25T00:00:00,12,2,job_ref_816524
西餐,2,2,G市晴川西餐店,2026-05-25,enterprise_ref_671998,合成运营主体_671998,store_ref_706758,G市,G市晴川西餐店,training_ref_690057,总配正餐含PP包,30,已确认,30,已确认,2026-05-25T00:00:00,12,2,job_ref_816524
西餐,2,2,G市晴川西餐店,2026-05-25,enterprise_ref_671998,合成运营主体_671998,store_ref_706758,G市,G市晴川西餐店,training_ref_690057,总配正餐含PP包,30,已确认,30,已确认,2026-05-25T00:00:00,12,2,job_ref_816524
西餐,2,2,G市晴川西餐店,2026-05-25,enterprise_ref_671998,合成运营主体_671998,store_ref_706758,G市,G市晴川西餐店,training_ref_690057,总配正餐含PP包,30,已确认,30,已确认,2026-05-25T00:00:00,12,2,job_ref_816524
西餐,2,2,G市晴川西餐店,2026-05-25,enterprise_ref_671998,合成运营主体_671998,store_ref_706758,G市,G市晴川西餐店,training_ref_690057,总配正餐含PP包,30,已确认,30,已确认,2026-05-25T00:00:00,12,2,job_ref_816524
西餐,2,2,G市晴川西餐店,2026-05-25,enterprise_ref_671998,合成运营主体_671998,store_ref_706758,G市,G市晴川西餐店,training_ref_690057,总配正餐含PP包,30,已确认,30,已确认,2026-05-25T00:00:00,12,2,job_ref_816524
西餐,2,2,G市晴川西餐店,2026-05-26,enterprise_ref_671998,合成运营主体_671998,store_ref_706758,G市,G市晴川西餐店,training_ref_755189,总配正餐包,30,已确认,30,已确认,2026-05-26T00:00:00,6,1,job_ref_816524
西餐,2,2,G市晴川西餐店,2026-05-26,enterprise_ref_671998,合成运营主体_671998,store_ref_706758,G市,G市晴川西餐店,training_ref_755189,总配正餐包,30,已确认,30,已确认,2026-05-26T00:00:00,6,1,job_ref_816524
西餐,2,2,G市晴川西餐店,2026-05-26,enterprise_ref_671998,合成运营主体_671998,store_ref_706758,G市,G市晴川西餐店,training_ref_636252,厨房开早正包,30,已确认,30,已确认,2026-05-26T00:00:00,21,3,job_ref_816524
西餐,2,2,G市晴川西餐店,2026-05-26,enterprise_ref_671998,合成运营主体_671998,store_ref_706758,G市,G市晴川西餐店,training_ref_636252,厨房开早正包,30,已确认,30,已确认,2026-05-26T00:00:00,21,3,job_ref_816524
西餐,2,2,G市晴川西餐店,2026-05-26,enterprise_ref_671998,合成运营主体_671998,store_ref_706758,G市,G市晴川西餐店,training_ref_636252,厨房开早正包,30,已确认,30,已确认,2026-05-26T00:00:00,21,3,job_ref_816524
西餐,2,2,G市晴川西餐店,2026-05-26,enterprise_ref_671998,合成运营主体_671998,store_ref_706758,G市,G市晴川西餐店,training_ref_636252,厨房开早正包,30,已确认,30,已确认,2026-05-26T00:00:00,21,3,job_ref_816524
西餐,2,2,G市晴川西餐店,2026-05-26,enterprise_ref_671998,合成运营主体_671998,store_ref_706758,G市,G市晴川西餐店,training_ref_636252,厨房开早正包,30,已确认,30,已确认,2026-05-26T00:00:00,21,3,job_ref_816524
西餐,2,2,G市晴川西餐店,2026-05-26,enterprise_ref_671998,合成运营主体_671998,store_ref_706758,G市,G市晴川西餐店,training_ref_636252,厨房开早正包,30,已确认,30,已确认,2026-05-26T00:00:00,21,3,job_ref_816524
西餐,2,2,G市晴川西餐店,2026-05-26,enterprise_ref_671998,合成运营主体_671998,store_ref_706758,G市,G市晴川西餐店,training_ref_865839,柜台点配发饮包,30,已确认,30,已确认,2026-05-26T00:00:00,12,2,job_ref_816524
西餐,2,2,G市晴川西餐店,2026-05-26,enterprise_ref_671998,合成运营主体_671998,store_ref_706758,G市,G市晴川西餐店,training_ref_865839,柜台点配发饮包,30,已确认,30,已确认,2026-05-26T00:00:00,12,2,job_ref_816524
西餐,2,2,G市晴川西餐店,2026-05-26,enterprise_ref_671998,合成运营主体_671998,store_ref_706758,G市,G市晴川西餐店,training_ref_865839,柜台点配发饮包,30,已确认,30,已确认,2026-05-26T00:00:00,12,2,job_ref_816524
西餐,2,2,G市晴川西餐店,2026-05-26,enterprise_ref_671998,合成运营主体_671998,store_ref_706758,G市,G市晴川西餐店,training_ref_865839,柜台点配发饮包,30,已确认,30,已确认,2026-05-26T00:00:00,12,2,job_ref_816524
西餐,2,2,G市晴川西餐店,2026-05-27,enterprise_ref_671998,合成运营主体_671998,store_ref_706758,G市,G市晴川西餐店,training_ref_755189,总配正餐包,30,已确认,30,已确认,2026-05-27T00:00:00,6,1,job_ref_816524
西餐,2,2,G市晴川西餐店,2026-05-27,enterprise_ref_671998,合成运营主体_671998,store_ref_706758,G市,G市晴川西餐店,training_ref_755189,总配正餐包,30,已确认,30,已确认,2026-05-27T00:00:00,6,1,job_ref_816524
西餐,2,2,G市晴川西餐店,2026-05-27,enterprise_ref_671998,合成运营主体_671998,store_ref_706758,G市,G市晴川西餐店,training_ref_755189,总配正餐包,30,已确认,30,已确认,2026-05-27T00:00:00,6,1,job_ref_816524
西餐,2,2,G市晴川西餐店,2026-05-27,enterprise_ref_671998,合成运营主体_671998,store_ref_706758,G市,G市晴川西餐店,training_ref_755189,总配正餐包,30,已确认,30,已确认,2026-05-27T00:00:00,6,1,job_ref_816524
西餐,2,2,G市晴川西餐店,2026-05-27,enterprise_ref_671998,合成运营主体_671998,store_ref_706758,G市,G市晴川西餐店,training_ref_755189,总配正餐包,30,已确认,30,已确认,2026-05-27T00:00:00,6,1,job_ref_816524
西餐,2,2,G市晴川西餐店,2026-05-27,enterprise_ref_671998,合成运营主体_671998,store_ref_706758,G市,G市晴川西餐店,training_ref_755189,总配正餐包,30,已确认,30,已确认,2026-05-27T00:00:00,6,1,job_ref_816524
西餐,2,2,G市晴川西餐店,2026-05-27,enterprise_ref_671998,合成运营主体_671998,store_ref_706758,G市,G市晴川西餐店,training_ref_755189,总配正餐包,30,已确认,30,已确认,2026-05-27T00:00:00,6,1,job_ref_816524
西餐,2,2,G市晴川西餐店,2026-05-27,enterprise_ref_671998,合成运营主体_671998,store_ref_706758,G市,G市晴川西餐店,training_ref_755189,总配正餐包,30,已确认,30,已确认,2026-05-27T00:00:00,6,1,job_ref_816524
西餐,2,2,G市晴川西餐店,2026-05-27,enterprise_ref_671998,合成运营主体_671998,store_ref_706758,G市,G市晴川西餐店,training_ref_755189,总配正餐包,30,已确认,30,已确认,2026-05-27T00:00:00,6,1,job_ref_816524
西餐,2,2,G市晴川西餐店,2026-05-27,enterprise_ref_671998,合成运营主体_671998,store_ref_706758,G市,G市晴川西餐店,training_ref_636252,厨房开早正包,30,已确认,30,已确认,2026-05-27T00:00:00,21,3,job_ref_816524
西餐,2,2,G市晴川西餐店,2026-05-27,enterprise_ref_671998,合成运营主体_671998,store_ref_706758,G市,G市晴川西餐店,training_ref_636252,厨房开早正包,30,已确认,30,已确认,2026-05-27T00:00:00,21,3,job_ref_816524
西餐,2,2,G市晴川西餐店,2026-05-27,enterprise_ref_671998,合成运营主体_671998,store_ref_706758,G市,G市晴川西餐店,training_ref_636252,厨房开早正包,30,已确认,30,已确认,2026-05-27T00:00:00,21,3,job_ref_816524
西餐,2,2,G市晴川西餐店,2026-05-27,enterprise_ref_671998,合成运营主体_671998,store_ref_706758,G市,G市晴川西餐店,training_ref_636252,厨房开早正包,30,已确认,30,已确认,2026-05-27T00:00:00,21,3,job_ref_816524
西餐,2,2,G市晴川西餐店,2026-05-27,enterprise_ref_671998,合成运营主体_671998,store_ref_706758,G市,G市晴川西餐店,training_ref_636252,厨房开早正包,30,已确认,30,已确认,2026-05-27T00:00:00,21,3,job_ref_816524
西餐,2,2,G市晴川西餐店,2026-05-27,enterprise_ref_671998,合成运营主体_671998,store_ref_706758,G市,G市晴川西餐店,training_ref_636252,厨房开早正包,30,已确认,30,已确认,2026-05-27T00:00:00,21,3,job_ref_816524
西餐,2,2,G市晴川西餐店,2026-05-27,enterprise_ref_671998,合成运营主体_671998,store_ref_706758,G市,G市晴川西餐店,training_ref_865839,柜台点配发饮包,30,已确认,30,已确认,2026-05-27T00:00:00,12,2,job_ref_816524
西餐,2,2,G市晴川西餐店,2026-05-27,enterprise_ref_671998,合成运营主体_671998,store_ref_706758,G市,G市晴川西餐店,training_ref_865839,柜台点配发饮包,30,已确认,30,已确认,2026-05-27T00:00:00,12,2,job_ref_816524
西餐,2,2,G市晴川西餐店,2026-05-27,enterprise_ref_671998,合成运营主体_671998,store_ref_706758,G市,G市晴川西餐店,training_ref_865839,柜台点配发饮包,30,已确认,30,已确认,2026-05-27T00:00:00,12,2,job_ref_816524
西餐,2,2,G市晴川西餐店,2026-05-27,enterprise_ref_671998,合成运营主体_671998,store_ref_706758,G市,G市晴川西餐店,training_ref_865839,柜台点配发饮包,30,已确认,30,已确认,2026-05-27T00:00:00,12,2,job_ref_816524
西餐,2,2,G市晴川西餐店,2026-05-27,enterprise_ref_671998,合成运营主体_671998,store_ref_706758,G市,G市晴川西餐店,training_ref_865839,柜台点配发饮包,30,已确认,30,已确认,2026-05-27T00:00:00,12,2,job_ref_816524
西餐,2,2,G市晴川西餐店,2026-05-27,enterprise_ref_671998,合成运营主体_671998,store_ref_706758,G市,G市晴川西餐店,training_ref_865839,柜台点配发饮包,30,已确认,30,已确认,2026-05-27T00:00:00,12,2,job_ref_816524
西餐,2,2,G市晴川西餐店,2026-05-27,enterprise_ref_671998,合成运营主体_671998,store_ref_706758,G市,G市晴川西餐店,training_ref_865839,柜台点配发饮包,30,已确认,30,已确认,2026-05-27T00:00:00,12,2,job_ref_816524
西餐,2,2,G市晴川西餐店,2026-05-27,enterprise_ref_671998,合成运营主体_671998,store_ref_706758,G市,G市晴川西餐店,training_ref_865839,柜台点配发饮包,30,已确认,30,已确认,2026-05-27T00:00:00,12,2,job_ref_816524
西餐,2,2,G市晴川西餐店,2026-05-27,enterprise_ref_671998,合成运营主体_671998,store_ref_706758,G市,G市晴川西餐店,training_ref_865839,柜台点配发饮包,30,已确认,30,已确认,2026-05-27T00:00:00,12,2,job_ref_816524
西餐,2,2,G市晴川西餐店,2026-05-27,enterprise_ref_671998,合成运营主体_671998,store_ref_706758,G市,G市晴川西餐店,training_ref_865839,柜台点配发饮包,30,已确认,30,已确认,2026-05-27T00:00:00,12,2,job_ref_816524
西餐,2,2,G市晴川西餐店,2026-05-27,enterprise_ref_671998,合成运营主体_671998,store_ref_706758,G市,G市晴川西餐店,training_ref_865839,柜台点配发饮包,30,已确认,30,已确认,2026-05-27T00:00:00,12,2,job_ref_816524
西餐,2,2,G市晴川西餐店,2026-05-27,enterprise_ref_671998,合成运营主体_671998,store_ref_706758,G市,G市晴川西餐店,training_ref_865839,柜台点配发饮包,30,已确认,30,已确认,2026-05-27T00:00:00,12,2,job_ref_816524
西餐,2,2,G市晴川西餐店,2026-05-27,enterprise_ref_671998,合成运营主体_671998,store_ref_706758,G市,G市晴川西餐店,training_ref_865839,柜台点配发饮包,30,已确认,30,已确认,2026-05-27T00:00:00,12,2,job_ref_816524
西餐,2,2,G市晴川西餐店,2026-05-27,enterprise_ref_671998,合成运营主体_671998,store_ref_706758,G市,G市晴川西餐店,training_ref_865839,柜台点配发饮包,30,已确认,30,已确认,2026-05-27T00:00:00,12,2,job_ref_816524
西餐,2,2,G市晴川西餐店,2026-05-27,enterprise_ref_671998,合成运营主体_671998,store_ref_706758,G市,G市晴川西餐店,training_ref_865839,柜台点配发饮包,30,已确认,30,已确认,2026-05-27T00:00:00,12,2,job_ref_816524
西餐,2,2,G市晴川西餐店,2026-05-27,enterprise_ref_671998,合成运营主体_671998,store_ref_706758,G市,G市晴川西餐店,training_ref_865839,柜台点配发饮包,30,已确认,30,已确认,2026-05-27T00:00:00,12,2,job_ref_816524
西餐,2,2,G市晴川西餐店,2026-05-27,enterprise_ref_671998,合成运营主体_671998,store_ref_706758,G市,G市晴川西餐店,training_ref_194525,解冻腌制包,30,已确认,30,已确认,2026-05-27T00:00:00,6,1,job_ref_816524
西餐,2,2,G市晴川西餐店,2026-05-27,enterprise_ref_671998,合成运营主体_671998,store_ref_706758,G市,G市晴川西餐店,training_ref_194525,解冻腌制包,30,已确认,30,已确认,2026-05-27T00:00:00,6,1,job_ref_816524
西餐,2,2,G市晴川西餐店,2026-05-27,enterprise_ref_671998,合成运营主体_671998,store_ref_706758,G市,G市晴川西餐店,training_ref_194525,解冻腌制包,30,已确认,30,已确认,2026-05-27T00:00:00,6,1,job_ref_816524
西餐,2,2,G市晴川西餐店,2026-05-27,enterprise_ref_671998,合成运营主体_671998,store_ref_706758,G市,G市晴川西餐店,training_ref_194525,解冻腌制包,30,已确认,30,已确认,2026-05-27T00:00:00,6,1,job_ref_816524
西餐,2,2,G市晴川西餐店,2026-05-27,enterprise_ref_671998,合成运营主体_671998,store_ref_706758,G市,G市晴川西餐店,training_ref_194525,解冻腌制包,30,已确认,30,已确认,2026-05-27T00:00:00,6,1,job_ref_816524
西餐,2,2,G市晴川西餐店,2026-05-28,enterprise_ref_671998,合成运营主体_671998,store_ref_706758,G市,G市晴川西餐店,training_ref_636252,厨房开早正包,30,已确认,30,已确认,2026-05-28T00:00:00,21,3,job_ref_816524
西餐,2,2,G市晴川西餐店,2026-05-28,enterprise_ref_671998,合成运营主体_671998,store_ref_706758,G市,G市晴川西餐店,training_ref_636252,厨房开早正包,30,已确认,30,已确认,2026-05-28T00:00:00,21,3,job_ref_816524
西餐,2,2,G市晴川西餐店,2026-05-28,enterprise_ref_671998,合成运营主体_671998,store_ref_706758,G市,G市晴川西餐店,training_ref_636252,厨房开早正包,30,已确认,30,已确认,2026-05-28T00:00:00,21,3,job_ref_816524
西餐,2,2,G市晴川西餐店,2026-05-28,enterprise_ref_671998,合成运营主体_671998,store_ref_706758,G市,G市晴川西餐店,training_ref_636252,厨房开早正包,30,已确认,30,已确认,2026-05-28T00:00:00,21,3,job_ref_816524
西餐,2,2,G市晴川西餐店,2026-05-28,enterprise_ref_671998,合成运营主体_671998,store_ref_706758,G市,G市晴川西餐店,training_ref_636252,厨房开早正包,30,已确认,30,已确认,2026-05-28T00:00:00,21,3,job_ref_816524
西餐,2,2,G市晴川西餐店,2026-05-28,enterprise_ref_671998,合成运营主体_671998,store_ref_706758,G市,G市晴川西餐店,training_ref_636252,厨房开早正包,30,已确认,30,已确认,2026-05-28T00:00:00,21,3,job_ref_816524
西餐,2,2,G市晴川西餐店,2026-05-28,enterprise_ref_671998,合成运营主体_671998,store_ref_706758,G市,G市晴川西餐店,training_ref_194525,解冻腌制包,30,已确认,30,已确认,2026-05-28T00:00:00,6,1,job_ref_816524
西餐,2,2,G市晴川西餐店,2026-05-28,enterprise_ref_671998,合成运营主体_671998,store_ref_706758,G市,G市晴川西餐店,training_ref_194525,解冻腌制包,30,已确认,30,已确认,2026-05-28T00:00:00,6,1,job_ref_816524
西餐,2,2,G市晴川西餐店,2026-05-28,enterprise_ref_671998,合成运营主体_671998,store_ref_706758,G市,G市晴川西餐店,training_ref_194525,解冻腌制包,30,已确认,30,已确认,2026-05-28T00:00:00,6,1,job_ref_816524
西餐,2,2,G市晴川西餐店,2026-05-28,enterprise_ref_671998,合成运营主体_671998,store_ref_706758,G市,G市晴川西餐店,training_ref_194525,解冻腌制包,30,已确认,30,已确认,2026-05-28T00:00:00,6,1,job_ref_816524
西餐,2,2,G市晴川西餐店,2026-05-29,enterprise_ref_671998,合成运营主体_671998,store_ref_706758,G市,G市晴川西餐店,training_ref_755189,总配正餐包,30,已确认,30,已确认,2026-05-29T00:00:00,6,1,job_ref_816524
西餐,2,2,G市晴川西餐店,2026-05-29,enterprise_ref_671998,合成运营主体_671998,store_ref_706758,G市,G市晴川西餐店,training_ref_755189,总配正餐包,30,已确认,30,已确认,2026-05-29T00:00:00,6,1,job_ref_816524
西餐,2,3,K市明庭西餐店,2026-05-03,enterprise_ref_671998,合成运营主体_671998,store_ref_252533,K市,K市明庭西餐店,training_ref_755189,总配正餐包,30,已确认,30,已确认,2026-05-03T00:00:00,6,1,job_ref_816524
西餐,2,3,K市明庭西餐店,2026-05-03,enterprise_ref_671998,合成运营主体_671998,store_ref_252533,K市,K市明庭西餐店,training_ref_755189,总配正餐包,30,已确认,30,已确认,2026-05-03T00:00:00,6,1,job_ref_816524
西餐,2,3,K市明庭西餐店,2026-05-03,enterprise_ref_671998,合成运营主体_671998,store_ref_252533,K市,K市明庭西餐店,training_ref_219621,总配开早正包,30,已确认,30,已确认,2026-05-03T00:00:00,12,2,job_ref_816524
西餐,2,3,K市明庭西餐店,2026-05-03,enterprise_ref_671998,合成运营主体_671998,store_ref_252533,K市,K市明庭西餐店,training_ref_219621,总配开早正包,30,已确认,30,已确认,2026-05-03T00:00:00,12,2,job_ref_816524
西餐,2,3,K市明庭西餐店,2026-05-03,enterprise_ref_671998,合成运营主体_671998,store_ref_252533,K市,K市明庭西餐店,training_ref_219621,总配开早正包,30,已确认,30,已确认,2026-05-03T00:00:00,12,2,job_ref_816524
西餐,2,3,K市明庭西餐店,2026-05-03,enterprise_ref_671998,合成运营主体_671998,store_ref_252533,K市,K市明庭西餐店,training_ref_219621,总配开早正包,30,已确认,30,已确认,2026-05-03T00:00:00,12,2,job_ref_816524
西餐,2,3,K市明庭西餐店,2026-05-03,enterprise_ref_671998,合成运营主体_671998,store_ref_252533,K市,K市明庭西餐店,training_ref_219621,总配开早正包,30,已确认,30,已确认,2026-05-03T00:00:00,12,2,job_ref_816524
西餐,2,3,K市明庭西餐店,2026-05-03,enterprise_ref_671998,合成运营主体_671998,store_ref_252533,K市,K市明庭西餐店,training_ref_865839,柜台点配发饮包,30,已确认,30,已确认,2026-05-03T00:00:00,12,2,job_ref_816524
西餐,2,3,K市明庭西餐店,2026-05-03,enterprise_ref_671998,合成运营主体_671998,store_ref_252533,K市,K市明庭西餐店,training_ref_865839,柜台点配发饮包,30,已确认,30,已确认,2026-05-03T00:00:00,12,2,job_ref_816524
西餐,2,3,K市明庭西餐店,2026-05-03,enterprise_ref_671998,合成运营主体_671998,store_ref_252533,K市,K市明庭西餐店,training_ref_865839,柜台点配发饮包,30,已确认,30,已确认,2026-05-03T00:00:00,12,2,job_ref_816524
西餐,2,3,K市明庭西餐店,2026-05-03,enterprise_ref_671998,合成运营主体_671998,store_ref_252533,K市,K市明庭西餐店,training_ref_865839,柜台点配发饮包,30,已确认,30,已确认,2026-05-03T00:00:00,12,2,job_ref_816524
西餐,2,3,K市明庭西餐店,2026-05-03,enterprise_ref_671998,合成运营主体_671998,store_ref_252533,K市,K市明庭西餐店,training_ref_865839,柜台点配发饮包,30,已确认,30,已确认,2026-05-03T00:00:00,12,2,job_ref_816524
西餐,2,3,K市明庭西餐店,2026-05-03,enterprise_ref_671998,合成运营主体_671998,store_ref_252533,K市,K市明庭西餐店,training_ref_865839,柜台点配发饮包,30,已确认,30,已确认,2026-05-03T00:00:00,12,2,job_ref_816524
西餐,2,3,K市明庭西餐店,2026-05-03,enterprise_ref_671998,合成运营主体_671998,store_ref_252533,K市,K市明庭西餐店,training_ref_865839,柜台点配发饮包,30,已确认,30,已确认,2026-05-03T00:00:00,12,2,job_ref_816524
西餐,2,3,K市明庭西餐店,2026-05-03,enterprise_ref_671998,合成运营主体_671998,store_ref_252533,K市,K市明庭西餐店,training_ref_865839,柜台点配发饮包,30,已确认,30,已确认,2026-05-03T00:00:00,12,2,job_ref_816524
西餐,2,3,K市明庭西餐店,2026-05-03,enterprise_ref_671998,合成运营主体_671998,store_ref_252533,K市,K市明庭西餐店,training_ref_865839,柜台点配发饮包,30,已确认,30,已确认,2026-05-03T00:00:00,12,2,job_ref_816524
西餐,2,3,K市明庭西餐店,2026-05-03,enterprise_ref_671998,合成运营主体_671998,store_ref_252533,K市,K市明庭西餐店,training_ref_865839,柜台点配发饮包,30,已确认,30,已确认,2026-05-03T00:00:00,12,2,job_ref_816524
西餐,2,3,K市明庭西餐店,2026-05-03,enterprise_ref_671998,合成运营主体_671998,store_ref_252533,K市,K市明庭西餐店,training_ref_865839,柜台点配发饮包,30,已确认,30,已确认,2026-05-03T00:00:00,12,2,job_ref_816524
西餐,2,3,K市明庭西餐店,2026-05-03,enterprise_ref_671998,合成运营主体_671998,store_ref_252533,K市,K市明庭西餐店,training_ref_865839,柜台点配发饮包,30,已确认,30,已确认,2026-05-03T00:00:00,12,2,job_ref_816524
西餐,2,3,K市明庭西餐店,2026-05-03,enterprise_ref_671998,合成运营主体_671998,store_ref_252533,K市,K市明庭西餐店,training_ref_865839,柜台点配发饮包,30,已确认,30,已确认,2026-05-03T00:00:00,12,2,job_ref_816524
西餐,2,3,K市明庭西餐店,2026-05-03,enterprise_ref_671998,合成运营主体_671998,store_ref_252533,K市,K市明庭西餐店,training_ref_690057,总配正餐含PP包,30,已确认,30,已确认,2026-05-03T00:00:00,12,2,job_ref_816524
西餐,2,3,K市明庭西餐店,2026-05-03,enterprise_ref_671998,合成运营主体_671998,store_ref_252533,K市,K市明庭西餐店,training_ref_690057,总配正餐含PP包,30,已确认,30,已确认,2026-05-03T00:00:00,12,2,job_ref_816524
西餐,2,3,K市明庭西餐店,2026-05-03,enterprise_ref_671998,合成运营主体_671998,store_ref_252533,K市,K市明庭西餐店,training_ref_690057,总配正餐含PP包,30,已确认,30,已确认,2026-05-03T00:00:00,12,2,job_ref_816524
西餐,2,3,K市明庭西餐店,2026-05-03,enterprise_ref_671998,合成运营主体_671998,store_ref_252533,K市,K市明庭西餐店,training_ref_690057,总配正餐含PP包,30,已确认,30,已确认,2026-05-03T00:00:00,12,2,job_ref_816524
西餐,2,3,K市明庭西餐店,2026-05-04,enterprise_ref_671998,合成运营主体_671998,store_ref_252533,K市,K市明庭西餐店,training_ref_755189,总配正餐包,30,已确认,30,已确认,2026-05-04T00:00:00,6,1,job_ref_816524
西餐,2,3,K市明庭西餐店,2026-05-04,enterprise_ref_671998,合成运营主体_671998,store_ref_252533,K市,K市明庭西餐店,training_ref_755189,总配正餐包,30,已确认,30,已确认,2026-05-04T00:00:00,6,1,job_ref_816524
西餐,2,3,K市明庭西餐店,2026-05-04,enterprise_ref_671998,合成运营主体_671998,store_ref_252533,K市,K市明庭西餐店,training_ref_755189,总配正餐包,30,已确认,30,已确认,2026-05-04T00:00:00,6,1,job_ref_816524
西餐,2,3,K市明庭西餐店,2026-05-05,enterprise_ref_671998,合成运营主体_671998,store_ref_252533,K市,K市明庭西餐店,training_ref_755189,总配正餐包,30,已确认,30,已确认,2026-05-05T00:00:00,6,1,job_ref_816524
西餐,2,3,K市明庭西餐店,2026-05-05,enterprise_ref_671998,合成运营主体_671998,store_ref_252533,K市,K市明庭西餐店,training_ref_755189,总配正餐包,30,已确认,30,已确认,2026-05-05T00:00:00,6,1,job_ref_816524
西餐,2,3,K市明庭西餐店,2026-05-05,enterprise_ref_671998,合成运营主体_671998,store_ref_252533,K市,K市明庭西餐店,training_ref_755189,总配正餐包,30,已确认,30,已确认,2026-05-05T00:00:00,6,1,job_ref_816524
西餐,2,3,K市明庭西餐店,2026-05-05,enterprise_ref_671998,合成运营主体_671998,store_ref_252533,K市,K市明庭西餐店,training_ref_755189,总配正餐包,30,已确认,30,已确认,2026-05-05T00:00:00,6,1,job_ref_816524
西餐,2,3,K市明庭西餐店,2026-05-05,enterprise_ref_671998,合成运营主体_671998,store_ref_252533,K市,K市明庭西餐店,training_ref_755189,总配正餐包,30,已确认,30,已确认,2026-05-05T00:00:00,6,1,job_ref_816524
西餐,2,3,K市明庭西餐店,2026-05-05,enterprise_ref_671998,合成运营主体_671998,store_ref_252533,K市,K市明庭西餐店,training_ref_865839,柜台点配发饮包,30,已确认,30,已确认,2026-05-05T00:00:00,12,2,job_ref_816524
西餐,2,3,K市明庭西餐店,2026-05-05,enterprise_ref_671998,合成运营主体_671998,store_ref_252533,K市,K市明庭西餐店,training_ref_865839,柜台点配发饮包,30,已确认,30,已确认,2026-05-05T00:00:00,12,2,job_ref_816524
西餐,2,3,K市明庭西餐店,2026-05-05,enterprise_ref_671998,合成运营主体_671998,store_ref_252533,K市,K市明庭西餐店,training_ref_865839,柜台点配发饮包,30,已确认,30,已确认,2026-05-05T00:00:00,12,2,job_ref_816524
西餐,2,3,K市明庭西餐店,2026-05-05,enterprise_ref_671998,合成运营主体_671998,store_ref_252533,K市,K市明庭西餐店,training_ref_865839,柜台点配发饮包,30,已确认,30,已确认,2026-05-05T00:00:00,12,2,job_ref_816524
西餐,2,3,K市明庭西餐店,2026-05-05,enterprise_ref_671998,合成运营主体_671998,store_ref_252533,K市,K市明庭西餐店,training_ref_865839,柜台点配发饮包,30,已确认,30,已确认,2026-05-05T00:00:00,12,2,job_ref_816524
西餐,2,3,K市明庭西餐店,2026-05-05,enterprise_ref_671998,合成运营主体_671998,store_ref_252533,K市,K市明庭西餐店,training_ref_865839,柜台点配发饮包,30,已确认,30,已确认,2026-05-05T00:00:00,12,2,job_ref_816524
西餐,2,3,K市明庭西餐店,2026-05-05,enterprise_ref_671998,合成运营主体_671998,store_ref_252533,K市,K市明庭西餐店,training_ref_865839,柜台点配发饮包,30,已确认,30,已确认,2026-05-05T00:00:00,12,2,job_ref_816524
西餐,2,3,K市明庭西餐店,2026-05-05,enterprise_ref_671998,合成运营主体_671998,store_ref_252533,K市,K市明庭西餐店,training_ref_865839,柜台点配发饮包,30,已确认,30,已确认,2026-05-05T00:00:00,12,2,job_ref_816524
西餐,2,3,K市明庭西餐店,2026-05-05,enterprise_ref_671998,合成运营主体_671998,store_ref_252533,K市,K市明庭西餐店,training_ref_865839,柜台点配发饮包,30,已确认,30,已确认,2026-05-05T00:00:00,12,2,job_ref_816524
西餐,2,3,K市明庭西餐店,2026-05-06,enterprise_ref_671998,合成运营主体_671998,store_ref_252533,K市,K市明庭西餐店,training_ref_755189,总配正餐包,30,已确认,30,已确认,2026-05-06T00:00:00,6,1,job_ref_816524
西餐,2,3,K市明庭西餐店,2026-05-06,enterprise_ref_671998,合成运营主体_671998,store_ref_252533,K市,K市明庭西餐店,training_ref_755189,总配正餐包,30,已确认,30,已确认,2026-05-06T00:00:00,6,1,job_ref_816524
西餐,2,3,K市明庭西餐店,2026-05-06,enterprise_ref_671998,合成运营主体_671998,store_ref_252533,K市,K市明庭西餐店,training_ref_755189,总配正餐包,30,已确认,30,已确认,2026-05-06T00:00:00,6,1,job_ref_816524
西餐,2,3,K市明庭西餐店,2026-05-06,enterprise_ref_671998,合成运营主体_671998,store_ref_252533,K市,K市明庭西餐店,training_ref_755189,总配正餐包,30,已确认,30,已确认,2026-05-06T00:00:00,6,1,job_ref_816524
西餐,2,3,K市明庭西餐店,2026-05-06,enterprise_ref_671998,合成运营主体_671998,store_ref_252533,K市,K市明庭西餐店,training_ref_755189,总配正餐包,30,已确认,30,已确认,2026-05-06T00:00:00,6,1,job_ref_816524
西餐,2,3,K市明庭西餐店,2026-05-06,enterprise_ref_671998,合成运营主体_671998,store_ref_252533,K市,K市明庭西餐店,training_ref_865839,柜台点配发饮包,30,已确认,30,已确认,2026-05-06T00:00:00,12,2,job_ref_816524
西餐,2,3,K市明庭西餐店,2026-05-06,enterprise_ref_671998,合成运营主体_671998,store_ref_252533,K市,K市明庭西餐店,training_ref_865839,柜台点配发饮包,30,已确认,30,已确认,2026-05-06T00:00:00,12,2,job_ref_816524
西餐,2,3,K市明庭西餐店,2026-05-06,enterprise_ref_671998,合成运营主体_671998,store_ref_252533,K市,K市明庭西餐店,training_ref_865839,柜台点配发饮包,30,已确认,30,已确认,2026-05-06T00:00:00,12,2,job_ref_816524
西餐,2,3,K市明庭西餐店,2026-05-06,enterprise_ref_671998,合成运营主体_671998,store_ref_252533,K市,K市明庭西餐店,training_ref_865839,柜台点配发饮包,30,已确认,30,已确认,2026-05-06T00:00:00,12,2,job_ref_816524
西餐,2,3,K市明庭西餐店,2026-05-06,enterprise_ref_671998,合成运营主体_671998,store_ref_252533,K市,K市明庭西餐店,training_ref_865839,柜台点配发饮包,30,已确认,30,已确认,2026-05-06T00:00:00,12,2,job_ref_816524
西餐,2,3,K市明庭西餐店,2026-05-06,enterprise_ref_671998,合成运营主体_671998,store_ref_252533,K市,K市明庭西餐店,training_ref_865839,柜台点配发饮包,30,已确认,30,已确认,2026-05-06T00:00:00,12,2,job_ref_816524
西餐,2,3,K市明庭西餐店,2026-05-06,enterprise_ref_671998,合成运营主体_671998,store_ref_252533,K市,K市明庭西餐店,training_ref_865839,柜台点配发饮包,30,已确认,30,已确认,2026-05-06T00:00:00,12,2,job_ref_816524
西餐,2,3,K市明庭西餐店,2026-05-06,enterprise_ref_671998,合成运营主体_671998,store_ref_252533,K市,K市明庭西餐店,training_ref_865839,柜台点配发饮包,30,已确认,30,已确认,2026-05-06T00:00:00,12,2,job_ref_816524
西餐,2,3,K市明庭西餐店,2026-05-06,enterprise_ref_671998,合成运营主体_671998,store_ref_252533,K市,K市明庭西餐店,training_ref_865839,柜台点配发饮包,30,已确认,30,已确认,2026-05-06T00:00:00,12,2,job_ref_816524
西餐,2,3,K市明庭西餐店,2026-05-06,enterprise_ref_671998,合成运营主体_671998,store_ref_252533,K市,K市明庭西餐店,training_ref_865839,柜台点配发饮包,30,已确认,30,已确认,2026-05-06T00:00:00,12,2,job_ref_816524
西餐,2,3,K市明庭西餐店,2026-05-06,enterprise_ref_671998,合成运营主体_671998,store_ref_252533,K市,K市明庭西餐店,training_ref_865839,柜台点配发饮包,30,已确认,30,已确认,2026-05-06T00:00:00,12,2,job_ref_816524
西餐,2,3,K市明庭西餐店,2026-05-06,enterprise_ref_671998,合成运营主体_671998,store_ref_252533,K市,K市明庭西餐店,training_ref_865839,柜台点配发饮包,30,已确认,30,已确认,2026-05-06T00:00:00,12,2,job_ref_816524
西餐,2,3,K市明庭西餐店,2026-05-07,enterprise_ref_671998,合成运营主体_671998,store_ref_252533,K市,K市明庭西餐店,training_ref_060329,厨房正餐包,30,已确认,30,已确认,2026-05-07T00:00:00,18,3,job_ref_816524
西餐,2,3,K市明庭西餐店,2026-05-07,enterprise_ref_671998,合成运营主体_671998,store_ref_252533,K市,K市明庭西餐店,training_ref_060329,厨房正餐包,30,已确认,30,已确认,2026-05-07T00:00:00,18,3,job_ref_816524
西餐,2,3,K市明庭西餐店,2026-05-07,enterprise_ref_671998,合成运营主体_671998,store_ref_252533,K市,K市明庭西餐店,training_ref_060329,厨房正餐包,30,已确认,30,已确认,2026-05-07T00:00:00,18,3,job_ref_816524
西餐,2,3,K市明庭西餐店,2026-05-07,enterprise_ref_671998,合成运营主体_671998,store_ref_252533,K市,K市明庭西餐店,training_ref_060329,厨房正餐包,30,已确认,30,已确认,2026-05-07T00:00:00,18,3,job_ref_816524
西餐,2,3,K市明庭西餐店,2026-05-07,enterprise_ref_671998,合成运营主体_671998,store_ref_252533,K市,K市明庭西餐店,training_ref_060329,厨房正餐包,30,已确认,30,已确认,2026-05-07T00:00:00,18,3,job_ref_816524
西餐,2,3,K市明庭西餐店,2026-05-07,enterprise_ref_671998,合成运营主体_671998,store_ref_252533,K市,K市明庭西餐店,training_ref_060329,厨房正餐包,30,已确认,30,已确认,2026-05-07T00:00:00,18,3,job_ref_816524
西餐,2,3,K市明庭西餐店,2026-05-07,enterprise_ref_671998,合成运营主体_671998,store_ref_252533,K市,K市明庭西餐店,training_ref_755189,总配正餐包,30,已确认,30,已确认,2026-05-07T00:00:00,6,1,job_ref_816524
西餐,2,3,K市明庭西餐店,2026-05-07,enterprise_ref_671998,合成运营主体_671998,store_ref_252533,K市,K市明庭西餐店,training_ref_755189,总配正餐包,30,已确认,30,已确认,2026-05-07T00:00:00,6,1,job_ref_816524
西餐,2,3,K市明庭西餐店,2026-05-07,enterprise_ref_671998,合成运营主体_671998,store_ref_252533,K市,K市明庭西餐店,training_ref_755189,总配正餐包,30,已确认,30,已确认,2026-05-07T00:00:00,6,1,job_ref_816524
西餐,2,3,K市明庭西餐店,2026-05-07,enterprise_ref_671998,合成运营主体_671998,store_ref_252533,K市,K市明庭西餐店,training_ref_755189,总配正餐包,30,已确认,30,已确认,2026-05-07T00:00:00,6,1,job_ref_816524
西餐,2,3,K市明庭西餐店,2026-05-07,enterprise_ref_671998,合成运营主体_671998,store_ref_252533,K市,K市明庭西餐店,training_ref_865839,柜台点配发饮包,30,已确认,30,已确认,2026-05-07T00:00:00,12,2,job_ref_816524
西餐,2,3,K市明庭西餐店,2026-05-07,enterprise_ref_671998,合成运营主体_671998,store_ref_252533,K市,K市明庭西餐店,training_ref_865839,柜台点配发饮包,30,已确认,30,已确认,2026-05-07T00:00:00,12,2,job_ref_816524
西餐,2,3,K市明庭西餐店,2026-05-07,enterprise_ref_671998,合成运营主体_671998,store_ref_252533,K市,K市明庭西餐店,training_ref_865839,柜台点配发饮包,30,已确认,30,已确认,2026-05-07T00:00:00,12,2,job_ref_816524
西餐,2,3,K市明庭西餐店,2026-05-07,enterprise_ref_671998,合成运营主体_671998,store_ref_252533,K市,K市明庭西餐店,training_ref_865839,柜台点配发饮包,30,已确认,30,已确认,2026-05-07T00:00:00,12,2,job_ref_816524
西餐,2,3,K市明庭西餐店,2026-05-09,enterprise_ref_671998,合成运营主体_671998,store_ref_252533,K市,K市明庭西餐店,training_ref_755189,总配正餐包,30,已确认,30,已确认,2026-05-09T00:00:00,6,1,job_ref_816524
西餐,2,3,K市明庭西餐店,2026-05-09,enterprise_ref_671998,合成运营主体_671998,store_ref_252533,K市,K市明庭西餐店,training_ref_755189,总配正餐包,30,已确认,30,已确认,2026-05-09T00:00:00,6,1,job_ref_816524
西餐,2,3,K市明庭西餐店,2026-05-09,enterprise_ref_671998,合成运营主体_671998,store_ref_252533,K市,K市明庭西餐店,training_ref_865839,柜台点配发饮包,30,已确认,30,已确认,2026-05-09T00:00:00,12,2,job_ref_816524
西餐,2,3,K市明庭西餐店,2026-05-09,enterprise_ref_671998,合成运营主体_671998,store_ref_252533,K市,K市明庭西餐店,training_ref_865839,柜台点配发饮包,30,已确认,30,已确认,2026-05-09T00:00:00,12,2,job_ref_816524
西餐,2,3,K市明庭西餐店,2026-05-09,enterprise_ref_671998,合成运营主体_671998,store_ref_252533,K市,K市明庭西餐店,training_ref_865839,柜台点配发饮包,30,已确认,30,已确认,2026-05-09T00:00:00,12,2,job_ref_816524
西餐,2,3,K市明庭西餐店,2026-05-09,enterprise_ref_671998,合成运营主体_671998,store_ref_252533,K市,K市明庭西餐店,training_ref_865839,柜台点配发饮包,30,已确认,30,已确认,2026-05-09T00:00:00,12,2,job_ref_816524
西餐,2,3,K市明庭西餐店,2026-05-10,enterprise_ref_671998,合成运营主体_671998,store_ref_252533,K市,K市明庭西餐店,training_ref_060329,厨房正餐包,30,已确认,30,已确认,2026-05-10T00:00:00,18,3,job_ref_816524
西餐,2,3,K市明庭西餐店,2026-05-10,enterprise_ref_671998,合成运营主体_671998,store_ref_252533,K市,K市明庭西餐店,training_ref_060329,厨房正餐包,30,已确认,30,已确认,2026-05-10T00:00:00,18,3,job_ref_816524
西餐,2,3,K市明庭西餐店,2026-05-10,enterprise_ref_671998,合成运营主体_671998,store_ref_252533,K市,K市明庭西餐店,training_ref_060329,厨房正餐包,30,已确认,30,已确认,2026-05-10T00:00:00,18,3,job_ref_816524
西餐,2,3,K市明庭西餐店,2026-05-11,enterprise_ref_671998,合成运营主体_671998,store_ref_252533,K市,K市明庭西餐店,training_ref_060329,厨房正餐包,30,已确认,30,已确认,2026-05-11T00:00:00,18,3,job_ref_816524
西餐,2,3,K市明庭西餐店,2026-05-11,enterprise_ref_671998,合成运营主体_671998,store_ref_252533,K市,K市明庭西餐店,training_ref_060329,厨房正餐包,30,已确认,30,已确认,2026-05-11T00:00:00,18,3,job_ref_816524
西餐,2,3,K市明庭西餐店,2026-05-11,enterprise_ref_671998,合成运营主体_671998,store_ref_252533,K市,K市明庭西餐店,training_ref_060329,厨房正餐包,30,已确认,30,已确认,2026-05-11T00:00:00,18,3,job_ref_816524
西餐,2,3,K市明庭西餐店,2026-05-11,enterprise_ref_671998,合成运营主体_671998,store_ref_252533,K市,K市明庭西餐店,training_ref_060329,厨房正餐包,30,已确认,30,已确认,2026-05-11T00:00:00,18,3,job_ref_816524
西餐,2,3,K市明庭西餐店,2026-05-11,enterprise_ref_671998,合成运营主体_671998,store_ref_252533,K市,K市明庭西餐店,training_ref_060329,厨房正餐包,30,已确认,30,已确认,2026-05-11T00:00:00,18,3,job_ref_816524
西餐,2,3,K市明庭西餐店,2026-05-11,enterprise_ref_671998,合成运营主体_671998,store_ref_252533,K市,K市明庭西餐店,training_ref_060329,厨房正餐包,30,已确认,30,已确认,2026-05-11T00:00:00,18,3,job_ref_816524
西餐,2,3,K市明庭西餐店,2026-05-11,enterprise_ref_671998,合成运营主体_671998,store_ref_252533,K市,K市明庭西餐店,training_ref_865839,柜台点配发饮包,30,已确认,30,已确认,2026-05-11T00:00:00,12,2,job_ref_816524
西餐,2,3,K市明庭西餐店,2026-05-11,enterprise_ref_671998,合成运营主体_671998,store_ref_252533,K市,K市明庭西餐店,training_ref_865839,柜台点配发饮包,30,已确认,30,已确认,2026-05-11T00:00:00,12,2,job_ref_816524
西餐,2,3,K市明庭西餐店,2026-05-11,enterprise_ref_671998,合成运营主体_671998,store_ref_252533,K市,K市明庭西餐店,training_ref_865839,柜台点配发饮包,30,已确认,30,已确认,2026-05-11T00:00:00,12,2,job_ref_816524
西餐,2,3,K市明庭西餐店,2026-05-11,enterprise_ref_671998,合成运营主体_671998,store_ref_252533,K市,K市明庭西餐店,training_ref_865839,柜台点配发饮包,30,已确认,30,已确认,2026-05-11T00:00:00,12,2,job_ref_816524
西餐,2,3,K市明庭西餐店,2026-05-11,enterprise_ref_671998,合成运营主体_671998,store_ref_252533,K市,K市明庭西餐店,training_ref_865839,柜台点配发饮包,30,已确认,30,已确认,2026-05-11T00:00:00,12,2,job_ref_816524
西餐,2,3,K市明庭西餐店,2026-05-11,enterprise_ref_671998,合成运营主体_671998,store_ref_252533,K市,K市明庭西餐店,training_ref_865839,柜台点配发饮包,30,已确认,30,已确认,2026-05-11T00:00:00,12,2,job_ref_816524
西餐,2,3,K市明庭西餐店,2026-05-12,enterprise_ref_671998,合成运营主体_671998,store_ref_252533,K市,K市明庭西餐店,training_ref_865839,柜台点配发饮包,30,已确认,30,已确认,2026-05-12T00:00:00,12,2,job_ref_816524
西餐,2,3,K市明庭西餐店,2026-05-12,enterprise_ref_671998,合成运营主体_671998,store_ref_252533,K市,K市明庭西餐店,training_ref_865839,柜台点配发饮包,30,已确认,30,已确认,2026-05-12T00:00:00,12,2,job_ref_816524
西餐,2,3,K市明庭西餐店,2026-05-12,enterprise_ref_671998,合成运营主体_671998,store_ref_252533,K市,K市明庭西餐店,training_ref_865839,柜台点配发饮包,30,已确认,30,已确认,2026-05-12T00:00:00,12,2,job_ref_816524
西餐,2,3,K市明庭西餐店,2026-05-12,enterprise_ref_671998,合成运营主体_671998,store_ref_252533,K市,K市明庭西餐店,training_ref_865839,柜台点配发饮包,30,已确认,30,已确认,2026-05-12T00:00:00,12,2,job_ref_816524
西餐,2,3,K市明庭西餐店,2026-05-12,enterprise_ref_671998,合成运营主体_671998,store_ref_252533,K市,K市明庭西餐店,training_ref_690057,总配正餐含PP包,30,已确认,30,已确认,2026-05-12T00:00:00,12,2,job_ref_816524
西餐,2,3,K市明庭西餐店,2026-05-12,enterprise_ref_671998,合成运营主体_671998,store_ref_252533,K市,K市明庭西餐店,training_ref_690057,总配正餐含PP包,30,已确认,30,已确认,2026-05-12T00:00:00,12,2,job_ref_816524
西餐,2,3,K市明庭西餐店,2026-05-12,enterprise_ref_671998,合成运营主体_671998,store_ref_252533,K市,K市明庭西餐店,training_ref_690057,总配正餐含PP包,30,已确认,30,已确认,2026-05-12T00:00:00,12,2,job_ref_816524
西餐,2,3,K市明庭西餐店,2026-05-12,enterprise_ref_671998,合成运营主体_671998,store_ref_252533,K市,K市明庭西餐店,training_ref_690057,总配正餐含PP包,30,已确认,30,已确认,2026-05-12T00:00:00,12,2,job_ref_816524
西餐,2,3,K市明庭西餐店,2026-05-13,enterprise_ref_671998,合成运营主体_671998,store_ref_252533,K市,K市明庭西餐店,training_ref_755189,总配正餐包,30,已确认,30,已确认,2026-05-13T00:00:00,6,1,job_ref_816524
西餐,2,3,K市明庭西餐店,2026-05-13,enterprise_ref_671998,合成运营主体_671998,store_ref_252533,K市,K市明庭西餐店,training_ref_755189,总配正餐包,30,已确认,30,已确认,2026-05-13T00:00:00,6,1,job_ref_816524
西餐,2,3,K市明庭西餐店,2026-05-13,enterprise_ref_671998,合成运营主体_671998,store_ref_252533,K市,K市明庭西餐店,training_ref_755189,总配正餐包,30,已确认,30,已确认,2026-05-13T00:00:00,6,1,job_ref_816524
西餐,2,3,K市明庭西餐店,2026-05-13,enterprise_ref_671998,合成运营主体_671998,store_ref_252533,K市,K市明庭西餐店,training_ref_755189,总配正餐包,30,已确认,30,已确认,2026-05-13T00:00:00,6,1,job_ref_816524
西餐,2,3,K市明庭西餐店,2026-05-13,enterprise_ref_671998,合成运营主体_671998,store_ref_252533,K市,K市明庭西餐店,training_ref_865839,柜台点配发饮包,30,已确认,30,已确认,2026-05-13T00:00:00,12,2,job_ref_816524
西餐,2,3,K市明庭西餐店,2026-05-13,enterprise_ref_671998,合成运营主体_671998,store_ref_252533,K市,K市明庭西餐店,training_ref_865839,柜台点配发饮包,30,已确认,30,已确认,2026-05-13T00:00:00,12,2,job_ref_816524
西餐,2,3,K市明庭西餐店,2026-05-13,enterprise_ref_671998,合成运营主体_671998,store_ref_252533,K市,K市明庭西餐店,training_ref_865839,柜台点配发饮包,30,已确认,30,已确认,2026-05-13T00:00:00,12,2,job_ref_816524
西餐,2,3,K市明庭西餐店,2026-05-13,enterprise_ref_671998,合成运营主体_671998,store_ref_252533,K市,K市明庭西餐店,training_ref_865839,柜台点配发饮包,30,已确认,30,已确认,2026-05-13T00:00:00,12,2,job_ref_816524
西餐,2,3,K市明庭西餐店,2026-05-13,enterprise_ref_671998,合成运营主体_671998,store_ref_252533,K市,K市明庭西餐店,training_ref_865839,柜台点配发饮包,30,已确认,30,已确认,2026-05-13T00:00:00,12,2,job_ref_816524
西餐,2,3,K市明庭西餐店,2026-05-14,enterprise_ref_671998,合成运营主体_671998,store_ref_252533,K市,K市明庭西餐店,training_ref_060329,厨房正餐包,30,已确认,30,已确认,2026-05-14T00:00:00,18,3,job_ref_816524
西餐,2,3,K市明庭西餐店,2026-05-14,enterprise_ref_671998,合成运营主体_671998,store_ref_252533,K市,K市明庭西餐店,training_ref_060329,厨房正餐包,30,已确认,30,已确认,2026-05-14T00:00:00,18,3,job_ref_816524
西餐,2,3,K市明庭西餐店,2026-05-14,enterprise_ref_671998,合成运营主体_671998,store_ref_252533,K市,K市明庭西餐店,training_ref_060329,厨房正餐包,30,已确认,30,已确认,2026-05-14T00:00:00,18,3,job_ref_816524
西餐,2,3,K市明庭西餐店,2026-05-14,enterprise_ref_671998,合成运营主体_671998,store_ref_252533,K市,K市明庭西餐店,training_ref_060329,厨房正餐包,30,已确认,30,已确认,2026-05-14T00:00:00,18,3,job_ref_816524
西餐,2,3,K市明庭西餐店,2026-05-14,enterprise_ref_671998,合成运营主体_671998,store_ref_252533,K市,K市明庭西餐店,training_ref_060329,厨房正餐包,30,已确认,30,已确认,2026-05-14T00:00:00,18,3,job_ref_816524
西餐,2,3,K市明庭西餐店,2026-05-14,enterprise_ref_671998,合成运营主体_671998,store_ref_252533,K市,K市明庭西餐店,training_ref_060329,厨房正餐包,30,已确认,30,已确认,2026-05-14T00:00:00,18,3,job_ref_816524
西餐,2,3,K市明庭西餐店,2026-05-14,enterprise_ref_671998,合成运营主体_671998,store_ref_252533,K市,K市明庭西餐店,training_ref_060329,厨房正餐包,30,已确认,30,已确认,2026-05-14T00:00:00,18,3,job_ref_816524
西餐,2,3,K市明庭西餐店,2026-05-14,enterprise_ref_671998,合成运营主体_671998,store_ref_252533,K市,K市明庭西餐店,training_ref_060329,厨房正餐包,30,已确认,30,已确认,2026-05-14T00:00:00,18,3,job_ref_816524
西餐,2,3,K市明庭西餐店,2026-05-14,enterprise_ref_671998,合成运营主体_671998,store_ref_252533,K市,K市明庭西餐店,training_ref_060329,厨房正餐包,30,已确认,30,已确认,2026-05-14T00:00:00,18,3,job_ref_816524
西餐,2,3,K市明庭西餐店,2026-05-14,enterprise_ref_671998,合成运营主体_671998,store_ref_252533,K市,K市明庭西餐店,training_ref_755189,总配正餐包,30,已确认,30,已确认,2026-05-14T00:00:00,6,1,job_ref_816524
西餐,2,3,K市明庭西餐店,2026-05-14,enterprise_ref_671998,合成运营主体_671998,store_ref_252533,K市,K市明庭西餐店,training_ref_755189,总配正餐包,30,已确认,30,已确认,2026-05-14T00:00:00,6,1,job_ref_816524
西餐,2,3,K市明庭西餐店,2026-05-14,enterprise_ref_671998,合成运营主体_671998,store_ref_252533,K市,K市明庭西餐店,training_ref_755189,总配正餐包,30,已确认,30,已确认,2026-05-14T00:00:00,6,1,job_ref_816524
西餐,2,3,K市明庭西餐店,2026-05-14,enterprise_ref_671998,合成运营主体_671998,store_ref_252533,K市,K市明庭西餐店,training_ref_755189,总配正餐包,30,已确认,30,已确认,2026-05-14T00:00:00,6,1,job_ref_816524
西餐,2,3,K市明庭西餐店,2026-05-14,enterprise_ref_671998,合成运营主体_671998,store_ref_252533,K市,K市明庭西餐店,training_ref_755189,总配正餐包,30,已确认,30,已确认,2026-05-14T00:00:00,6,1,job_ref_816524
西餐,2,3,K市明庭西餐店,2026-05-14,enterprise_ref_671998,合成运营主体_671998,store_ref_252533,K市,K市明庭西餐店,training_ref_755189,总配正餐包,30,已确认,30,已确认,2026-05-14T00:00:00,6,1,job_ref_816524
西餐,2,3,K市明庭西餐店,2026-05-14,enterprise_ref_671998,合成运营主体_671998,store_ref_252533,K市,K市明庭西餐店,training_ref_755189,总配正餐包,30,已确认,30,已确认,2026-05-14T00:00:00,6,1,job_ref_816524
西餐,2,3,K市明庭西餐店,2026-05-14,enterprise_ref_671998,合成运营主体_671998,store_ref_252533,K市,K市明庭西餐店,training_ref_194525,解冻腌制包,30,已确认,30,已确认,2026-05-14T00:00:00,6,1,job_ref_816524
西餐,2,3,K市明庭西餐店,2026-05-14,enterprise_ref_671998,合成运营主体_671998,store_ref_252533,K市,K市明庭西餐店,training_ref_194525,解冻腌制包,30,已确认,30,已确认,2026-05-14T00:00:00,6,1,job_ref_816524
西餐,2,3,K市明庭西餐店,2026-05-15,enterprise_ref_671998,合成运营主体_671998,store_ref_252533,K市,K市明庭西餐店,training_ref_755189,总配正餐包,30,已确认,30,已确认,2026-05-15T00:00:00,6,1,job_ref_816524
西餐,2,3,K市明庭西餐店,2026-05-15,enterprise_ref_671998,合成运营主体_671998,store_ref_252533,K市,K市明庭西餐店,training_ref_755189,总配正餐包,30,已确认,30,已确认,2026-05-15T00:00:00,6,1,job_ref_816524
西餐,2,3,K市明庭西餐店,2026-05-15,enterprise_ref_671998,合成运营主体_671998,store_ref_252533,K市,K市明庭西餐店,training_ref_755189,总配正餐包,30,已确认,30,已确认,2026-05-15T00:00:00,6,1,job_ref_816524
西餐,2,3,K市明庭西餐店,2026-05-15,enterprise_ref_671998,合成运营主体_671998,store_ref_252533,K市,K市明庭西餐店,training_ref_755189,总配正餐包,30,已确认,30,已确认,2026-05-15T00:00:00,6,1,job_ref_816524
西餐,2,3,K市明庭西餐店,2026-05-15,enterprise_ref_671998,合成运营主体_671998,store_ref_252533,K市,K市明庭西餐店,training_ref_755189,总配正餐包,30,已确认,30,已确认,2026-05-15T00:00:00,6,1,job_ref_816524
西餐,2,3,K市明庭西餐店,2026-05-15,enterprise_ref_671998,合成运营主体_671998,store_ref_252533,K市,K市明庭西餐店,training_ref_865839,柜台点配发饮包,30,已确认,30,已确认,2026-05-15T00:00:00,12,2,job_ref_816524
西餐,2,3,K市明庭西餐店,2026-05-15,enterprise_ref_671998,合成运营主体_671998,store_ref_252533,K市,K市明庭西餐店,training_ref_865839,柜台点配发饮包,30,已确认,30,已确认,2026-05-15T00:00:00,12,2,job_ref_816524
西餐,2,3,K市明庭西餐店,2026-05-15,enterprise_ref_671998,合成运营主体_671998,store_ref_252533,K市,K市明庭西餐店,training_ref_865839,柜台点配发饮包,30,已确认,30,已确认,2026-05-15T00:00:00,12,2,job_ref_816524
西餐,2,3,K市明庭西餐店,2026-05-15,enterprise_ref_671998,合成运营主体_671998,store_ref_252533,K市,K市明庭西餐店,training_ref_865839,柜台点配发饮包,30,已确认,30,已确认,2026-05-15T00:00:00,12,2,job_ref_816524
西餐,2,3,K市明庭西餐店,2026-05-16,enterprise_ref_671998,合成运营主体_671998,store_ref_252533,K市,K市明庭西餐店,training_ref_060329,厨房正餐包,30,已确认,30,已确认,2026-05-16T00:00:00,18,3,job_ref_816524
西餐,2,3,K市明庭西餐店,2026-05-16,enterprise_ref_671998,合成运营主体_671998,store_ref_252533,K市,K市明庭西餐店,training_ref_060329,厨房正餐包,30,已确认,30,已确认,2026-05-16T00:00:00,18,3,job_ref_816524
西餐,2,3,K市明庭西餐店,2026-05-16,enterprise_ref_671998,合成运营主体_671998,store_ref_252533,K市,K市明庭西餐店,training_ref_060329,厨房正餐包,30,已确认,30,已确认,2026-05-16T00:00:00,18,3,job_ref_816524
西餐,2,3,K市明庭西餐店,2026-05-16,enterprise_ref_671998,合成运营主体_671998,store_ref_252533,K市,K市明庭西餐店,training_ref_060329,厨房正餐包,30,已确认,30,已确认,2026-05-16T00:00:00,18,3,job_ref_816524
西餐,2,3,K市明庭西餐店,2026-05-16,enterprise_ref_671998,合成运营主体_671998,store_ref_252533,K市,K市明庭西餐店,training_ref_060329,厨房正餐包,30,已确认,30,已确认,2026-05-16T00:00:00,18,3,job_ref_816524
西餐,2,3,K市明庭西餐店,2026-05-16,enterprise_ref_671998,合成运营主体_671998,store_ref_252533,K市,K市明庭西餐店,training_ref_060329,厨房正餐包,30,已确认,30,已确认,2026-05-16T00:00:00,18,3,job_ref_816524
西餐,2,3,K市明庭西餐店,2026-05-16,enterprise_ref_671998,合成运营主体_671998,store_ref_252533,K市,K市明庭西餐店,training_ref_060329,厨房正餐包,30,已确认,30,已确认,2026-05-16T00:00:00,18,3,job_ref_816524
西餐,2,3,K市明庭西餐店,2026-05-16,enterprise_ref_671998,合成运营主体_671998,store_ref_252533,K市,K市明庭西餐店,training_ref_060329,厨房正餐包,30,已确认,30,已确认,2026-05-16T00:00:00,18,3,job_ref_816524
西餐,2,3,K市明庭西餐店,2026-05-16,enterprise_ref_671998,合成运营主体_671998,store_ref_252533,K市,K市明庭西餐店,training_ref_060329,厨房正餐包,30,已确认,30,已确认,2026-05-16T00:00:00,18,3,job_ref_816524
西餐,2,3,K市明庭西餐店,2026-05-16,enterprise_ref_671998,合成运营主体_671998,store_ref_252533,K市,K市明庭西餐店,training_ref_060329,厨房正餐包,30,已确认,30,已确认,2026-05-16T00:00:00,18,3,job_ref_816524
西餐,2,3,K市明庭西餐店,2026-05-16,enterprise_ref_671998,合成运营主体_671998,store_ref_252533,K市,K市明庭西餐店,training_ref_060329,厨房正餐包,30,已确认,30,已确认,2026-05-16T00:00:00,18,3,job_ref_816524
西餐,2,3,K市明庭西餐店,2026-05-16,enterprise_ref_671998,合成运营主体_671998,store_ref_252533,K市,K市明庭西餐店,training_ref_219621,总配开早正包,30,已确认,30,已确认,2026-05-16T00:00:00,12,2,job_ref_816524
西餐,2,3,K市明庭西餐店,2026-05-16,enterprise_ref_671998,合成运营主体_671998,store_ref_252533,K市,K市明庭西餐店,training_ref_219621,总配开早正包,30,已确认,30,已确认,2026-05-16T00:00:00,12,2,job_ref_816524
西餐,2,3,K市明庭西餐店,2026-05-16,enterprise_ref_671998,合成运营主体_671998,store_ref_252533,K市,K市明庭西餐店,training_ref_865839,柜台点配发饮包,30,已确认,30,已确认,2026-05-16T00:00:00,12,2,job_ref_816524
西餐,2,3,K市明庭西餐店,2026-05-16,enterprise_ref_671998,合成运营主体_671998,store_ref_252533,K市,K市明庭西餐店,training_ref_865839,柜台点配发饮包,30,已确认,30,已确认,2026-05-16T00:00:00,12,2,job_ref_816524
西餐,2,3,K市明庭西餐店,2026-05-17,enterprise_ref_671998,合成运营主体_671998,store_ref_252533,K市,K市明庭西餐店,training_ref_636252,厨房开早正包,30,已确认,30,已确认,2026-05-17T00:00:00,21,3,job_ref_816524
西餐,2,3,K市明庭西餐店,2026-05-17,enterprise_ref_671998,合成运营主体_671998,store_ref_252533,K市,K市明庭西餐店,training_ref_636252,厨房开早正包,30,已确认,30,已确认,2026-05-17T00:00:00,21,3,job_ref_816524
西餐,2,3,K市明庭西餐店,2026-05-17,enterprise_ref_671998,合成运营主体_671998,store_ref_252533,K市,K市明庭西餐店,training_ref_636252,厨房开早正包,30,已确认,30,已确认,2026-05-17T00:00:00,21,3,job_ref_816524
西餐,2,3,K市明庭西餐店,2026-05-17,enterprise_ref_671998,合成运营主体_671998,store_ref_252533,K市,K市明庭西餐店,training_ref_636252,厨房开早正包,30,已确认,30,已确认,2026-05-17T00:00:00,21,3,job_ref_816524
西餐,2,3,K市明庭西餐店,2026-05-17,enterprise_ref_671998,合成运营主体_671998,store_ref_252533,K市,K市明庭西餐店,training_ref_636252,厨房开早正包,30,已确认,30,已确认,2026-05-17T00:00:00,21,3,job_ref_816524
西餐,2,3,K市明庭西餐店,2026-05-17,enterprise_ref_671998,合成运营主体_671998,store_ref_252533,K市,K市明庭西餐店,training_ref_636252,厨房开早正包,30,已确认,30,已确认,2026-05-17T00:00:00,21,3,job_ref_816524
西餐,2,3,K市明庭西餐店,2026-05-18,enterprise_ref_671998,合成运营主体_671998,store_ref_252533,K市,K市明庭西餐店,training_ref_755189,总配正餐包,30,已确认,30,已确认,2026-05-18T00:00:00,6,1,job_ref_816524
西餐,2,3,K市明庭西餐店,2026-05-18,enterprise_ref_671998,合成运营主体_671998,store_ref_252533,K市,K市明庭西餐店,training_ref_755189,总配正餐包,30,已确认,30,已确认,2026-05-18T00:00:00,6,1,job_ref_816524
西餐,2,3,K市明庭西餐店,2026-05-18,enterprise_ref_671998,合成运营主体_671998,store_ref_252533,K市,K市明庭西餐店,training_ref_755189,总配正餐包,30,已确认,30,已确认,2026-05-18T00:00:00,6,1,job_ref_816524
西餐,2,3,K市明庭西餐店,2026-05-18,enterprise_ref_671998,合成运营主体_671998,store_ref_252533,K市,K市明庭西餐店,training_ref_865839,柜台点配发饮包,30,已确认,30,已确认,2026-05-18T00:00:00,12,2,job_ref_816524
西餐,2,3,K市明庭西餐店,2026-05-18,enterprise_ref_671998,合成运营主体_671998,store_ref_252533,K市,K市明庭西餐店,training_ref_865839,柜台点配发饮包,30,已确认,30,已确认,2026-05-18T00:00:00,12,2,job_ref_816524
西餐,2,3,K市明庭西餐店,2026-05-18,enterprise_ref_671998,合成运营主体_671998,store_ref_252533,K市,K市明庭西餐店,training_ref_865839,柜台点配发饮包,30,已确认,30,已确认,2026-05-18T00:00:00,12,2,job_ref_816524
西餐,2,3,K市明庭西餐店,2026-05-18,enterprise_ref_671998,合成运营主体_671998,store_ref_252533,K市,K市明庭西餐店,training_ref_865839,柜台点配发饮包,30,已确认,30,已确认,2026-05-18T00:00:00,12,2,job_ref_816524
西餐,2,3,K市明庭西餐店,2026-05-18,enterprise_ref_671998,合成运营主体_671998,store_ref_252533,K市,K市明庭西餐店,training_ref_865839,柜台点配发饮包,30,已确认,30,已确认,2026-05-18T00:00:00,12,2,job_ref_816524
西餐,2,3,K市明庭西餐店,2026-05-18,enterprise_ref_671998,合成运营主体_671998,store_ref_252533,K市,K市明庭西餐店,training_ref_865839,柜台点配发饮包,30,已确认,30,已确认,2026-05-18T00:00:00,12,2,job_ref_816524
西餐,2,3,K市明庭西餐店,2026-05-18,enterprise_ref_671998,合成运营主体_671998,store_ref_252533,K市,K市明庭西餐店,training_ref_865839,柜台点配发饮包,30,已确认,30,已确认,2026-05-18T00:00:00,12,2,job_ref_816524
西餐,2,3,K市明庭西餐店,2026-05-18,enterprise_ref_671998,合成运营主体_671998,store_ref_252533,K市,K市明庭西餐店,training_ref_865839,柜台点配发饮包,30,已确认,30,已确认,2026-05-18T00:00:00,12,2,job_ref_816524
西餐,2,3,K市明庭西餐店,2026-05-19,enterprise_ref_671998,合成运营主体_671998,store_ref_252533,K市,K市明庭西餐店,training_ref_060329,厨房正餐包,30,已确认,30,已确认,2026-05-19T00:00:00,18,3,job_ref_816524
西餐,2,3,K市明庭西餐店,2026-05-19,enterprise_ref_671998,合成运营主体_671998,store_ref_252533,K市,K市明庭西餐店,training_ref_060329,厨房正餐包,30,已确认,30,已确认,2026-05-19T00:00:00,18,3,job_ref_816524
西餐,2,3,K市明庭西餐店,2026-05-19,enterprise_ref_671998,合成运营主体_671998,store_ref_252533,K市,K市明庭西餐店,training_ref_060329,厨房正餐包,30,已确认,30,已确认,2026-05-19T00:00:00,18,3,job_ref_816524
西餐,2,3,K市明庭西餐店,2026-05-19,enterprise_ref_671998,合成运营主体_671998,store_ref_252533,K市,K市明庭西餐店,training_ref_060329,厨房正餐包,30,已确认,30,已确认,2026-05-19T00:00:00,18,3,job_ref_816524
西餐,2,3,K市明庭西餐店,2026-05-19,enterprise_ref_671998,合成运营主体_671998,store_ref_252533,K市,K市明庭西餐店,training_ref_060329,厨房正餐包,30,已确认,30,已确认,2026-05-19T00:00:00,18,3,job_ref_816524
西餐,2,3,K市明庭西餐店,2026-05-19,enterprise_ref_671998,合成运营主体_671998,store_ref_252533,K市,K市明庭西餐店,training_ref_060329,厨房正餐包,30,已确认,30,已确认,2026-05-19T00:00:00,18,3,job_ref_816524
西餐,2,3,K市明庭西餐店,2026-05-19,enterprise_ref_671998,合成运营主体_671998,store_ref_252533,K市,K市明庭西餐店,training_ref_060329,厨房正餐包,30,已确认,30,已确认,2026-05-19T00:00:00,18,3,job_ref_816524
西餐,2,3,K市明庭西餐店,2026-05-19,enterprise_ref_671998,合成运营主体_671998,store_ref_252533,K市,K市明庭西餐店,training_ref_060329,厨房正餐包,30,已确认,30,已确认,2026-05-19T00:00:00,18,3,job_ref_816524
西餐,2,3,K市明庭西餐店,2026-05-19,enterprise_ref_671998,合成运营主体_671998,store_ref_252533,K市,K市明庭西餐店,training_ref_060329,厨房正餐包,30,已确认,30,已确认,2026-05-19T00:00:00,18,3,job_ref_816524
西餐,2,3,K市明庭西餐店,2026-05-19,enterprise_ref_671998,合成运营主体_671998,store_ref_252533,K市,K市明庭西餐店,training_ref_060329,厨房正餐包,30,已确认,30,已确认,2026-05-19T00:00:00,18,3,job_ref_816524
西餐,2,3,K市明庭西餐店,2026-05-19,enterprise_ref_671998,合成运营主体_671998,store_ref_252533,K市,K市明庭西餐店,training_ref_060329,厨房正餐包,30,已确认,30,已确认,2026-05-19T00:00:00,18,3,job_ref_816524
西餐,2,3,K市明庭西餐店,2026-05-19,enterprise_ref_671998,合成运营主体_671998,store_ref_252533,K市,K市明庭西餐店,training_ref_060329,厨房正餐包,30,已确认,30,已确认,2026-05-19T00:00:00,18,3,job_ref_816524
西餐,2,3,K市明庭西餐店,2026-05-19,enterprise_ref_671998,合成运营主体_671998,store_ref_252533,K市,K市明庭西餐店,training_ref_060329,厨房正餐包,30,已确认,30,已确认,2026-05-19T00:00:00,18,3,job_ref_816524
西餐,2,3,K市明庭西餐店,2026-05-19,enterprise_ref_671998,合成运营主体_671998,store_ref_252533,K市,K市明庭西餐店,training_ref_060329,厨房正餐包,30,已确认,30,已确认,2026-05-19T00:00:00,18,3,job_ref_816524
西餐,2,3,K市明庭西餐店,2026-05-19,enterprise_ref_671998,合成运营主体_671998,store_ref_252533,K市,K市明庭西餐店,training_ref_060329,厨房正餐包,30,已确认,30,已确认,2026-05-19T00:00:00,18,3,job_ref_816524
西餐,2,3,K市明庭西餐店,2026-05-19,enterprise_ref_671998,合成运营主体_671998,store_ref_252533,K市,K市明庭西餐店,training_ref_060329,厨房正餐包,30,已确认,30,已确认,2026-05-19T00:00:00,18,3,job_ref_816524
西餐,2,3,K市明庭西餐店,2026-05-19,enterprise_ref_671998,合成运营主体_671998,store_ref_252533,K市,K市明庭西餐店,training_ref_060329,厨房正餐包,30,已确认,30,已确认,2026-05-19T00:00:00,18,3,job_ref_816524
西餐,2,3,K市明庭西餐店,2026-05-19,enterprise_ref_671998,合成运营主体_671998,store_ref_252533,K市,K市明庭西餐店,training_ref_060329,厨房正餐包,30,已确认,30,已确认,2026-05-19T00:00:00,18,3,job_ref_816524
西餐,2,3,K市明庭西餐店,2026-05-19,enterprise_ref_671998,合成运营主体_671998,store_ref_252533,K市,K市明庭西餐店,training_ref_060329,厨房正餐包,30,已确认,30,已确认,2026-05-19T00:00:00,18,3,job_ref_816524
西餐,2,3,K市明庭西餐店,2026-05-19,enterprise_ref_671998,合成运营主体_671998,store_ref_252533,K市,K市明庭西餐店,training_ref_060329,厨房正餐包,30,已确认,30,已确认,2026-05-19T00:00:00,18,3,job_ref_816524
西餐,2,3,K市明庭西餐店,2026-05-19,enterprise_ref_671998,合成运营主体_671998,store_ref_252533,K市,K市明庭西餐店,training_ref_060329,厨房正餐包,30,已确认,30,已确认,2026-05-19T00:00:00,18,3,job_ref_816524
西餐,2,3,K市明庭西餐店,2026-05-19,enterprise_ref_671998,合成运营主体_671998,store_ref_252533,K市,K市明庭西餐店,training_ref_060329,厨房正餐包,30,已确认,30,已确认,2026-05-19T00:00:00,18,3,job_ref_816524
西餐,2,3,K市明庭西餐店,2026-05-19,enterprise_ref_671998,合成运营主体_671998,store_ref_252533,K市,K市明庭西餐店,training_ref_060329,厨房正餐包,30,已确认,30,已确认,2026-05-19T00:00:00,18,3,job_ref_816524
西餐,2,3,K市明庭西餐店,2026-05-19,enterprise_ref_671998,合成运营主体_671998,store_ref_252533,K市,K市明庭西餐店,training_ref_060329,厨房正餐包,30,已确认,30,已确认,2026-05-19T00:00:00,18,3,job_ref_816524
西餐,2,3,K市明庭西餐店,2026-05-19,enterprise_ref_671998,合成运营主体_671998,store_ref_252533,K市,K市明庭西餐店,training_ref_060329,厨房正餐包,30,已确认,30,已确认,2026-05-19T00:00:00,18,3,job_ref_816524
西餐,2,3,K市明庭西餐店,2026-05-19,enterprise_ref_671998,合成运营主体_671998,store_ref_252533,K市,K市明庭西餐店,training_ref_060329,厨房正餐包,30,已确认,30,已确认,2026-05-19T00:00:00,18,3,job_ref_816524
西餐,2,3,K市明庭西餐店,2026-05-19,enterprise_ref_671998,合成运营主体_671998,store_ref_252533,K市,K市明庭西餐店,training_ref_060329,厨房正餐包,30,已确认,30,已确认,2026-05-19T00:00:00,18,3,job_ref_816524
西餐,2,3,K市明庭西餐店,2026-05-19,enterprise_ref_671998,合成运营主体_671998,store_ref_252533,K市,K市明庭西餐店,training_ref_060329,厨房正餐包,30,已确认,30,已确认,2026-05-19T00:00:00,18,3,job_ref_816524
西餐,2,3,K市明庭西餐店,2026-05-19,enterprise_ref_671998,合成运营主体_671998,store_ref_252533,K市,K市明庭西餐店,training_ref_060329,厨房正餐包,30,已确认,30,已确认,2026-05-19T00:00:00,18,3,job_ref_816524
西餐,2,3,K市明庭西餐店,2026-05-19,enterprise_ref_671998,合成运营主体_671998,store_ref_252533,K市,K市明庭西餐店,training_ref_060329,厨房正餐包,30,已确认,30,已确认,2026-05-19T00:00:00,18,3,job_ref_816524
西餐,2,3,K市明庭西餐店,2026-05-19,enterprise_ref_671998,合成运营主体_671998,store_ref_252533,K市,K市明庭西餐店,training_ref_060329,厨房正餐包,30,已确认,30,已确认,2026-05-19T00:00:00,18,3,job_ref_816524
西餐,2,3,K市明庭西餐店,2026-05-19,enterprise_ref_671998,合成运营主体_671998,store_ref_252533,K市,K市明庭西餐店,training_ref_060329,厨房正餐包,30,已确认,30,已确认,2026-05-19T00:00:00,18,3,job_ref_816524
西餐,2,3,K市明庭西餐店,2026-05-19,enterprise_ref_671998,合成运营主体_671998,store_ref_252533,K市,K市明庭西餐店,training_ref_060329,厨房正餐包,30,已确认,30,已确认,2026-05-19T00:00:00,18,3,job_ref_816524
西餐,2,3,K市明庭西餐店,2026-05-19,enterprise_ref_671998,合成运营主体_671998,store_ref_252533,K市,K市明庭西餐店,training_ref_060329,厨房正餐包,30,已确认,30,已确认,2026-05-19T00:00:00,18,3,job_ref_816524
西餐,2,3,K市明庭西餐店,2026-05-19,enterprise_ref_671998,合成运营主体_671998,store_ref_252533,K市,K市明庭西餐店,training_ref_060329,厨房正餐包,30,已确认,30,已确认,2026-05-19T00:00:00,18,3,job_ref_816524
西餐,2,3,K市明庭西餐店,2026-05-19,enterprise_ref_671998,合成运营主体_671998,store_ref_252533,K市,K市明庭西餐店,training_ref_060329,厨房正餐包,30,已确认,30,已确认,2026-05-19T00:00:00,18,3,job_ref_816524
西餐,2,3,K市明庭西餐店,2026-05-19,enterprise_ref_671998,合成运营主体_671998,store_ref_252533,K市,K市明庭西餐店,training_ref_060329,厨房正餐包,30,已确认,30,已确认,2026-05-19T00:00:00,18,3,job_ref_816524
西餐,2,3,K市明庭西餐店,2026-05-19,enterprise_ref_671998,合成运营主体_671998,store_ref_252533,K市,K市明庭西餐店,training_ref_865839,柜台点配发饮包,30,已确认,30,已确认,2026-05-19T00:00:00,12,2,job_ref_816524
西餐,2,3,K市明庭西餐店,2026-05-19,enterprise_ref_671998,合成运营主体_671998,store_ref_252533,K市,K市明庭西餐店,training_ref_865839,柜台点配发饮包,30,已确认,30,已确认,2026-05-19T00:00:00,12,2,job_ref_816524
西餐,2,3,K市明庭西餐店,2026-05-19,enterprise_ref_671998,合成运营主体_671998,store_ref_252533,K市,K市明庭西餐店,training_ref_865839,柜台点配发饮包,30,已确认,30,已确认,2026-05-19T00:00:00,12,2,job_ref_816524
西餐,2,3,K市明庭西餐店,2026-05-19,enterprise_ref_671998,合成运营主体_671998,store_ref_252533,K市,K市明庭西餐店,training_ref_865839,柜台点配发饮包,30,已确认,30,已确认,2026-05-19T00:00:00,12,2,job_ref_816524
西餐,2,3,K市明庭西餐店,2026-05-19,enterprise_ref_671998,合成运营主体_671998,store_ref_252533,K市,K市明庭西餐店,training_ref_865839,柜台点配发饮包,30,已确认,30,已确认,2026-05-19T00:00:00,12,2,job_ref_816524
西餐,2,3,K市明庭西餐店,2026-05-19,enterprise_ref_671998,合成运营主体_671998,store_ref_252533,K市,K市明庭西餐店,training_ref_865839,柜台点配发饮包,30,已确认,30,已确认,2026-05-19T00:00:00,12,2,job_ref_816524
西餐,2,3,K市明庭西餐店,2026-05-19,enterprise_ref_671998,合成运营主体_671998,store_ref_252533,K市,K市明庭西餐店,training_ref_865839,柜台点配发饮包,30,已确认,30,已确认,2026-05-19T00:00:00,12,2,job_ref_816524
西餐,2,3,K市明庭西餐店,2026-05-19,enterprise_ref_671998,合成运营主体_671998,store_ref_252533,K市,K市明庭西餐店,training_ref_865839,柜台点配发饮包,30,已确认,30,已确认,2026-05-19T00:00:00,12,2,job_ref_816524
西餐,2,3,K市明庭西餐店,2026-05-19,enterprise_ref_671998,合成运营主体_671998,store_ref_252533,K市,K市明庭西餐店,training_ref_865839,柜台点配发饮包,30,已确认,30,已确认,2026-05-19T00:00:00,12,2,job_ref_816524
西餐,2,3,K市明庭西餐店,2026-05-19,enterprise_ref_671998,合成运营主体_671998,store_ref_252533,K市,K市明庭西餐店,training_ref_865839,柜台点配发饮包,30,已确认,30,已确认,2026-05-19T00:00:00,12,2,job_ref_816524
西餐,2,3,K市明庭西餐店,2026-05-19,enterprise_ref_671998,合成运营主体_671998,store_ref_252533,K市,K市明庭西餐店,training_ref_865839,柜台点配发饮包,30,已确认,30,已确认,2026-05-19T00:00:00,12,2,job_ref_816524
西餐,2,3,K市明庭西餐店,2026-05-20,enterprise_ref_671998,合成运营主体_671998,store_ref_252533,K市,K市明庭西餐店,training_ref_060329,厨房正餐包,30,已确认,30,已确认,2026-05-20T00:00:00,18,3,job_ref_816524
西餐,2,3,K市明庭西餐店,2026-05-20,enterprise_ref_671998,合成运营主体_671998,store_ref_252533,K市,K市明庭西餐店,training_ref_060329,厨房正餐包,30,已确认,30,已确认,2026-05-20T00:00:00,18,3,job_ref_816524
西餐,2,3,K市明庭西餐店,2026-05-20,enterprise_ref_671998,合成运营主体_671998,store_ref_252533,K市,K市明庭西餐店,training_ref_060329,厨房正餐包,30,已确认,30,已确认,2026-05-20T00:00:00,18,3,job_ref_816524
西餐,2,3,K市明庭西餐店,2026-05-20,enterprise_ref_671998,合成运营主体_671998,store_ref_252533,K市,K市明庭西餐店,training_ref_060329,厨房正餐包,30,已确认,30,已确认,2026-05-20T00:00:00,18,3,job_ref_816524
西餐,2,3,K市明庭西餐店,2026-05-20,enterprise_ref_671998,合成运营主体_671998,store_ref_252533,K市,K市明庭西餐店,training_ref_060329,厨房正餐包,30,已确认,30,已确认,2026-05-20T00:00:00,18,3,job_ref_816524
西餐,2,3,K市明庭西餐店,2026-05-20,enterprise_ref_671998,合成运营主体_671998,store_ref_252533,K市,K市明庭西餐店,training_ref_060329,厨房正餐包,30,已确认,30,已确认,2026-05-20T00:00:00,18,3,job_ref_816524
西餐,2,3,K市明庭西餐店,2026-05-20,enterprise_ref_671998,合成运营主体_671998,store_ref_252533,K市,K市明庭西餐店,training_ref_060329,厨房正餐包,30,已确认,30,已确认,2026-05-20T00:00:00,18,3,job_ref_816524
西餐,2,3,K市明庭西餐店,2026-05-20,enterprise_ref_671998,合成运营主体_671998,store_ref_252533,K市,K市明庭西餐店,training_ref_659524,薯饮包,30,已确认,30,已确认,2026-05-20T00:00:00,4,1,job_ref_816524
西餐,2,3,K市明庭西餐店,2026-05-20,enterprise_ref_671998,合成运营主体_671998,store_ref_252533,K市,K市明庭西餐店,training_ref_659524,薯饮包,30,已确认,30,已确认,2026-05-20T00:00:00,4,1,job_ref_816524
西餐,2,3,K市明庭西餐店,2026-05-21,enterprise_ref_671998,合成运营主体_671998,store_ref_252533,K市,K市明庭西餐店,training_ref_865839,柜台点配发饮包,30,已确认,30,已确认,2026-05-21T00:00:00,12,2,job_ref_816524
西餐,2,3,K市明庭西餐店,2026-05-21,enterprise_ref_671998,合成运营主体_671998,store_ref_252533,K市,K市明庭西餐店,training_ref_865839,柜台点配发饮包,30,已确认,30,已确认,2026-05-21T00:00:00,12,2,job_ref_816524
西餐,2,3,K市明庭西餐店,2026-05-21,enterprise_ref_671998,合成运营主体_671998,store_ref_252533,K市,K市明庭西餐店,training_ref_865839,柜台点配发饮包,30,已确认,30,已确认,2026-05-21T00:00:00,12,2,job_ref_816524
西餐,2,3,K市明庭西餐店,2026-05-21,enterprise_ref_671998,合成运营主体_671998,store_ref_252533,K市,K市明庭西餐店,training_ref_865839,柜台点配发饮包,30,已确认,30,已确认,2026-05-21T00:00:00,12,2,job_ref_816524
西餐,2,3,K市明庭西餐店,2026-05-22,enterprise_ref_671998,合成运营主体_671998,store_ref_252533,K市,K市明庭西餐店,training_ref_060329,厨房正餐包,30,已确认,30,已确认,2026-05-22T00:00:00,18,3,job_ref_816524
西餐,2,3,K市明庭西餐店,2026-05-22,enterprise_ref_671998,合成运营主体_671998,store_ref_252533,K市,K市明庭西餐店,training_ref_060329,厨房正餐包,30,已确认,30,已确认,2026-05-22T00:00:00,18,3,job_ref_816524
西餐,2,3,K市明庭西餐店,2026-05-22,enterprise_ref_671998,合成运营主体_671998,store_ref_252533,K市,K市明庭西餐店,training_ref_060329,厨房正餐包,30,已确认,30,已确认,2026-05-22T00:00:00,18,3,job_ref_816524
西餐,2,3,K市明庭西餐店,2026-05-22,enterprise_ref_671998,合成运营主体_671998,store_ref_252533,K市,K市明庭西餐店,training_ref_060329,厨房正餐包,30,已确认,30,已确认,2026-05-22T00:00:00,18,3,job_ref_816524
西餐,2,3,K市明庭西餐店,2026-05-22,enterprise_ref_671998,合成运营主体_671998,store_ref_252533,K市,K市明庭西餐店,training_ref_060329,厨房正餐包,30,已确认,30,已确认,2026-05-22T00:00:00,18,3,job_ref_816524
西餐,2,3,K市明庭西餐店,2026-05-22,enterprise_ref_671998,合成运营主体_671998,store_ref_252533,K市,K市明庭西餐店,training_ref_060329,厨房正餐包,30,已确认,30,已确认,2026-05-22T00:00:00,18,3,job_ref_816524
西餐,2,3,K市明庭西餐店,2026-05-22,enterprise_ref_671998,合成运营主体_671998,store_ref_252533,K市,K市明庭西餐店,training_ref_060329,厨房正餐包,30,已确认,30,已确认,2026-05-22T00:00:00,18,3,job_ref_816524
西餐,2,3,K市明庭西餐店,2026-05-22,enterprise_ref_671998,合成运营主体_671998,store_ref_252533,K市,K市明庭西餐店,training_ref_060329,厨房正餐包,30,已确认,30,已确认,2026-05-22T00:00:00,18,3,job_ref_816524
西餐,2,3,K市明庭西餐店,2026-05-22,enterprise_ref_671998,合成运营主体_671998,store_ref_252533,K市,K市明庭西餐店,training_ref_060329,厨房正餐包,30,已确认,30,已确认,2026-05-22T00:00:00,18,3,job_ref_816524
西餐,2,3,K市明庭西餐店,2026-05-22,enterprise_ref_671998,合成运营主体_671998,store_ref_252533,K市,K市明庭西餐店,training_ref_060329,厨房正餐包,30,已确认,30,已确认,2026-05-22T00:00:00,18,3,job_ref_816524
西餐,2,3,K市明庭西餐店,2026-05-22,enterprise_ref_671998,合成运营主体_671998,store_ref_252533,K市,K市明庭西餐店,training_ref_060329,厨房正餐包,30,已确认,30,已确认,2026-05-22T00:00:00,18,3,job_ref_816524
西餐,2,3,K市明庭西餐店,2026-05-22,enterprise_ref_671998,合成运营主体_671998,store_ref_252533,K市,K市明庭西餐店,training_ref_060329,厨房正餐包,30,已确认,30,已确认,2026-05-22T00:00:00,18,3,job_ref_816524
西餐,2,3,K市明庭西餐店,2026-05-22,enterprise_ref_671998,合成运营主体_671998,store_ref_252533,K市,K市明庭西餐店,training_ref_060329,厨房正餐包,30,已确认,30,已确认,2026-05-22T00:00:00,18,3,job_ref_816524
西餐,2,3,K市明庭西餐店,2026-05-22,enterprise_ref_671998,合成运营主体_671998,store_ref_252533,K市,K市明庭西餐店,training_ref_060329,厨房正餐包,30,已确认,30,已确认,2026-05-22T00:00:00,18,3,job_ref_816524
西餐,2,3,K市明庭西餐店,2026-05-22,enterprise_ref_671998,合成运营主体_671998,store_ref_252533,K市,K市明庭西餐店,training_ref_060329,厨房正餐包,30,已确认,30,已确认,2026-05-22T00:00:00,18,3,job_ref_816524
西餐,2,3,K市明庭西餐店,2026-05-22,enterprise_ref_671998,合成运营主体_671998,store_ref_252533,K市,K市明庭西餐店,training_ref_060329,厨房正餐包,30,已确认,30,已确认,2026-05-22T00:00:00,18,3,job_ref_816524
西餐,2,3,K市明庭西餐店,2026-05-22,enterprise_ref_671998,合成运营主体_671998,store_ref_252533,K市,K市明庭西餐店,training_ref_755189,总配正餐包,30,已确认,30,已确认,2026-05-22T00:00:00,6,1,job_ref_816524
西餐,2,3,K市明庭西餐店,2026-05-22,enterprise_ref_671998,合成运营主体_671998,store_ref_252533,K市,K市明庭西餐店,training_ref_755189,总配正餐包,30,已确认,30,已确认,2026-05-22T00:00:00,6,1,job_ref_816524
西餐,2,3,K市明庭西餐店,2026-05-22,enterprise_ref_671998,合成运营主体_671998,store_ref_252533,K市,K市明庭西餐店,training_ref_755189,总配正餐包,30,已确认,30,已确认,2026-05-22T00:00:00,6,1,job_ref_816524
西餐,2,3,K市明庭西餐店,2026-05-22,enterprise_ref_671998,合成运营主体_671998,store_ref_252533,K市,K市明庭西餐店,training_ref_219621,总配开早正包,30,已确认,30,已确认,2026-05-22T00:00:00,12,2,job_ref_816524
西餐,2,3,K市明庭西餐店,2026-05-22,enterprise_ref_671998,合成运营主体_671998,store_ref_252533,K市,K市明庭西餐店,training_ref_219621,总配开早正包,30,已确认,30,已确认,2026-05-22T00:00:00,12,2,job_ref_816524
西餐,2,3,K市明庭西餐店,2026-05-22,enterprise_ref_671998,合成运营主体_671998,store_ref_252533,K市,K市明庭西餐店,training_ref_219621,总配开早正包,30,已确认,30,已确认,2026-05-22T00:00:00,12,2,job_ref_816524
西餐,2,3,K市明庭西餐店,2026-05-22,enterprise_ref_671998,合成运营主体_671998,store_ref_252533,K市,K市明庭西餐店,training_ref_219621,总配开早正包,30,已确认,30,已确认,2026-05-22T00:00:00,12,2,job_ref_816524
西餐,2,3,K市明庭西餐店,2026-05-22,enterprise_ref_671998,合成运营主体_671998,store_ref_252533,K市,K市明庭西餐店,training_ref_865839,柜台点配发饮包,30,已确认,30,已确认,2026-05-22T00:00:00,12,2,job_ref_816524
西餐,2,3,K市明庭西餐店,2026-05-22,enterprise_ref_671998,合成运营主体_671998,store_ref_252533,K市,K市明庭西餐店,training_ref_865839,柜台点配发饮包,30,已确认,30,已确认,2026-05-22T00:00:00,12,2,job_ref_816524
西餐,2,3,K市明庭西餐店,2026-05-22,enterprise_ref_671998,合成运营主体_671998,store_ref_252533,K市,K市明庭西餐店,training_ref_865839,柜台点配发饮包,30,已确认,30,已确认,2026-05-22T00:00:00,12,2,job_ref_816524
西餐,2,3,K市明庭西餐店,2026-05-22,enterprise_ref_671998,合成运营主体_671998,store_ref_252533,K市,K市明庭西餐店,training_ref_865839,柜台点配发饮包,30,已确认,30,已确认,2026-05-22T00:00:00,12,2,job_ref_816524
西餐,2,3,K市明庭西餐店,2026-05-22,enterprise_ref_671998,合成运营主体_671998,store_ref_252533,K市,K市明庭西餐店,training_ref_865839,柜台点配发饮包,30,已确认,30,已确认,2026-05-22T00:00:00,12,2,job_ref_816524
西餐,2,3,K市明庭西餐店,2026-05-22,enterprise_ref_671998,合成运营主体_671998,store_ref_252533,K市,K市明庭西餐店,training_ref_865839,柜台点配发饮包,30,已确认,30,已确认,2026-05-22T00:00:00,12,2,job_ref_816524
西餐,2,3,K市明庭西餐店,2026-05-23,enterprise_ref_671998,合成运营主体_671998,store_ref_252533,K市,K市明庭西餐店,training_ref_755189,总配正餐包,30,已确认,30,已确认,2026-05-23T00:00:00,6,1,job_ref_816524
西餐,2,3,K市明庭西餐店,2026-05-23,enterprise_ref_671998,合成运营主体_671998,store_ref_252533,K市,K市明庭西餐店,training_ref_755189,总配正餐包,30,已确认,30,已确认,2026-05-23T00:00:00,6,1,job_ref_816524
西餐,2,3,K市明庭西餐店,2026-05-24,enterprise_ref_671998,合成运营主体_671998,store_ref_252533,K市,K市明庭西餐店,training_ref_865839,柜台点配发饮包,30,已确认,30,已确认,2026-05-24T00:00:00,12,2,job_ref_816524
西餐,2,3,K市明庭西餐店,2026-05-24,enterprise_ref_671998,合成运营主体_671998,store_ref_252533,K市,K市明庭西餐店,training_ref_865839,柜台点配发饮包,30,已确认,30,已确认,2026-05-24T00:00:00,12,2,job_ref_816524
西餐,2,3,K市明庭西餐店,2026-05-24,enterprise_ref_671998,合成运营主体_671998,store_ref_252533,K市,K市明庭西餐店,training_ref_865839,柜台点配发饮包,30,已确认,30,已确认,2026-05-24T00:00:00,12,2,job_ref_816524
西餐,2,3,K市明庭西餐店,2026-05-24,enterprise_ref_671998,合成运营主体_671998,store_ref_252533,K市,K市明庭西餐店,training_ref_865839,柜台点配发饮包,30,已确认,30,已确认,2026-05-24T00:00:00,12,2,job_ref_816524
西餐,2,3,K市明庭西餐店,2026-05-24,enterprise_ref_671998,合成运营主体_671998,store_ref_252533,K市,K市明庭西餐店,training_ref_865839,柜台点配发饮包,30,已确认,30,已确认,2026-05-24T00:00:00,12,2,job_ref_816524
西餐,2,3,K市明庭西餐店,2026-05-24,enterprise_ref_671998,合成运营主体_671998,store_ref_252533,K市,K市明庭西餐店,training_ref_865839,柜台点配发饮包,30,已确认,30,已确认,2026-05-24T00:00:00,12,2,job_ref_816524
西餐,2,3,K市明庭西餐店,2026-05-25,enterprise_ref_671998,合成运营主体_671998,store_ref_252533,K市,K市明庭西餐店,training_ref_060329,厨房正餐包,30,已确认,30,已确认,2026-05-25T00:00:00,18,3,job_ref_816524
西餐,2,3,K市明庭西餐店,2026-05-25,enterprise_ref_671998,合成运营主体_671998,store_ref_252533,K市,K市明庭西餐店,training_ref_060329,厨房正餐包,30,已确认,30,已确认,2026-05-25T00:00:00,18,3,job_ref_816524
西餐,2,3,K市明庭西餐店,2026-05-25,enterprise_ref_671998,合成运营主体_671998,store_ref_252533,K市,K市明庭西餐店,training_ref_060329,厨房正餐包,30,已确认,30,已确认,2026-05-25T00:00:00,18,3,job_ref_816524
西餐,2,3,K市明庭西餐店,2026-05-25,enterprise_ref_671998,合成运营主体_671998,store_ref_252533,K市,K市明庭西餐店,training_ref_060329,厨房正餐包,30,已确认,30,已确认,2026-05-25T00:00:00,18,3,job_ref_816524
西餐,2,3,K市明庭西餐店,2026-05-25,enterprise_ref_671998,合成运营主体_671998,store_ref_252533,K市,K市明庭西餐店,training_ref_755189,总配正餐包,30,已确认,30,已确认,2026-05-25T00:00:00,6,1,job_ref_816524
西餐,2,3,K市明庭西餐店,2026-05-25,enterprise_ref_671998,合成运营主体_671998,store_ref_252533,K市,K市明庭西餐店,training_ref_755189,总配正餐包,30,已确认,30,已确认,2026-05-25T00:00:00,6,1,job_ref_816524
西餐,2,3,K市明庭西餐店,2026-05-25,enterprise_ref_671998,合成运营主体_671998,store_ref_252533,K市,K市明庭西餐店,training_ref_755189,总配正餐包,30,已确认,30,已确认,2026-05-25T00:00:00,6,1,job_ref_816524
西餐,2,3,K市明庭西餐店,2026-05-25,enterprise_ref_671998,合成运营主体_671998,store_ref_252533,K市,K市明庭西餐店,training_ref_755189,总配正餐包,30,已确认,30,已确认,2026-05-25T00:00:00,6,1,job_ref_816524
西餐,2,3,K市明庭西餐店,2026-05-25,enterprise_ref_671998,合成运营主体_671998,store_ref_252533,K市,K市明庭西餐店,training_ref_865839,柜台点配发饮包,30,已确认,30,已确认,2026-05-25T00:00:00,12,2,job_ref_816524
西餐,2,3,K市明庭西餐店,2026-05-25,enterprise_ref_671998,合成运营主体_671998,store_ref_252533,K市,K市明庭西餐店,training_ref_865839,柜台点配发饮包,30,已确认,30,已确认,2026-05-25T00:00:00,12,2,job_ref_816524
西餐,2,3,K市明庭西餐店,2026-05-25,enterprise_ref_671998,合成运营主体_671998,store_ref_252533,K市,K市明庭西餐店,training_ref_865839,柜台点配发饮包,30,已确认,30,已确认,2026-05-25T00:00:00,12,2,job_ref_816524
西餐,2,3,K市明庭西餐店,2026-05-25,enterprise_ref_671998,合成运营主体_671998,store_ref_252533,K市,K市明庭西餐店,training_ref_865839,柜台点配发饮包,30,已确认,30,已确认,2026-05-25T00:00:00,12,2,job_ref_816524
西餐,2,3,K市明庭西餐店,2026-05-25,enterprise_ref_671998,合成运营主体_671998,store_ref_252533,K市,K市明庭西餐店,training_ref_865839,柜台点配发饮包,30,已确认,30,已确认,2026-05-25T00:00:00,12,2,job_ref_816524
西餐,2,3,K市明庭西餐店,2026-05-25,enterprise_ref_671998,合成运营主体_671998,store_ref_252533,K市,K市明庭西餐店,training_ref_865839,柜台点配发饮包,30,已确认,30,已确认,2026-05-25T00:00:00,12,2,job_ref_816524
西餐,2,3,K市明庭西餐店,2026-05-25,enterprise_ref_671998,合成运营主体_671998,store_ref_252533,K市,K市明庭西餐店,training_ref_865839,柜台点配发饮包,30,已确认,30,已确认,2026-05-25T00:00:00,12,2,job_ref_816524
西餐,2,3,K市明庭西餐店,2026-05-26,enterprise_ref_671998,合成运营主体_671998,store_ref_252533,K市,K市明庭西餐店,training_ref_060329,厨房正餐包,30,已确认,30,已确认,2026-05-26T00:00:00,18,3,job_ref_816524
西餐,2,3,K市明庭西餐店,2026-05-26,enterprise_ref_671998,合成运营主体_671998,store_ref_252533,K市,K市明庭西餐店,training_ref_060329,厨房正餐包,30,已确认,30,已确认,2026-05-26T00:00:00,18,3,job_ref_816524
西餐,2,3,K市明庭西餐店,2026-05-26,enterprise_ref_671998,合成运营主体_671998,store_ref_252533,K市,K市明庭西餐店,training_ref_060329,厨房正餐包,30,已确认,30,已确认,2026-05-26T00:00:00,18,3,job_ref_816524
西餐,2,3,K市明庭西餐店,2026-05-26,enterprise_ref_671998,合成运营主体_671998,store_ref_252533,K市,K市明庭西餐店,training_ref_060329,厨房正餐包,30,已确认,30,已确认,2026-05-26T00:00:00,18,3,job_ref_816524
西餐,2,3,K市明庭西餐店,2026-05-26,enterprise_ref_671998,合成运营主体_671998,store_ref_252533,K市,K市明庭西餐店,training_ref_865839,柜台点配发饮包,30,已确认,30,已确认,2026-05-26T00:00:00,12,2,job_ref_816524
西餐,2,3,K市明庭西餐店,2026-05-26,enterprise_ref_671998,合成运营主体_671998,store_ref_252533,K市,K市明庭西餐店,training_ref_865839,柜台点配发饮包,30,已确认,30,已确认,2026-05-26T00:00:00,12,2,job_ref_816524
西餐,2,3,K市明庭西餐店,2026-05-26,enterprise_ref_671998,合成运营主体_671998,store_ref_252533,K市,K市明庭西餐店,training_ref_865839,柜台点配发饮包,30,已确认,30,已确认,2026-05-26T00:00:00,12,2,job_ref_816524
西餐,2,3,K市明庭西餐店,2026-05-26,enterprise_ref_671998,合成运营主体_671998,store_ref_252533,K市,K市明庭西餐店,training_ref_865839,柜台点配发饮包,30,已确认,30,已确认,2026-05-26T00:00:00,12,2,job_ref_816524
西餐,2,3,K市明庭西餐店,2026-05-26,enterprise_ref_671998,合成运营主体_671998,store_ref_252533,K市,K市明庭西餐店,training_ref_640590,总配开早正含PP包,30,已确认,30,已确认,2026-05-26T00:00:00,18,3,job_ref_816524
西餐,2,3,K市明庭西餐店,2026-05-26,enterprise_ref_671998,合成运营主体_671998,store_ref_252533,K市,K市明庭西餐店,training_ref_640590,总配开早正含PP包,30,已确认,30,已确认,2026-05-26T00:00:00,18,3,job_ref_816524
西餐,2,3,K市明庭西餐店,2026-05-26,enterprise_ref_671998,合成运营主体_671998,store_ref_252533,K市,K市明庭西餐店,training_ref_640590,总配开早正含PP包,30,已确认,30,已确认,2026-05-26T00:00:00,18,3,job_ref_816524
西餐,2,3,K市明庭西餐店,2026-05-27,enterprise_ref_671998,合成运营主体_671998,store_ref_252533,K市,K市明庭西餐店,training_ref_060329,厨房正餐包,30,已确认,30,已确认,2026-05-27T00:00:00,18,3,job_ref_816524
西餐,2,3,K市明庭西餐店,2026-05-27,enterprise_ref_671998,合成运营主体_671998,store_ref_252533,K市,K市明庭西餐店,training_ref_060329,厨房正餐包,30,已确认,30,已确认,2026-05-27T00:00:00,18,3,job_ref_816524
西餐,2,3,K市明庭西餐店,2026-05-27,enterprise_ref_671998,合成运营主体_671998,store_ref_252533,K市,K市明庭西餐店,training_ref_060329,厨房正餐包,30,已确认,30,已确认,2026-05-27T00:00:00,18,3,job_ref_816524
西餐,2,3,K市明庭西餐店,2026-05-27,enterprise_ref_671998,合成运营主体_671998,store_ref_252533,K市,K市明庭西餐店,training_ref_060329,厨房正餐包,30,已确认,30,已确认,2026-05-27T00:00:00,18,3,job_ref_816524
西餐,2,3,K市明庭西餐店,2026-05-27,enterprise_ref_671998,合成运营主体_671998,store_ref_252533,K市,K市明庭西餐店,training_ref_865839,柜台点配发饮包,30,已确认,30,已确认,2026-05-27T00:00:00,12,2,job_ref_816524
西餐,2,3,K市明庭西餐店,2026-05-27,enterprise_ref_671998,合成运营主体_671998,store_ref_252533,K市,K市明庭西餐店,training_ref_865839,柜台点配发饮包,30,已确认,30,已确认,2026-05-27T00:00:00,12,2,job_ref_816524
西餐,2,4,H市新序西餐店,2026-05-03,enterprise_ref_671998,合成运营主体_671998,store_ref_874261,H市,H市新序西餐店,training_ref_060329,厨房正餐包,30,已确认,30,已确认,2026-05-03T00:00:00,18,3,job_ref_816524
西餐,2,4,H市新序西餐店,2026-05-03,enterprise_ref_671998,合成运营主体_671998,store_ref_874261,H市,H市新序西餐店,training_ref_060329,厨房正餐包,30,已确认,30,已确认,2026-05-03T00:00:00,18,3,job_ref_816524
西餐,2,4,H市新序西餐店,2026-05-03,enterprise_ref_671998,合成运营主体_671998,store_ref_874261,H市,H市新序西餐店,training_ref_060329,厨房正餐包,30,已确认,30,已确认,2026-05-03T00:00:00,18,3,job_ref_816524
西餐,2,4,H市新序西餐店,2026-05-03,enterprise_ref_671998,合成运营主体_671998,store_ref_874261,H市,H市新序西餐店,training_ref_865839,柜台点配发饮包,30,已确认,30,已确认,2026-05-03T00:00:00,12,2,job_ref_816524
西餐,2,4,H市新序西餐店,2026-05-03,enterprise_ref_671998,合成运营主体_671998,store_ref_874261,H市,H市新序西餐店,training_ref_865839,柜台点配发饮包,30,已确认,30,已确认,2026-05-03T00:00:00,12,2,job_ref_816524
西餐,2,4,H市新序西餐店,2026-05-03,enterprise_ref_671998,合成运营主体_671998,store_ref_874261,H市,H市新序西餐店,training_ref_865839,柜台点配发饮包,30,已确认,30,已确认,2026-05-03T00:00:00,12,2,job_ref_816524
西餐,2,4,H市新序西餐店,2026-05-03,enterprise_ref_671998,合成运营主体_671998,store_ref_874261,H市,H市新序西餐店,training_ref_865839,柜台点配发饮包,30,已确认,30,已确认,2026-05-03T00:00:00,12,2,job_ref_816524
西餐,2,4,H市新序西餐店,2026-05-03,enterprise_ref_671998,合成运营主体_671998,store_ref_874261,H市,H市新序西餐店,training_ref_865839,柜台点配发饮包,30,已确认,30,已确认,2026-05-03T00:00:00,12,2,job_ref_816524
西餐,2,4,H市新序西餐店,2026-05-03,enterprise_ref_671998,合成运营主体_671998,store_ref_874261,H市,H市新序西餐店,training_ref_865839,柜台点配发饮包,30,已确认,30,已确认,2026-05-03T00:00:00,12,2,job_ref_816524
西餐,2,4,H市新序西餐店,2026-05-03,enterprise_ref_671998,合成运营主体_671998,store_ref_874261,H市,H市新序西餐店,training_ref_865839,柜台点配发饮包,30,已确认,30,已确认,2026-05-03T00:00:00,12,2,job_ref_816524
西餐,2,4,H市新序西餐店,2026-05-06,enterprise_ref_671998,合成运营主体_671998,store_ref_874261,H市,H市新序西餐店,training_ref_060329,厨房正餐包,30,已确认,30,已确认,2026-05-06T00:00:00,18,3,job_ref_816524
西餐,2,4,H市新序西餐店,2026-05-06,enterprise_ref_671998,合成运营主体_671998,store_ref_874261,H市,H市新序西餐店,training_ref_060329,厨房正餐包,30,已确认,30,已确认,2026-05-06T00:00:00,18,3,job_ref_816524
西餐,2,4,H市新序西餐店,2026-05-06,enterprise_ref_671998,合成运营主体_671998,store_ref_874261,H市,H市新序西餐店,training_ref_060329,厨房正餐包,30,已确认,30,已确认,2026-05-06T00:00:00,18,3,job_ref_816524
西餐,2,4,H市新序西餐店,2026-05-06,enterprise_ref_671998,合成运营主体_671998,store_ref_874261,H市,H市新序西餐店,training_ref_060329,厨房正餐包,30,已确认,30,已确认,2026-05-06T00:00:00,18,3,job_ref_816524
西餐,2,4,H市新序西餐店,2026-05-07,enterprise_ref_671998,合成运营主体_671998,store_ref_874261,H市,H市新序西餐店,training_ref_060329,厨房正餐包,30,已确认,30,已确认,2026-05-07T00:00:00,18,3,job_ref_816524
西餐,2,4,H市新序西餐店,2026-05-07,enterprise_ref_671998,合成运营主体_671998,store_ref_874261,H市,H市新序西餐店,training_ref_060329,厨房正餐包,30,已确认,30,已确认,2026-05-07T00:00:00,18,3,job_ref_816524
西餐,2,4,H市新序西餐店,2026-05-07,enterprise_ref_671998,合成运营主体_671998,store_ref_874261,H市,H市新序西餐店,training_ref_060329,厨房正餐包,30,已确认,30,已确认,2026-05-07T00:00:00,18,3,job_ref_816524
西餐,2,4,H市新序西餐店,2026-05-07,enterprise_ref_671998,合成运营主体_671998,store_ref_874261,H市,H市新序西餐店,training_ref_060329,厨房正餐包,30,已确认,30,已确认,2026-05-07T00:00:00,18,3,job_ref_816524
西餐,2,4,H市新序西餐店,2026-05-07,enterprise_ref_671998,合成运营主体_671998,store_ref_874261,H市,H市新序西餐店,training_ref_755189,总配正餐包,30,已确认,30,已确认,2026-05-07T00:00:00,6,1,job_ref_816524
西餐,2,4,H市新序西餐店,2026-05-07,enterprise_ref_671998,合成运营主体_671998,store_ref_874261,H市,H市新序西餐店,training_ref_755189,总配正餐包,30,已确认,30,已确认,2026-05-07T00:00:00,6,1,job_ref_816524
西餐,2,4,H市新序西餐店,2026-05-07,enterprise_ref_671998,合成运营主体_671998,store_ref_874261,H市,H市新序西餐店,training_ref_898848,KF肯悦咖啡包,30,已确认,30,已确认,2026-05-07T00:00:00,4,1,job_ref_816524
西餐,2,4,H市新序西餐店,2026-05-07,enterprise_ref_671998,合成运营主体_671998,store_ref_874261,H市,H市新序西餐店,training_ref_898848,KF肯悦咖啡包,30,已确认,30,已确认,2026-05-07T00:00:00,4,1,job_ref_816524
西餐,2,4,H市新序西餐店,2026-05-08,enterprise_ref_671998,合成运营主体_671998,store_ref_874261,H市,H市新序西餐店,training_ref_898848,KF肯悦咖啡包,30,已确认,30,已确认,2026-05-08T00:00:00,4,1,job_ref_816524
西餐,2,4,H市新序西餐店,2026-05-08,enterprise_ref_671998,合成运营主体_671998,store_ref_874261,H市,H市新序西餐店,training_ref_898848,KF肯悦咖啡包,30,已确认,30,已确认,2026-05-08T00:00:00,4,1,job_ref_816524
西餐,2,4,H市新序西餐店,2026-05-09,enterprise_ref_671998,合成运营主体_671998,store_ref_874261,H市,H市新序西餐店,training_ref_060329,厨房正餐包,30,已确认,30,已确认,2026-05-09T00:00:00,18,3,job_ref_816524
西餐,2,4,H市新序西餐店,2026-05-09,enterprise_ref_671998,合成运营主体_671998,store_ref_874261,H市,H市新序西餐店,training_ref_060329,厨房正餐包,30,已确认,30,已确认,2026-05-09T00:00:00,18,3,job_ref_816524
西餐,2,4,H市新序西餐店,2026-05-09,enterprise_ref_671998,合成运营主体_671998,store_ref_874261,H市,H市新序西餐店,training_ref_060329,厨房正餐包,30,已确认,30,已确认,2026-05-09T00:00:00,18,3,job_ref_816524
西餐,2,4,H市新序西餐店,2026-05-09,enterprise_ref_671998,合成运营主体_671998,store_ref_874261,H市,H市新序西餐店,training_ref_060329,厨房正餐包,30,已确认,30,已确认,2026-05-09T00:00:00,18,3,job_ref_816524
西餐,2,4,H市新序西餐店,2026-05-09,enterprise_ref_671998,合成运营主体_671998,store_ref_874261,H市,H市新序西餐店,training_ref_194525,解冻腌制包,30,已确认,30,已确认,2026-05-09T00:00:00,6,1,job_ref_816524
西餐,2,4,H市新序西餐店,2026-05-09,enterprise_ref_671998,合成运营主体_671998,store_ref_874261,H市,H市新序西餐店,training_ref_194525,解冻腌制包,30,已确认,30,已确认,2026-05-09T00:00:00,6,1,job_ref_816524
西餐,2,4,H市新序西餐店,2026-05-10,enterprise_ref_671998,合成运营主体_671998,store_ref_874261,H市,H市新序西餐店,training_ref_060329,厨房正餐包,30,已确认,30,已确认,2026-05-10T00:00:00,18,3,job_ref_816524
西餐,2,4,H市新序西餐店,2026-05-10,enterprise_ref_671998,合成运营主体_671998,store_ref_874261,H市,H市新序西餐店,training_ref_060329,厨房正餐包,30,已确认,30,已确认,2026-05-10T00:00:00,18,3,job_ref_816524
西餐,2,4,H市新序西餐店,2026-05-10,enterprise_ref_671998,合成运营主体_671998,store_ref_874261,H市,H市新序西餐店,training_ref_060329,厨房正餐包,30,已确认,30,已确认,2026-05-10T00:00:00,18,3,job_ref_816524
西餐,2,4,H市新序西餐店,2026-05-10,enterprise_ref_671998,合成运营主体_671998,store_ref_874261,H市,H市新序西餐店,training_ref_060329,厨房正餐包,30,已确认,30,已确认,2026-05-10T00:00:00,18,3,job_ref_816524
西餐,2,4,H市新序西餐店,2026-05-10,enterprise_ref_671998,合成运营主体_671998,store_ref_874261,H市,H市新序西餐店,training_ref_865839,柜台点配发饮包,30,已确认,30,已确认,2026-05-10T00:00:00,12,2,job_ref_816524
西餐,2,4,H市新序西餐店,2026-05-10,enterprise_ref_671998,合成运营主体_671998,store_ref_874261,H市,H市新序西餐店,training_ref_865839,柜台点配发饮包,30,已确认,30,已确认,2026-05-10T00:00:00,12,2,job_ref_816524
西餐,2,4,H市新序西餐店,2026-05-10,enterprise_ref_671998,合成运营主体_671998,store_ref_874261,H市,H市新序西餐店,training_ref_865839,柜台点配发饮包,30,已确认,30,已确认,2026-05-10T00:00:00,12,2,job_ref_816524
西餐,2,4,H市新序西餐店,2026-05-10,enterprise_ref_671998,合成运营主体_671998,store_ref_874261,H市,H市新序西餐店,training_ref_865839,柜台点配发饮包,30,已确认,30,已确认,2026-05-10T00:00:00,12,2,job_ref_816524
西餐,2,4,H市新序西餐店,2026-05-10,enterprise_ref_671998,合成运营主体_671998,store_ref_874261,H市,H市新序西餐店,training_ref_865839,柜台点配发饮包,30,已确认,30,已确认,2026-05-10T00:00:00,12,2,job_ref_816524
西餐,2,4,H市新序西餐店,2026-05-10,enterprise_ref_671998,合成运营主体_671998,store_ref_874261,H市,H市新序西餐店,training_ref_865839,柜台点配发饮包,30,已确认,30,已确认,2026-05-10T00:00:00,12,2,job_ref_816524
西餐,2,4,H市新序西餐店,2026-05-10,enterprise_ref_671998,合成运营主体_671998,store_ref_874261,H市,H市新序西餐店,training_ref_865839,柜台点配发饮包,30,已确认,30,已确认,2026-05-10T00:00:00,12,2,job_ref_816524
西餐,2,4,H市新序西餐店,2026-05-12,enterprise_ref_671998,合成运营主体_671998,store_ref_874261,H市,H市新序西餐店,training_ref_060329,厨房正餐包,30,已确认,30,已确认,2026-05-12T00:00:00,18,3,job_ref_816524
西餐,2,4,H市新序西餐店,2026-05-12,enterprise_ref_671998,合成运营主体_671998,store_ref_874261,H市,H市新序西餐店,training_ref_060329,厨房正餐包,30,已确认,30,已确认,2026-05-12T00:00:00,18,3,job_ref_816524
西餐,2,4,H市新序西餐店,2026-05-12,enterprise_ref_671998,合成运营主体_671998,store_ref_874261,H市,H市新序西餐店,training_ref_060329,厨房正餐包,30,已确认,30,已确认,2026-05-12T00:00:00,18,3,job_ref_816524
西餐,2,4,H市新序西餐店,2026-05-12,enterprise_ref_671998,合成运营主体_671998,store_ref_874261,H市,H市新序西餐店,training_ref_060329,厨房正餐包,30,已确认,30,已确认,2026-05-12T00:00:00,18,3,job_ref_816524
西餐,2,4,H市新序西餐店,2026-05-12,enterprise_ref_671998,合成运营主体_671998,store_ref_874261,H市,H市新序西餐店,training_ref_755189,总配正餐包,30,已确认,30,已确认,2026-05-12T00:00:00,6,1,job_ref_816524
西餐,2,4,H市新序西餐店,2026-05-12,enterprise_ref_671998,合成运营主体_671998,store_ref_874261,H市,H市新序西餐店,training_ref_755189,总配正餐包,30,已确认,30,已确认,2026-05-12T00:00:00,6,1,job_ref_816524
西餐,2,4,H市新序西餐店,2026-05-12,enterprise_ref_671998,合成运营主体_671998,store_ref_874261,H市,H市新序西餐店,training_ref_865839,柜台点配发饮包,30,已确认,30,已确认,2026-05-12T00:00:00,12,2,job_ref_816524
西餐,2,4,H市新序西餐店,2026-05-12,enterprise_ref_671998,合成运营主体_671998,store_ref_874261,H市,H市新序西餐店,training_ref_865839,柜台点配发饮包,30,已确认,30,已确认,2026-05-12T00:00:00,12,2,job_ref_816524
西餐,2,4,H市新序西餐店,2026-05-12,enterprise_ref_671998,合成运营主体_671998,store_ref_874261,H市,H市新序西餐店,training_ref_865839,柜台点配发饮包,30,已确认,30,已确认,2026-05-12T00:00:00,12,2,job_ref_816524
西餐,2,4,H市新序西餐店,2026-05-12,enterprise_ref_671998,合成运营主体_671998,store_ref_874261,H市,H市新序西餐店,training_ref_898848,KF肯悦咖啡包,30,已确认,30,已确认,2026-05-12T00:00:00,4,1,job_ref_816524
西餐,2,4,H市新序西餐店,2026-05-12,enterprise_ref_671998,合成运营主体_671998,store_ref_874261,H市,H市新序西餐店,training_ref_898848,KF肯悦咖啡包,30,已确认,30,已确认,2026-05-12T00:00:00,4,1,job_ref_816524
西餐,2,4,H市新序西餐店,2026-05-13,enterprise_ref_671998,合成运营主体_671998,store_ref_874261,H市,H市新序西餐店,training_ref_060329,厨房正餐包,30,已确认,30,已确认,2026-05-13T00:00:00,18,3,job_ref_816524
西餐,2,4,H市新序西餐店,2026-05-13,enterprise_ref_671998,合成运营主体_671998,store_ref_874261,H市,H市新序西餐店,training_ref_060329,厨房正餐包,30,已确认,30,已确认,2026-05-13T00:00:00,18,3,job_ref_816524
西餐,2,4,H市新序西餐店,2026-05-13,enterprise_ref_671998,合成运营主体_671998,store_ref_874261,H市,H市新序西餐店,training_ref_060329,厨房正餐包,30,已确认,30,已确认,2026-05-13T00:00:00,18,3,job_ref_816524
西餐,2,4,H市新序西餐店,2026-05-13,enterprise_ref_671998,合成运营主体_671998,store_ref_874261,H市,H市新序西餐店,training_ref_060329,厨房正餐包,30,已确认,30,已确认,2026-05-13T00:00:00,18,3,job_ref_816524
西餐,2,4,H市新序西餐店,2026-05-13,enterprise_ref_671998,合成运营主体_671998,store_ref_874261,H市,H市新序西餐店,training_ref_060329,厨房正餐包,30,已确认,30,已确认,2026-05-13T00:00:00,18,3,job_ref_816524
西餐,2,4,H市新序西餐店,2026-05-13,enterprise_ref_671998,合成运营主体_671998,store_ref_874261,H市,H市新序西餐店,training_ref_060329,厨房正餐包,30,已确认,30,已确认,2026-05-13T00:00:00,18,3,job_ref_816524
西餐,2,4,H市新序西餐店,2026-05-13,enterprise_ref_671998,合成运营主体_671998,store_ref_874261,H市,H市新序西餐店,training_ref_060329,厨房正餐包,30,已确认,30,已确认,2026-05-13T00:00:00,18,3,job_ref_816524
西餐,2,4,H市新序西餐店,2026-05-13,enterprise_ref_671998,合成运营主体_671998,store_ref_874261,H市,H市新序西餐店,training_ref_060329,厨房正餐包,30,已确认,30,已确认,2026-05-13T00:00:00,18,3,job_ref_816524
西餐,2,4,H市新序西餐店,2026-05-13,enterprise_ref_671998,合成运营主体_671998,store_ref_874261,H市,H市新序西餐店,training_ref_755189,总配正餐包,30,已确认,30,已确认,2026-05-13T00:00:00,6,1,job_ref_816524
西餐,2,4,H市新序西餐店,2026-05-13,enterprise_ref_671998,合成运营主体_671998,store_ref_874261,H市,H市新序西餐店,training_ref_755189,总配正餐包,30,已确认,30,已确认,2026-05-13T00:00:00,6,1,job_ref_816524
西餐,2,4,H市新序西餐店,2026-05-13,enterprise_ref_671998,合成运营主体_671998,store_ref_874261,H市,H市新序西餐店,training_ref_898848,KF肯悦咖啡包,30,已确认,30,已确认,2026-05-13T00:00:00,4,1,job_ref_816524
西餐,2,4,H市新序西餐店,2026-05-13,enterprise_ref_671998,合成运营主体_671998,store_ref_874261,H市,H市新序西餐店,training_ref_898848,KF肯悦咖啡包,30,已确认,30,已确认,2026-05-13T00:00:00,4,1,job_ref_816524
西餐,2,4,H市新序西餐店,2026-05-14,enterprise_ref_671998,合成运营主体_671998,store_ref_874261,H市,H市新序西餐店,training_ref_060329,厨房正餐包,30,已确认,30,已确认,2026-05-14T00:00:00,18,3,job_ref_816524
西餐,2,4,H市新序西餐店,2026-05-14,enterprise_ref_671998,合成运营主体_671998,store_ref_874261,H市,H市新序西餐店,training_ref_060329,厨房正餐包,30,已确认,30,已确认,2026-05-14T00:00:00,18,3,job_ref_816524
西餐,2,4,H市新序西餐店,2026-05-14,enterprise_ref_671998,合成运营主体_671998,store_ref_874261,H市,H市新序西餐店,training_ref_060329,厨房正餐包,30,已确认,30,已确认,2026-05-14T00:00:00,18,3,job_ref_816524
西餐,2,4,H市新序西餐店,2026-05-14,enterprise_ref_671998,合成运营主体_671998,store_ref_874261,H市,H市新序西餐店,training_ref_060329,厨房正餐包,30,已确认,30,已确认,2026-05-14T00:00:00,18,3,job_ref_816524
西餐,2,4,H市新序西餐店,2026-05-14,enterprise_ref_671998,合成运营主体_671998,store_ref_874261,H市,H市新序西餐店,training_ref_865839,柜台点配发饮包,30,已确认,30,已确认,2026-05-14T00:00:00,12,2,job_ref_816524
西餐,2,4,H市新序西餐店,2026-05-14,enterprise_ref_671998,合成运营主体_671998,store_ref_874261,H市,H市新序西餐店,training_ref_865839,柜台点配发饮包,30,已确认,30,已确认,2026-05-14T00:00:00,12,2,job_ref_816524
西餐,2,4,H市新序西餐店,2026-05-14,enterprise_ref_671998,合成运营主体_671998,store_ref_874261,H市,H市新序西餐店,training_ref_865839,柜台点配发饮包,30,已确认,30,已确认,2026-05-14T00:00:00,12,2,job_ref_816524
西餐,2,4,H市新序西餐店,2026-05-15,enterprise_ref_671998,合成运营主体_671998,store_ref_874261,H市,H市新序西餐店,training_ref_755189,总配正餐包,30,已确认,30,已确认,2026-05-15T00:00:00,6,1,job_ref_816524
西餐,2,4,H市新序西餐店,2026-05-15,enterprise_ref_671998,合成运营主体_671998,store_ref_874261,H市,H市新序西餐店,training_ref_755189,总配正餐包,30,已确认,30,已确认,2026-05-15T00:00:00,6,1,job_ref_816524
西餐,2,4,H市新序西餐店,2026-05-15,enterprise_ref_671998,合成运营主体_671998,store_ref_874261,H市,H市新序西餐店,training_ref_865839,柜台点配发饮包,30,已确认,30,已确认,2026-05-15T00:00:00,12,2,job_ref_816524
西餐,2,4,H市新序西餐店,2026-05-15,enterprise_ref_671998,合成运营主体_671998,store_ref_874261,H市,H市新序西餐店,training_ref_865839,柜台点配发饮包,30,已确认,30,已确认,2026-05-15T00:00:00,12,2,job_ref_816524
西餐,2,4,H市新序西餐店,2026-05-15,enterprise_ref_671998,合成运营主体_671998,store_ref_874261,H市,H市新序西餐店,training_ref_865839,柜台点配发饮包,30,已确认,30,已确认,2026-05-15T00:00:00,12,2,job_ref_816524
西餐,2,4,H市新序西餐店,2026-05-15,enterprise_ref_671998,合成运营主体_671998,store_ref_874261,H市,H市新序西餐店,training_ref_865839,柜台点配发饮包,30,已确认,30,已确认,2026-05-15T00:00:00,12,2,job_ref_816524
西餐,2,4,H市新序西餐店,2026-05-15,enterprise_ref_671998,合成运营主体_671998,store_ref_874261,H市,H市新序西餐店,training_ref_865839,柜台点配发饮包,30,已确认,30,已确认,2026-05-15T00:00:00,12,2,job_ref_816524
西餐,2,4,H市新序西餐店,2026-05-15,enterprise_ref_671998,合成运营主体_671998,store_ref_874261,H市,H市新序西餐店,training_ref_865839,柜台点配发饮包,30,已确认,30,已确认,2026-05-15T00:00:00,12,2,job_ref_816524
西餐,2,4,H市新序西餐店,2026-05-16,enterprise_ref_671998,合成运营主体_671998,store_ref_874261,H市,H市新序西餐店,training_ref_060329,厨房正餐包,30,已确认,30,已确认,2026-05-16T00:00:00,18,3,job_ref_816524
西餐,2,4,H市新序西餐店,2026-05-16,enterprise_ref_671998,合成运营主体_671998,store_ref_874261,H市,H市新序西餐店,training_ref_060329,厨房正餐包,30,已确认,30,已确认,2026-05-16T00:00:00,18,3,job_ref_816524
西餐,2,4,H市新序西餐店,2026-05-16,enterprise_ref_671998,合成运营主体_671998,store_ref_874261,H市,H市新序西餐店,training_ref_060329,厨房正餐包,30,已确认,30,已确认,2026-05-16T00:00:00,18,3,job_ref_816524
西餐,2,4,H市新序西餐店,2026-05-16,enterprise_ref_671998,合成运营主体_671998,store_ref_874261,H市,H市新序西餐店,training_ref_060329,厨房正餐包,30,已确认,30,已确认,2026-05-16T00:00:00,18,3,job_ref_816524
西餐,2,4,H市新序西餐店,2026-05-16,enterprise_ref_671998,合成运营主体_671998,store_ref_874261,H市,H市新序西餐店,training_ref_249043,柜台点配发饮包,30,已确认,30,已确认,2026-05-16T00:00:00,12,2,job_ref_816524
西餐,2,4,H市新序西餐店,2026-05-16,enterprise_ref_671998,合成运营主体_671998,store_ref_874261,H市,H市新序西餐店,training_ref_865839,柜台点配发饮包,30,已确认,30,已确认,2026-05-16T00:00:00,12,2,job_ref_816524
西餐,2,4,H市新序西餐店,2026-05-16,enterprise_ref_671998,合成运营主体_671998,store_ref_874261,H市,H市新序西餐店,training_ref_865839,柜台点配发饮包,30,已确认,30,已确认,2026-05-16T00:00:00,12,2,job_ref_816524
西餐,2,4,H市新序西餐店,2026-05-16,enterprise_ref_671998,合成运营主体_671998,store_ref_874261,H市,H市新序西餐店,training_ref_865839,柜台点配发饮包,30,已确认,30,已确认,2026-05-16T00:00:00,12,2,job_ref_816524
西餐,2,4,H市新序西餐店,2026-05-19,enterprise_ref_671998,合成运营主体_671998,store_ref_874261,H市,H市新序西餐店,training_ref_060329,厨房正餐包,30,已确认,30,已确认,2026-05-19T00:00:00,18,3,job_ref_816524
西餐,2,4,H市新序西餐店,2026-05-19,enterprise_ref_671998,合成运营主体_671998,store_ref_874261,H市,H市新序西餐店,training_ref_060329,厨房正餐包,30,已确认,30,已确认,2026-05-19T00:00:00,18,3,job_ref_816524
西餐,2,4,H市新序西餐店,2026-05-19,enterprise_ref_671998,合成运营主体_671998,store_ref_874261,H市,H市新序西餐店,training_ref_060329,厨房正餐包,30,已确认,30,已确认,2026-05-19T00:00:00,18,3,job_ref_816524
西餐,2,4,H市新序西餐店,2026-05-19,enterprise_ref_671998,合成运营主体_671998,store_ref_874261,H市,H市新序西餐店,training_ref_060329,厨房正餐包,30,已确认,30,已确认,2026-05-19T00:00:00,18,3,job_ref_816524
西餐,2,4,H市新序西餐店,2026-05-19,enterprise_ref_671998,合成运营主体_671998,store_ref_874261,H市,H市新序西餐店,training_ref_865839,柜台点配发饮包,30,已确认,30,已确认,2026-05-19T00:00:00,12,2,job_ref_816524
西餐,2,4,H市新序西餐店,2026-05-19,enterprise_ref_671998,合成运营主体_671998,store_ref_874261,H市,H市新序西餐店,training_ref_865839,柜台点配发饮包,30,已确认,30,已确认,2026-05-19T00:00:00,12,2,job_ref_816524
西餐,2,4,H市新序西餐店,2026-05-19,enterprise_ref_671998,合成运营主体_671998,store_ref_874261,H市,H市新序西餐店,training_ref_865839,柜台点配发饮包,30,已确认,30,已确认,2026-05-19T00:00:00,12,2,job_ref_816524
西餐,2,4,H市新序西餐店,2026-05-19,enterprise_ref_671998,合成运营主体_671998,store_ref_874261,H市,H市新序西餐店,training_ref_865839,柜台点配发饮包,30,已确认,30,已确认,2026-05-19T00:00:00,12,2,job_ref_816524
西餐,2,4,H市新序西餐店,2026-05-19,enterprise_ref_671998,合成运营主体_671998,store_ref_874261,H市,H市新序西餐店,training_ref_865839,柜台点配发饮包,30,已确认,30,已确认,2026-05-19T00:00:00,12,2,job_ref_816524
西餐,2,4,H市新序西餐店,2026-05-19,enterprise_ref_671998,合成运营主体_671998,store_ref_874261,H市,H市新序西餐店,training_ref_865839,柜台点配发饮包,30,已确认,30,已确认,2026-05-19T00:00:00,12,2,job_ref_816524
西餐,2,4,H市新序西餐店,2026-05-19,enterprise_ref_671998,合成运营主体_671998,store_ref_874261,H市,H市新序西餐店,training_ref_865839,柜台点配发饮包,30,已确认,30,已确认,2026-05-19T00:00:00,12,2,job_ref_816524
西餐,2,4,H市新序西餐店,2026-05-19,enterprise_ref_671998,合成运营主体_671998,store_ref_874261,H市,H市新序西餐店,training_ref_865839,柜台点配发饮包,30,已确认,30,已确认,2026-05-19T00:00:00,12,2,job_ref_816524
西餐,2,4,H市新序西餐店,2026-05-20,enterprise_ref_671998,合成运营主体_671998,store_ref_874261,H市,H市新序西餐店,training_ref_755189,总配正餐包,30,已确认,30,已确认,2026-05-20T00:00:00,6,1,job_ref_816524
西餐,2,4,H市新序西餐店,2026-05-20,enterprise_ref_671998,合成运营主体_671998,store_ref_874261,H市,H市新序西餐店,training_ref_755189,总配正餐包,30,已确认,30,已确认,2026-05-20T00:00:00,6,1,job_ref_816524
西餐,2,4,H市新序西餐店,2026-05-20,enterprise_ref_671998,合成运营主体_671998,store_ref_874261,H市,H市新序西餐店,training_ref_865839,柜台点配发饮包,30,已确认,30,已确认,2026-05-20T00:00:00,12,2,job_ref_816524
西餐,2,4,H市新序西餐店,2026-05-20,enterprise_ref_671998,合成运营主体_671998,store_ref_874261,H市,H市新序西餐店,training_ref_865839,柜台点配发饮包,30,已确认,30,已确认,2026-05-20T00:00:00,12,2,job_ref_816524
西餐,2,4,H市新序西餐店,2026-05-20,enterprise_ref_671998,合成运营主体_671998,store_ref_874261,H市,H市新序西餐店,training_ref_865839,柜台点配发饮包,30,已确认,30,已确认,2026-05-20T00:00:00,12,2,job_ref_816524
西餐,2,4,H市新序西餐店,2026-05-20,enterprise_ref_671998,合成运营主体_671998,store_ref_874261,H市,H市新序西餐店,training_ref_865839,柜台点配发饮包,30,已确认,30,已确认,2026-05-20T00:00:00,12,2,job_ref_816524
西餐,2,4,H市新序西餐店,2026-05-20,enterprise_ref_671998,合成运营主体_671998,store_ref_874261,H市,H市新序西餐店,training_ref_865839,柜台点配发饮包,30,已确认,30,已确认,2026-05-20T00:00:00,12,2,job_ref_816524
西餐,2,4,H市新序西餐店,2026-05-20,enterprise_ref_671998,合成运营主体_671998,store_ref_874261,H市,H市新序西餐店,training_ref_865839,柜台点配发饮包,30,已确认,30,已确认,2026-05-20T00:00:00,12,2,job_ref_816524
西餐,2,4,H市新序西餐店,2026-05-20,enterprise_ref_671998,合成运营主体_671998,store_ref_874261,H市,H市新序西餐店,training_ref_865839,柜台点配发饮包,30,已确认,30,已确认,2026-05-20T00:00:00,12,2,job_ref_816524
西餐,2,4,H市新序西餐店,2026-05-20,enterprise_ref_671998,合成运营主体_671998,store_ref_874261,H市,H市新序西餐店,training_ref_865839,柜台点配发饮包,30,已确认,30,已确认,2026-05-20T00:00:00,12,2,job_ref_816524
西餐,2,4,H市新序西餐店,2026-05-20,enterprise_ref_671998,合成运营主体_671998,store_ref_874261,H市,H市新序西餐店,training_ref_865839,柜台点配发饮包,30,已确认,30,已确认,2026-05-20T00:00:00,12,2,job_ref_816524
西餐,2,4,H市新序西餐店,2026-05-21,enterprise_ref_671998,合成运营主体_671998,store_ref_874261,H市,H市新序西餐店,training_ref_060329,厨房正餐包,30,已确认,30,已确认,2026-05-21T00:00:00,18,3,job_ref_816524
西餐,2,4,H市新序西餐店,2026-05-21,enterprise_ref_671998,合成运营主体_671998,store_ref_874261,H市,H市新序西餐店,training_ref_060329,厨房正餐包,30,已确认,30,已确认,2026-05-21T00:00:00,18,3,job_ref_816524
西餐,2,4,H市新序西餐店,2026-05-21,enterprise_ref_671998,合成运营主体_671998,store_ref_874261,H市,H市新序西餐店,training_ref_060329,厨房正餐包,30,已确认,30,已确认,2026-05-21T00:00:00,18,3,job_ref_816524
西餐,2,4,H市新序西餐店,2026-05-21,enterprise_ref_671998,合成运营主体_671998,store_ref_874261,H市,H市新序西餐店,training_ref_060329,厨房正餐包,30,已确认,30,已确认,2026-05-21T00:00:00,18,3,job_ref_816524
西餐,2,4,H市新序西餐店,2026-05-21,enterprise_ref_671998,合成运营主体_671998,store_ref_874261,H市,H市新序西餐店,training_ref_060329,厨房正餐包,30,已确认,30,已确认,2026-05-21T00:00:00,18,3,job_ref_816524
西餐,2,4,H市新序西餐店,2026-05-21,enterprise_ref_671998,合成运营主体_671998,store_ref_874261,H市,H市新序西餐店,training_ref_060329,厨房正餐包,30,已确认,30,已确认,2026-05-21T00:00:00,18,3,job_ref_816524
西餐,2,4,H市新序西餐店,2026-05-21,enterprise_ref_671998,合成运营主体_671998,store_ref_874261,H市,H市新序西餐店,training_ref_060329,厨房正餐包,30,已确认,30,已确认,2026-05-21T00:00:00,18,3,job_ref_816524
西餐,2,4,H市新序西餐店,2026-05-21,enterprise_ref_671998,合成运营主体_671998,store_ref_874261,H市,H市新序西餐店,training_ref_755189,总配正餐包,30,已确认,30,已确认,2026-05-21T00:00:00,6,1,job_ref_816524
西餐,2,4,H市新序西餐店,2026-05-21,enterprise_ref_671998,合成运营主体_671998,store_ref_874261,H市,H市新序西餐店,training_ref_755189,总配正餐包,30,已确认,30,已确认,2026-05-21T00:00:00,6,1,job_ref_816524
西餐,2,4,H市新序西餐店,2026-05-22,enterprise_ref_671998,合成运营主体_671998,store_ref_874261,H市,H市新序西餐店,training_ref_060329,厨房正餐包,30,已确认,30,已确认,2026-05-22T00:00:00,18,3,job_ref_816524
西餐,2,4,H市新序西餐店,2026-05-22,enterprise_ref_671998,合成运营主体_671998,store_ref_874261,H市,H市新序西餐店,training_ref_060329,厨房正餐包,30,已确认,30,已确认,2026-05-22T00:00:00,18,3,job_ref_816524
西餐,2,4,H市新序西餐店,2026-05-22,enterprise_ref_671998,合成运营主体_671998,store_ref_874261,H市,H市新序西餐店,training_ref_060329,厨房正餐包,30,已确认,30,已确认,2026-05-22T00:00:00,18,3,job_ref_816524
西餐,2,4,H市新序西餐店,2026-05-22,enterprise_ref_671998,合成运营主体_671998,store_ref_874261,H市,H市新序西餐店,training_ref_755189,总配正餐包,30,已确认,30,已确认,2026-05-22T00:00:00,6,1,job_ref_816524
西餐,2,4,H市新序西餐店,2026-05-22,enterprise_ref_671998,合成运营主体_671998,store_ref_874261,H市,H市新序西餐店,training_ref_755189,总配正餐包,30,已确认,30,已确认,2026-05-22T00:00:00,6,1,job_ref_816524
西餐,2,4,H市新序西餐店,2026-05-22,enterprise_ref_671998,合成运营主体_671998,store_ref_874261,H市,H市新序西餐店,training_ref_755189,总配正餐包,30,已确认,30,已确认,2026-05-22T00:00:00,6,1,job_ref_816524
西餐,2,4,H市新序西餐店,2026-05-22,enterprise_ref_671998,合成运营主体_671998,store_ref_874261,H市,H市新序西餐店,training_ref_755189,总配正餐包,30,已确认,30,已确认,2026-05-22T00:00:00,6,1,job_ref_816524
西餐,2,4,H市新序西餐店,2026-05-22,enterprise_ref_671998,合成运营主体_671998,store_ref_874261,H市,H市新序西餐店,training_ref_755189,总配正餐包,30,已确认,30,已确认,2026-05-22T00:00:00,6,1,job_ref_816524
西餐,2,4,H市新序西餐店,2026-05-22,enterprise_ref_671998,合成运营主体_671998,store_ref_874261,H市,H市新序西餐店,training_ref_755189,总配正餐包,30,已确认,30,已确认,2026-05-22T00:00:00,6,1,job_ref_816524
西餐,2,4,H市新序西餐店,2026-05-22,enterprise_ref_671998,合成运营主体_671998,store_ref_874261,H市,H市新序西餐店,training_ref_755189,总配正餐包,30,已确认,30,已确认,2026-05-22T00:00:00,6,1,job_ref_816524
西餐,2,4,H市新序西餐店,2026-05-22,enterprise_ref_671998,合成运营主体_671998,store_ref_874261,H市,H市新序西餐店,training_ref_755189,总配正餐包,30,已确认,30,已确认,2026-05-22T00:00:00,6,1,job_ref_816524
西餐,2,4,H市新序西餐店,2026-05-22,enterprise_ref_671998,合成运营主体_671998,store_ref_874261,H市,H市新序西餐店,training_ref_865839,柜台点配发饮包,30,已确认,30,已确认,2026-05-22T00:00:00,12,2,job_ref_816524
西餐,2,4,H市新序西餐店,2026-05-22,enterprise_ref_671998,合成运营主体_671998,store_ref_874261,H市,H市新序西餐店,training_ref_865839,柜台点配发饮包,30,已确认,30,已确认,2026-05-22T00:00:00,12,2,job_ref_816524
西餐,2,4,H市新序西餐店,2026-05-22,enterprise_ref_671998,合成运营主体_671998,store_ref_874261,H市,H市新序西餐店,training_ref_865839,柜台点配发饮包,30,已确认,30,已确认,2026-05-22T00:00:00,12,2,job_ref_816524
西餐,2,4,H市新序西餐店,2026-05-22,enterprise_ref_671998,合成运营主体_671998,store_ref_874261,H市,H市新序西餐店,training_ref_865839,柜台点配发饮包,30,已确认,30,已确认,2026-05-22T00:00:00,12,2,job_ref_816524
西餐,2,4,H市新序西餐店,2026-05-22,enterprise_ref_671998,合成运营主体_671998,store_ref_874261,H市,H市新序西餐店,training_ref_865839,柜台点配发饮包,30,已确认,30,已确认,2026-05-22T00:00:00,12,2,job_ref_816524
西餐,2,4,H市新序西餐店,2026-05-22,enterprise_ref_671998,合成运营主体_671998,store_ref_874261,H市,H市新序西餐店,training_ref_865839,柜台点配发饮包,30,已确认,30,已确认,2026-05-22T00:00:00,12,2,job_ref_816524
西餐,2,4,H市新序西餐店,2026-05-22,enterprise_ref_671998,合成运营主体_671998,store_ref_874261,H市,H市新序西餐店,training_ref_865839,柜台点配发饮包,30,已确认,30,已确认,2026-05-22T00:00:00,12,2,job_ref_816524
西餐,2,4,H市新序西餐店,2026-05-22,enterprise_ref_671998,合成运营主体_671998,store_ref_874261,H市,H市新序西餐店,training_ref_865839,柜台点配发饮包,30,已确认,30,已确认,2026-05-22T00:00:00,12,2,job_ref_816524
西餐,2,4,H市新序西餐店,2026-05-22,enterprise_ref_671998,合成运营主体_671998,store_ref_874261,H市,H市新序西餐店,training_ref_865839,柜台点配发饮包,30,已确认,30,已确认,2026-05-22T00:00:00,12,2,job_ref_816524
西餐,2,4,H市新序西餐店,2026-05-22,enterprise_ref_671998,合成运营主体_671998,store_ref_874261,H市,H市新序西餐店,training_ref_865839,柜台点配发饮包,30,已确认,30,已确认,2026-05-22T00:00:00,12,2,job_ref_816524
西餐,2,4,H市新序西餐店,2026-05-22,enterprise_ref_671998,合成运营主体_671998,store_ref_874261,H市,H市新序西餐店,training_ref_865839,柜台点配发饮包,30,已确认,30,已确认,2026-05-22T00:00:00,12,2,job_ref_816524
西餐,2,4,H市新序西餐店,2026-05-22,enterprise_ref_671998,合成运营主体_671998,store_ref_874261,H市,H市新序西餐店,training_ref_865839,柜台点配发饮包,30,已确认,30,已确认,2026-05-22T00:00:00,12,2,job_ref_816524
西餐,2,4,H市新序西餐店,2026-05-22,enterprise_ref_671998,合成运营主体_671998,store_ref_874261,H市,H市新序西餐店,training_ref_865839,柜台点配发饮包,30,已确认,30,已确认,2026-05-22T00:00:00,12,2,job_ref_816524
西餐,2,4,H市新序西餐店,2026-05-22,enterprise_ref_671998,合成运营主体_671998,store_ref_874261,H市,H市新序西餐店,training_ref_194525,解冻腌制包,30,已确认,30,已确认,2026-05-22T00:00:00,6,1,job_ref_816524
西餐,2,4,H市新序西餐店,2026-05-22,enterprise_ref_671998,合成运营主体_671998,store_ref_874261,H市,H市新序西餐店,training_ref_690057,总配正餐含PP包,30,已确认,30,已确认,2026-05-22T00:00:00,12,2,job_ref_816524
西餐,2,4,H市新序西餐店,2026-05-22,enterprise_ref_671998,合成运营主体_671998,store_ref_874261,H市,H市新序西餐店,training_ref_690057,总配正餐含PP包,30,已确认,30,已确认,2026-05-22T00:00:00,12,2,job_ref_816524
西餐,2,4,H市新序西餐店,2026-05-22,enterprise_ref_671998,合成运营主体_671998,store_ref_874261,H市,H市新序西餐店,training_ref_898848,KF肯悦咖啡包,30,已确认,30,已确认,2026-05-22T00:00:00,4,1,job_ref_816524
西餐,2,4,H市新序西餐店,2026-05-23,enterprise_ref_671998,合成运营主体_671998,store_ref_874261,H市,H市新序西餐店,training_ref_060329,厨房正餐包,30,已确认,30,已确认,2026-05-23T00:00:00,18,3,job_ref_816524
西餐,2,4,H市新序西餐店,2026-05-23,enterprise_ref_671998,合成运营主体_671998,store_ref_874261,H市,H市新序西餐店,training_ref_060329,厨房正餐包,30,已确认,30,已确认,2026-05-23T00:00:00,18,3,job_ref_816524
西餐,2,4,H市新序西餐店,2026-05-23,enterprise_ref_671998,合成运营主体_671998,store_ref_874261,H市,H市新序西餐店,training_ref_060329,厨房正餐包,30,已确认,30,已确认,2026-05-23T00:00:00,18,3,job_ref_816524
西餐,2,4,H市新序西餐店,2026-05-23,enterprise_ref_671998,合成运营主体_671998,store_ref_874261,H市,H市新序西餐店,training_ref_060329,厨房正餐包,30,已确认,30,已确认,2026-05-23T00:00:00,18,3,job_ref_816524
西餐,2,4,H市新序西餐店,2026-05-23,enterprise_ref_671998,合成运营主体_671998,store_ref_874261,H市,H市新序西餐店,training_ref_060329,厨房正餐包,30,已确认,30,已确认,2026-05-23T00:00:00,18,3,job_ref_816524
西餐,2,4,H市新序西餐店,2026-05-23,enterprise_ref_671998,合成运营主体_671998,store_ref_874261,H市,H市新序西餐店,training_ref_755189,总配正餐包,30,已确认,30,已确认,2026-05-23T00:00:00,6,1,job_ref_816524
西餐,2,4,H市新序西餐店,2026-05-23,enterprise_ref_671998,合成运营主体_671998,store_ref_874261,H市,H市新序西餐店,training_ref_755189,总配正餐包,30,已确认,30,已确认,2026-05-23T00:00:00,6,1,job_ref_816524
西餐,2,4,H市新序西餐店,2026-05-23,enterprise_ref_671998,合成运营主体_671998,store_ref_874261,H市,H市新序西餐店,training_ref_865839,柜台点配发饮包,30,已确认,30,已确认,2026-05-23T00:00:00,12,2,job_ref_816524
西餐,2,4,H市新序西餐店,2026-05-23,enterprise_ref_671998,合成运营主体_671998,store_ref_874261,H市,H市新序西餐店,training_ref_865839,柜台点配发饮包,30,已确认,30,已确认,2026-05-23T00:00:00,12,2,job_ref_816524
西餐,2,4,H市新序西餐店,2026-05-23,enterprise_ref_671998,合成运营主体_671998,store_ref_874261,H市,H市新序西餐店,training_ref_865839,柜台点配发饮包,30,已确认,30,已确认,2026-05-23T00:00:00,12,2,job_ref_816524
西餐,2,4,H市新序西餐店,2026-05-23,enterprise_ref_671998,合成运营主体_671998,store_ref_874261,H市,H市新序西餐店,training_ref_865839,柜台点配发饮包,30,已确认,30,已确认,2026-05-23T00:00:00,12,2,job_ref_816524
西餐,2,4,H市新序西餐店,2026-05-23,enterprise_ref_671998,合成运营主体_671998,store_ref_874261,H市,H市新序西餐店,training_ref_865839,柜台点配发饮包,30,已确认,30,已确认,2026-05-23T00:00:00,12,2,job_ref_816524
西餐,2,4,H市新序西餐店,2026-05-23,enterprise_ref_671998,合成运营主体_671998,store_ref_874261,H市,H市新序西餐店,training_ref_865839,柜台点配发饮包,30,已确认,30,已确认,2026-05-23T00:00:00,12,2,job_ref_816524
西餐,2,4,H市新序西餐店,2026-05-23,enterprise_ref_671998,合成运营主体_671998,store_ref_874261,H市,H市新序西餐店,training_ref_194525,解冻腌制包,30,已确认,30,已确认,2026-05-23T00:00:00,6,1,job_ref_816524
西餐,2,4,H市新序西餐店,2026-05-24,enterprise_ref_671998,合成运营主体_671998,store_ref_874261,H市,H市新序西餐店,training_ref_755189,总配正餐包,30,已确认,30,已确认,2026-05-24T00:00:00,6,1,job_ref_816524
西餐,2,4,H市新序西餐店,2026-05-25,enterprise_ref_671998,合成运营主体_671998,store_ref_874261,H市,H市新序西餐店,training_ref_060329,厨房正餐包,30,已确认,30,已确认,2026-05-25T00:00:00,18,3,job_ref_816524
西餐,2,4,H市新序西餐店,2026-05-25,enterprise_ref_671998,合成运营主体_671998,store_ref_874261,H市,H市新序西餐店,training_ref_060329,厨房正餐包,30,已确认,30,已确认,2026-05-25T00:00:00,18,3,job_ref_816524
西餐,2,4,H市新序西餐店,2026-05-25,enterprise_ref_671998,合成运营主体_671998,store_ref_874261,H市,H市新序西餐店,training_ref_060329,厨房正餐包,30,已确认,30,已确认,2026-05-25T00:00:00,18,3,job_ref_816524
西餐,2,4,H市新序西餐店,2026-05-25,enterprise_ref_671998,合成运营主体_671998,store_ref_874261,H市,H市新序西餐店,training_ref_060329,厨房正餐包,30,已确认,30,已确认,2026-05-25T00:00:00,18,3,job_ref_816524
西餐,2,4,H市新序西餐店,2026-05-25,enterprise_ref_671998,合成运营主体_671998,store_ref_874261,H市,H市新序西餐店,training_ref_060329,厨房正餐包,30,已确认,30,已确认,2026-05-25T00:00:00,18,3,job_ref_816524
西餐,2,4,H市新序西餐店,2026-05-25,enterprise_ref_671998,合成运营主体_671998,store_ref_874261,H市,H市新序西餐店,training_ref_060329,厨房正餐包,30,已确认,30,已确认,2026-05-25T00:00:00,18,3,job_ref_816524
西餐,2,4,H市新序西餐店,2026-05-25,enterprise_ref_671998,合成运营主体_671998,store_ref_874261,H市,H市新序西餐店,training_ref_060329,厨房正餐包,30,已确认,30,已确认,2026-05-25T00:00:00,18,3,job_ref_816524
西餐,2,4,H市新序西餐店,2026-05-25,enterprise_ref_671998,合成运营主体_671998,store_ref_874261,H市,H市新序西餐店,training_ref_865839,柜台点配发饮包,30,已确认,30,已确认,2026-05-25T00:00:00,12,2,job_ref_816524
西餐,2,4,H市新序西餐店,2026-05-25,enterprise_ref_671998,合成运营主体_671998,store_ref_874261,H市,H市新序西餐店,training_ref_865839,柜台点配发饮包,30,已确认,30,已确认,2026-05-25T00:00:00,12,2,job_ref_816524
西餐,2,4,H市新序西餐店,2026-05-25,enterprise_ref_671998,合成运营主体_671998,store_ref_874261,H市,H市新序西餐店,training_ref_865839,柜台点配发饮包,30,已确认,30,已确认,2026-05-25T00:00:00,12,2,job_ref_816524
西餐,2,4,H市新序西餐店,2026-05-25,enterprise_ref_671998,合成运营主体_671998,store_ref_874261,H市,H市新序西餐店,training_ref_865839,柜台点配发饮包,30,已确认,30,已确认,2026-05-25T00:00:00,12,2,job_ref_816524
西餐,2,4,H市新序西餐店,2026-05-25,enterprise_ref_671998,合成运营主体_671998,store_ref_874261,H市,H市新序西餐店,training_ref_865839,柜台点配发饮包,30,已确认,30,已确认,2026-05-25T00:00:00,12,2,job_ref_816524
西餐,2,4,H市新序西餐店,2026-05-26,enterprise_ref_671998,合成运营主体_671998,store_ref_874261,H市,H市新序西餐店,training_ref_060329,厨房正餐包,30,已确认,30,已确认,2026-05-26T00:00:00,18,3,job_ref_816524
西餐,2,4,H市新序西餐店,2026-05-26,enterprise_ref_671998,合成运营主体_671998,store_ref_874261,H市,H市新序西餐店,training_ref_060329,厨房正餐包,30,已确认,30,已确认,2026-05-26T00:00:00,18,3,job_ref_816524
西餐,2,4,H市新序西餐店,2026-05-26,enterprise_ref_671998,合成运营主体_671998,store_ref_874261,H市,H市新序西餐店,training_ref_060329,厨房正餐包,30,已确认,30,已确认,2026-05-26T00:00:00,18,3,job_ref_816524
西餐,2,4,H市新序西餐店,2026-05-26,enterprise_ref_671998,合成运营主体_671998,store_ref_874261,H市,H市新序西餐店,training_ref_060329,厨房正餐包,30,已确认,30,已确认,2026-05-26T00:00:00,18,3,job_ref_816524
西餐,2,4,H市新序西餐店,2026-05-26,enterprise_ref_671998,合成运营主体_671998,store_ref_874261,H市,H市新序西餐店,training_ref_060329,厨房正餐包,30,已确认,30,已确认,2026-05-26T00:00:00,18,3,job_ref_816524
西餐,2,4,H市新序西餐店,2026-05-26,enterprise_ref_671998,合成运营主体_671998,store_ref_874261,H市,H市新序西餐店,training_ref_865839,柜台点配发饮包,30,已确认,30,已确认,2026-05-26T00:00:00,12,2,job_ref_816524
西餐,2,4,H市新序西餐店,2026-05-26,enterprise_ref_671998,合成运营主体_671998,store_ref_874261,H市,H市新序西餐店,training_ref_865839,柜台点配发饮包,30,已确认,30,已确认,2026-05-26T00:00:00,12,2,job_ref_816524
西餐,2,4,H市新序西餐店,2026-05-26,enterprise_ref_671998,合成运营主体_671998,store_ref_874261,H市,H市新序西餐店,training_ref_865839,柜台点配发饮包,30,已确认,30,已确认,2026-05-26T00:00:00,12,2,job_ref_816524
西餐,2,4,H市新序西餐店,2026-05-26,enterprise_ref_671998,合成运营主体_671998,store_ref_874261,H市,H市新序西餐店,training_ref_865839,柜台点配发饮包,30,已确认,30,已确认,2026-05-26T00:00:00,12,2,job_ref_816524
西餐,2,4,H市新序西餐店,2026-05-26,enterprise_ref_671998,合成运营主体_671998,store_ref_874261,H市,H市新序西餐店,training_ref_865839,柜台点配发饮包,30,已确认,30,已确认,2026-05-26T00:00:00,12,2,job_ref_816524
西餐,2,4,H市新序西餐店,2026-05-26,enterprise_ref_671998,合成运营主体_671998,store_ref_874261,H市,H市新序西餐店,training_ref_865839,柜台点配发饮包,30,已确认,30,已确认,2026-05-26T00:00:00,12,2,job_ref_816524
西餐,2,4,H市新序西餐店,2026-05-26,enterprise_ref_671998,合成运营主体_671998,store_ref_874261,H市,H市新序西餐店,training_ref_865839,柜台点配发饮包,30,已确认,30,已确认,2026-05-26T00:00:00,12,2,job_ref_816524
西餐,2,4,H市新序西餐店,2026-05-26,enterprise_ref_671998,合成运营主体_671998,store_ref_874261,H市,H市新序西餐店,training_ref_865839,柜台点配发饮包,30,已确认,30,已确认,2026-05-26T00:00:00,12,2,job_ref_816524
西餐,2,4,H市新序西餐店,2026-05-26,enterprise_ref_671998,合成运营主体_671998,store_ref_874261,H市,H市新序西餐店,training_ref_865839,柜台点配发饮包,30,已确认,30,已确认,2026-05-26T00:00:00,12,2,job_ref_816524
西餐,2,4,H市新序西餐店,2026-05-26,enterprise_ref_671998,合成运营主体_671998,store_ref_874261,H市,H市新序西餐店,training_ref_865839,柜台点配发饮包,30,已确认,30,已确认,2026-05-26T00:00:00,12,2,job_ref_816524
西餐,2,4,H市新序西餐店,2026-05-26,enterprise_ref_671998,合成运营主体_671998,store_ref_874261,H市,H市新序西餐店,training_ref_865839,柜台点配发饮包,30,已确认,30,已确认,2026-05-26T00:00:00,12,2,job_ref_816524
西餐,2,4,H市新序西餐店,2026-05-26,enterprise_ref_671998,合成运营主体_671998,store_ref_874261,H市,H市新序西餐店,training_ref_898848,KF肯悦咖啡包,30,已确认,30,已确认,2026-05-26T00:00:00,4,1,job_ref_816524
西餐,2,4,H市新序西餐店,2026-05-26,enterprise_ref_671998,合成运营主体_671998,store_ref_874261,H市,H市新序西餐店,training_ref_898848,KF肯悦咖啡包,30,已确认,30,已确认,2026-05-26T00:00:00,4,1,job_ref_816524
西餐,2,4,H市新序西餐店,2026-05-27,enterprise_ref_671998,合成运营主体_671998,store_ref_874261,H市,H市新序西餐店,training_ref_060329,厨房正餐包,30,已确认,30,已确认,2026-05-27T00:00:00,18,3,job_ref_816524
西餐,2,4,H市新序西餐店,2026-05-27,enterprise_ref_671998,合成运营主体_671998,store_ref_874261,H市,H市新序西餐店,training_ref_060329,厨房正餐包,30,已确认,30,已确认,2026-05-27T00:00:00,18,3,job_ref_816524
西餐,2,4,H市新序西餐店,2026-05-27,enterprise_ref_671998,合成运营主体_671998,store_ref_874261,H市,H市新序西餐店,training_ref_060329,厨房正餐包,30,已确认,30,已确认,2026-05-27T00:00:00,18,3,job_ref_816524
西餐,2,4,H市新序西餐店,2026-05-27,enterprise_ref_671998,合成运营主体_671998,store_ref_874261,H市,H市新序西餐店,training_ref_060329,厨房正餐包,30,已确认,30,已确认,2026-05-27T00:00:00,18,3,job_ref_816524
西餐,2,4,H市新序西餐店,2026-05-27,enterprise_ref_671998,合成运营主体_671998,store_ref_874261,H市,H市新序西餐店,training_ref_060329,厨房正餐包,30,已确认,30,已确认,2026-05-27T00:00:00,18,3,job_ref_816524
西餐,2,4,H市新序西餐店,2026-05-27,enterprise_ref_671998,合成运营主体_671998,store_ref_874261,H市,H市新序西餐店,training_ref_060329,厨房正餐包,30,已确认,30,已确认,2026-05-27T00:00:00,18,3,job_ref_816524
西餐,2,4,H市新序西餐店,2026-05-27,enterprise_ref_671998,合成运营主体_671998,store_ref_874261,H市,H市新序西餐店,training_ref_060329,厨房正餐包,30,已确认,30,已确认,2026-05-27T00:00:00,18,3,job_ref_816524
西餐,2,4,H市新序西餐店,2026-05-27,enterprise_ref_671998,合成运营主体_671998,store_ref_874261,H市,H市新序西餐店,training_ref_060329,厨房正餐包,30,已确认,30,已确认,2026-05-27T00:00:00,18,3,job_ref_816524
西餐,2,4,H市新序西餐店,2026-05-27,enterprise_ref_671998,合成运营主体_671998,store_ref_874261,H市,H市新序西餐店,training_ref_060329,厨房正餐包,30,已确认,30,已确认,2026-05-27T00:00:00,18,3,job_ref_816524
西餐,2,4,H市新序西餐店,2026-05-27,enterprise_ref_671998,合成运营主体_671998,store_ref_874261,H市,H市新序西餐店,training_ref_060329,厨房正餐包,30,已确认,30,已确认,2026-05-27T00:00:00,18,3,job_ref_816524
西餐,2,4,H市新序西餐店,2026-05-27,enterprise_ref_671998,合成运营主体_671998,store_ref_874261,H市,H市新序西餐店,training_ref_060329,厨房正餐包,30,已确认,30,已确认,2026-05-27T00:00:00,18,3,job_ref_816524
西餐,2,4,H市新序西餐店,2026-05-27,enterprise_ref_671998,合成运营主体_671998,store_ref_874261,H市,H市新序西餐店,training_ref_060329,厨房正餐包,30,已确认,30,已确认,2026-05-27T00:00:00,18,3,job_ref_816524
西餐,2,4,H市新序西餐店,2026-05-27,enterprise_ref_671998,合成运营主体_671998,store_ref_874261,H市,H市新序西餐店,training_ref_865839,柜台点配发饮包,30,已确认,30,已确认,2026-05-27T00:00:00,12,2,job_ref_816524
西餐,2,4,H市新序西餐店,2026-05-27,enterprise_ref_671998,合成运营主体_671998,store_ref_874261,H市,H市新序西餐店,training_ref_865839,柜台点配发饮包,30,已确认,30,已确认,2026-05-27T00:00:00,12,2,job_ref_816524
西餐,2,4,H市新序西餐店,2026-05-27,enterprise_ref_671998,合成运营主体_671998,store_ref_874261,H市,H市新序西餐店,training_ref_865839,柜台点配发饮包,30,已确认,30,已确认,2026-05-27T00:00:00,12,2,job_ref_816524
西餐,2,4,H市新序西餐店,2026-05-28,enterprise_ref_671998,合成运营主体_671998,store_ref_874261,H市,H市新序西餐店,training_ref_060329,厨房正餐包,30,已确认,30,已确认,2026-05-28T00:00:00,18,3,job_ref_816524
西餐,2,4,H市新序西餐店,2026-05-28,enterprise_ref_671998,合成运营主体_671998,store_ref_874261,H市,H市新序西餐店,training_ref_060329,厨房正餐包,30,已确认,30,已确认,2026-05-28T00:00:00,18,3,job_ref_816524
西餐,2,4,H市新序西餐店,2026-05-28,enterprise_ref_671998,合成运营主体_671998,store_ref_874261,H市,H市新序西餐店,training_ref_060329,厨房正餐包,30,已确认,30,已确认,2026-05-28T00:00:00,18,3,job_ref_816524
西餐,2,4,H市新序西餐店,2026-05-28,enterprise_ref_671998,合成运营主体_671998,store_ref_874261,H市,H市新序西餐店,training_ref_865839,柜台点配发饮包,30,已确认,30,已确认,2026-05-28T00:00:00,12,2,job_ref_816524
西餐,2,4,H市新序西餐店,2026-05-28,enterprise_ref_671998,合成运营主体_671998,store_ref_874261,H市,H市新序西餐店,training_ref_865839,柜台点配发饮包,30,已确认,30,已确认,2026-05-28T00:00:00,12,2,job_ref_816524
西餐,2,4,H市新序西餐店,2026-05-28,enterprise_ref_671998,合成运营主体_671998,store_ref_874261,H市,H市新序西餐店,training_ref_865839,柜台点配发饮包,30,已确认,30,已确认,2026-05-28T00:00:00,12,2,job_ref_816524
西餐,2,4,H市新序西餐店,2026-05-29,enterprise_ref_671998,合成运营主体_671998,store_ref_874261,H市,H市新序西餐店,training_ref_865839,柜台点配发饮包,30,已确认,30,已确认,2026-05-29T00:00:00,12,2,job_ref_816524
西餐,2,4,H市新序西餐店,2026-05-29,enterprise_ref_671998,合成运营主体_671998,store_ref_874261,H市,H市新序西餐店,training_ref_865839,柜台点配发饮包,30,已确认,30,已确认,2026-05-29T00:00:00,12,2,job_ref_816524
西餐,2,4,H市新序西餐店,2026-05-29,enterprise_ref_671998,合成运营主体_671998,store_ref_874261,H市,H市新序西餐店,training_ref_865839,柜台点配发饮包,30,已确认,30,已确认,2026-05-29T00:00:00,12,2,job_ref_816524
西餐,2,4,H市新序西餐店,2026-05-29,enterprise_ref_671998,合成运营主体_671998,store_ref_874261,H市,H市新序西餐店,training_ref_865839,柜台点配发饮包,30,已确认,30,已确认,2026-05-29T00:00:00,12,2,job_ref_816524
西餐,2,4,H市新序西餐店,2026-05-29,enterprise_ref_671998,合成运营主体_671998,store_ref_874261,H市,H市新序西餐店,training_ref_865839,柜台点配发饮包,30,已确认,30,已确认,2026-05-29T00:00:00,12,2,job_ref_816524
西餐,2,4,H市新序西餐店,2026-05-30,enterprise_ref_671998,合成运营主体_671998,store_ref_874261,H市,H市新序西餐店,training_ref_755189,总配正餐包,30,已确认,30,已确认,2026-05-30T00:00:00,6,1,job_ref_816524
西餐,2,4,H市新序西餐店,2026-05-30,enterprise_ref_671998,合成运营主体_671998,store_ref_874261,H市,H市新序西餐店,training_ref_755189,总配正餐包,30,已确认,30,已确认,2026-05-30T00:00:00,6,1,job_ref_816524
西餐,2,4,H市新序西餐店,2026-05-30,enterprise_ref_671998,合成运营主体_671998,store_ref_874261,H市,H市新序西餐店,training_ref_755189,总配正餐包,30,已确认,30,已确认,2026-05-30T00:00:00,6,1,job_ref_816524
西餐,2,4,H市新序西餐店,2026-05-30,enterprise_ref_671998,合成运营主体_671998,store_ref_874261,H市,H市新序西餐店,training_ref_755189,总配正餐包,30,已确认,30,已确认,2026-05-30T00:00:00,6,1,job_ref_816524
西餐,2,4,H市新序西餐店,2026-05-30,enterprise_ref_671998,合成运营主体_671998,store_ref_874261,H市,H市新序西餐店,training_ref_755189,总配正餐包,30,已确认,30,已确认,2026-05-30T00:00:00,6,1,job_ref_816524
西餐,2,4,H市新序西餐店,2026-05-30,enterprise_ref_671998,合成运营主体_671998,store_ref_874261,H市,H市新序西餐店,training_ref_755189,总配正餐包,30,已确认,30,已确认,2026-05-30T00:00:00,6,1,job_ref_816524
西餐,2,4,H市新序西餐店,2026-05-30,enterprise_ref_671998,合成运营主体_671998,store_ref_874261,H市,H市新序西餐店,training_ref_755189,总配正餐包,30,已确认,30,已确认,2026-05-30T00:00:00,6,1,job_ref_816524
西餐,2,4,H市新序西餐店,2026-05-30,enterprise_ref_671998,合成运营主体_671998,store_ref_874261,H市,H市新序西餐店,training_ref_755189,总配正餐包,30,已确认,30,已确认,2026-05-30T00:00:00,6,1,job_ref_816524
西餐,2,5,I市禾里西餐店,2026-05-04,enterprise_ref_671998,合成运营主体_671998,store_ref_774663,I市,I市禾里西餐店,training_ref_060329,厨房正餐包,30,已确认,30,已确认,2026-05-04T00:00:00,18,3,job_ref_816524
西餐,2,5,I市禾里西餐店,2026-05-04,enterprise_ref_671998,合成运营主体_671998,store_ref_774663,I市,I市禾里西餐店,training_ref_060329,厨房正餐包,30,已确认,30,已确认,2026-05-04T00:00:00,18,3,job_ref_816524
西餐,2,5,I市禾里西餐店,2026-05-04,enterprise_ref_671998,合成运营主体_671998,store_ref_774663,I市,I市禾里西餐店,training_ref_060329,厨房正餐包,30,已确认,30,已确认,2026-05-04T00:00:00,18,3,job_ref_816524
西餐,2,5,I市禾里西餐店,2026-05-04,enterprise_ref_671998,合成运营主体_671998,store_ref_774663,I市,I市禾里西餐店,training_ref_060329,厨房正餐包,30,已确认,30,已确认,2026-05-04T00:00:00,18,3,job_ref_816524
西餐,2,5,I市禾里西餐店,2026-05-04,enterprise_ref_671998,合成运营主体_671998,store_ref_774663,I市,I市禾里西餐店,training_ref_060329,厨房正餐包,30,已确认,30,已确认,2026-05-04T00:00:00,18,3,job_ref_816524
西餐,2,5,I市禾里西餐店,2026-05-04,enterprise_ref_671998,合成运营主体_671998,store_ref_774663,I市,I市禾里西餐店,training_ref_060329,厨房正餐包,30,已确认,30,已确认,2026-05-04T00:00:00,18,3,job_ref_816524
西餐,2,5,I市禾里西餐店,2026-05-04,enterprise_ref_671998,合成运营主体_671998,store_ref_774663,I市,I市禾里西餐店,training_ref_060329,厨房正餐包,30,已确认,30,已确认,2026-05-04T00:00:00,18,3,job_ref_816524
西餐,2,5,I市禾里西餐店,2026-05-04,enterprise_ref_671998,合成运营主体_671998,store_ref_774663,I市,I市禾里西餐店,training_ref_060329,厨房正餐包,30,已确认,30,已确认,2026-05-04T00:00:00,18,3,job_ref_816524
西餐,2,5,I市禾里西餐店,2026-05-04,enterprise_ref_671998,合成运营主体_671998,store_ref_774663,I市,I市禾里西餐店,training_ref_865839,柜台点配发饮包,30,已确认,30,已确认,2026-05-04T00:00:00,12,2,job_ref_816524
西餐,2,5,I市禾里西餐店,2026-05-04,enterprise_ref_671998,合成运营主体_671998,store_ref_774663,I市,I市禾里西餐店,training_ref_865839,柜台点配发饮包,30,已确认,30,已确认,2026-05-04T00:00:00,12,2,job_ref_816524
西餐,2,5,I市禾里西餐店,2026-05-04,enterprise_ref_671998,合成运营主体_671998,store_ref_774663,I市,I市禾里西餐店,training_ref_865839,柜台点配发饮包,30,已确认,30,已确认,2026-05-04T00:00:00,12,2,job_ref_816524
西餐,2,5,I市禾里西餐店,2026-05-04,enterprise_ref_671998,合成运营主体_671998,store_ref_774663,I市,I市禾里西餐店,training_ref_865839,柜台点配发饮包,30,已确认,30,已确认,2026-05-04T00:00:00,12,2,job_ref_816524
西餐,2,5,I市禾里西餐店,2026-05-04,enterprise_ref_671998,合成运营主体_671998,store_ref_774663,I市,I市禾里西餐店,training_ref_865839,柜台点配发饮包,30,已确认,30,已确认,2026-05-04T00:00:00,12,2,job_ref_816524
西餐,2,5,I市禾里西餐店,2026-05-04,enterprise_ref_671998,合成运营主体_671998,store_ref_774663,I市,I市禾里西餐店,training_ref_865839,柜台点配发饮包,30,已确认,30,已确认,2026-05-04T00:00:00,12,2,job_ref_816524
西餐,2,5,I市禾里西餐店,2026-05-07,enterprise_ref_671998,合成运营主体_671998,store_ref_774663,I市,I市禾里西餐店,training_ref_060329,厨房正餐包,30,已确认,30,已确认,2026-05-07T00:00:00,18,3,job_ref_816524
西餐,2,5,I市禾里西餐店,2026-05-07,enterprise_ref_671998,合成运营主体_671998,store_ref_774663,I市,I市禾里西餐店,training_ref_060329,厨房正餐包,30,已确认,30,已确认,2026-05-07T00:00:00,18,3,job_ref_816524
西餐,2,5,I市禾里西餐店,2026-05-07,enterprise_ref_671998,合成运营主体_671998,store_ref_774663,I市,I市禾里西餐店,training_ref_060329,厨房正餐包,30,已确认,30,已确认,2026-05-07T00:00:00,18,3,job_ref_816524
西餐,2,5,I市禾里西餐店,2026-05-07,enterprise_ref_671998,合成运营主体_671998,store_ref_774663,I市,I市禾里西餐店,training_ref_060329,厨房正餐包,30,已确认,30,已确认,2026-05-07T00:00:00,18,3,job_ref_816524
西餐,2,5,I市禾里西餐店,2026-05-07,enterprise_ref_671998,合成运营主体_671998,store_ref_774663,I市,I市禾里西餐店,training_ref_060329,厨房正餐包,30,已确认,30,已确认,2026-05-07T00:00:00,18,3,job_ref_816524
西餐,2,5,I市禾里西餐店,2026-05-07,enterprise_ref_671998,合成运营主体_671998,store_ref_774663,I市,I市禾里西餐店,training_ref_060329,厨房正餐包,30,已确认,30,已确认,2026-05-07T00:00:00,18,3,job_ref_816524
西餐,2,5,I市禾里西餐店,2026-05-07,enterprise_ref_671998,合成运营主体_671998,store_ref_774663,I市,I市禾里西餐店,training_ref_060329,厨房正餐包,30,已确认,30,已确认,2026-05-07T00:00:00,18,3,job_ref_816524
西餐,2,5,I市禾里西餐店,2026-05-07,enterprise_ref_671998,合成运营主体_671998,store_ref_774663,I市,I市禾里西餐店,training_ref_755189,总配正餐包,30,已确认,30,已确认,2026-05-07T00:00:00,6,1,job_ref_816524
西餐,2,5,I市禾里西餐店,2026-05-07,enterprise_ref_671998,合成运营主体_671998,store_ref_774663,I市,I市禾里西餐店,training_ref_865839,柜台点配发饮包,30,已确认,30,已确认,2026-05-07T00:00:00,12,2,job_ref_816524
西餐,2,5,I市禾里西餐店,2026-05-07,enterprise_ref_671998,合成运营主体_671998,store_ref_774663,I市,I市禾里西餐店,training_ref_865839,柜台点配发饮包,30,已确认,30,已确认,2026-05-07T00:00:00,12,2,job_ref_816524
西餐,2,5,I市禾里西餐店,2026-05-07,enterprise_ref_671998,合成运营主体_671998,store_ref_774663,I市,I市禾里西餐店,training_ref_865839,柜台点配发饮包,30,已确认,30,已确认,2026-05-07T00:00:00,12,2,job_ref_816524
西餐,2,5,I市禾里西餐店,2026-05-08,enterprise_ref_671998,合成运营主体_671998,store_ref_774663,I市,I市禾里西餐店,training_ref_060329,厨房正餐包,30,已确认,30,已确认,2026-05-08T00:00:00,18,3,job_ref_816524
西餐,2,5,I市禾里西餐店,2026-05-08,enterprise_ref_671998,合成运营主体_671998,store_ref_774663,I市,I市禾里西餐店,training_ref_060329,厨房正餐包,30,已确认,30,已确认,2026-05-08T00:00:00,18,3,job_ref_816524
西餐,2,5,I市禾里西餐店,2026-05-08,enterprise_ref_671998,合成运营主体_671998,store_ref_774663,I市,I市禾里西餐店,training_ref_060329,厨房正餐包,30,已确认,30,已确认,2026-05-08T00:00:00,18,3,job_ref_816524
西餐,2,5,I市禾里西餐店,2026-05-08,enterprise_ref_671998,合成运营主体_671998,store_ref_774663,I市,I市禾里西餐店,training_ref_865839,柜台点配发饮包,30,已确认,30,已确认,2026-05-08T00:00:00,12,2,job_ref_816524
西餐,2,5,I市禾里西餐店,2026-05-08,enterprise_ref_671998,合成运营主体_671998,store_ref_774663,I市,I市禾里西餐店,training_ref_865839,柜台点配发饮包,30,已确认,30,已确认,2026-05-08T00:00:00,12,2,job_ref_816524
西餐,2,5,I市禾里西餐店,2026-05-08,enterprise_ref_671998,合成运营主体_671998,store_ref_774663,I市,I市禾里西餐店,training_ref_865839,柜台点配发饮包,30,已确认,30,已确认,2026-05-08T00:00:00,12,2,job_ref_816524
西餐,2,5,I市禾里西餐店,2026-05-08,enterprise_ref_671998,合成运营主体_671998,store_ref_774663,I市,I市禾里西餐店,training_ref_865839,柜台点配发饮包,30,已确认,30,已确认,2026-05-08T00:00:00,12,2,job_ref_816524
西餐,2,5,I市禾里西餐店,2026-05-09,enterprise_ref_671998,合成运营主体_671998,store_ref_774663,I市,I市禾里西餐店,training_ref_865839,柜台点配发饮包,30,已确认,30,已确认,2026-05-09T00:00:00,12,2,job_ref_816524
西餐,2,5,I市禾里西餐店,2026-05-09,enterprise_ref_671998,合成运营主体_671998,store_ref_774663,I市,I市禾里西餐店,training_ref_865839,柜台点配发饮包,30,已确认,30,已确认,2026-05-09T00:00:00,12,2,job_ref_816524
西餐,2,5,I市禾里西餐店,2026-05-09,enterprise_ref_671998,合成运营主体_671998,store_ref_774663,I市,I市禾里西餐店,training_ref_865839,柜台点配发饮包,30,已确认,30,已确认,2026-05-09T00:00:00,12,2,job_ref_816524
西餐,2,5,I市禾里西餐店,2026-05-09,enterprise_ref_671998,合成运营主体_671998,store_ref_774663,I市,I市禾里西餐店,training_ref_865839,柜台点配发饮包,30,已确认,30,已确认,2026-05-09T00:00:00,12,2,job_ref_816524
西餐,2,5,I市禾里西餐店,2026-05-10,enterprise_ref_671998,合成运营主体_671998,store_ref_774663,I市,I市禾里西餐店,training_ref_060329,厨房正餐包,30,已确认,30,已确认,2026-05-10T00:00:00,18,3,job_ref_816524
西餐,2,5,I市禾里西餐店,2026-05-10,enterprise_ref_671998,合成运营主体_671998,store_ref_774663,I市,I市禾里西餐店,training_ref_060329,厨房正餐包,30,已确认,30,已确认,2026-05-10T00:00:00,18,3,job_ref_816524
西餐,2,5,I市禾里西餐店,2026-05-10,enterprise_ref_671998,合成运营主体_671998,store_ref_774663,I市,I市禾里西餐店,training_ref_060329,厨房正餐包,30,已确认,30,已确认,2026-05-10T00:00:00,18,3,job_ref_816524
西餐,2,5,I市禾里西餐店,2026-05-10,enterprise_ref_671998,合成运营主体_671998,store_ref_774663,I市,I市禾里西餐店,training_ref_060329,厨房正餐包,30,已确认,30,已确认,2026-05-10T00:00:00,18,3,job_ref_816524
西餐,2,5,I市禾里西餐店,2026-05-11,enterprise_ref_671998,合成运营主体_671998,store_ref_774663,I市,I市禾里西餐店,training_ref_060329,厨房正餐包,30,已确认,30,已确认,2026-05-11T00:00:00,18,3,job_ref_816524
西餐,2,5,I市禾里西餐店,2026-05-11,enterprise_ref_671998,合成运营主体_671998,store_ref_774663,I市,I市禾里西餐店,training_ref_060329,厨房正餐包,30,已确认,30,已确认,2026-05-11T00:00:00,18,3,job_ref_816524
西餐,2,5,I市禾里西餐店,2026-05-11,enterprise_ref_671998,合成运营主体_671998,store_ref_774663,I市,I市禾里西餐店,training_ref_060329,厨房正餐包,30,已确认,30,已确认,2026-05-11T00:00:00,18,3,job_ref_816524
西餐,2,5,I市禾里西餐店,2026-05-11,enterprise_ref_671998,合成运营主体_671998,store_ref_774663,I市,I市禾里西餐店,training_ref_060329,厨房正餐包,30,已确认,30,已确认,2026-05-11T00:00:00,18,3,job_ref_816524
西餐,2,5,I市禾里西餐店,2026-05-11,enterprise_ref_671998,合成运营主体_671998,store_ref_774663,I市,I市禾里西餐店,training_ref_755189,总配正餐包,30,已确认,30,已确认,2026-05-11T00:00:00,6,1,job_ref_816524
西餐,2,5,I市禾里西餐店,2026-05-11,enterprise_ref_671998,合成运营主体_671998,store_ref_774663,I市,I市禾里西餐店,training_ref_755189,总配正餐包,30,已确认,30,已确认,2026-05-11T00:00:00,6,1,job_ref_816524
西餐,2,5,I市禾里西餐店,2026-05-11,enterprise_ref_671998,合成运营主体_671998,store_ref_774663,I市,I市禾里西餐店,training_ref_865839,柜台点配发饮包,30,已确认,30,已确认,2026-05-11T00:00:00,12,2,job_ref_816524
西餐,2,5,I市禾里西餐店,2026-05-11,enterprise_ref_671998,合成运营主体_671998,store_ref_774663,I市,I市禾里西餐店,training_ref_865839,柜台点配发饮包,30,已确认,30,已确认,2026-05-11T00:00:00,12,2,job_ref_816524
西餐,2,5,I市禾里西餐店,2026-05-11,enterprise_ref_671998,合成运营主体_671998,store_ref_774663,I市,I市禾里西餐店,training_ref_865839,柜台点配发饮包,30,已确认,30,已确认,2026-05-11T00:00:00,12,2,job_ref_816524
西餐,2,5,I市禾里西餐店,2026-05-11,enterprise_ref_671998,合成运营主体_671998,store_ref_774663,I市,I市禾里西餐店,training_ref_865839,柜台点配发饮包,30,已确认,30,已确认,2026-05-11T00:00:00,12,2,job_ref_816524
西餐,2,5,I市禾里西餐店,2026-05-11,enterprise_ref_671998,合成运营主体_671998,store_ref_774663,I市,I市禾里西餐店,training_ref_865839,柜台点配发饮包,30,已确认,30,已确认,2026-05-11T00:00:00,12,2,job_ref_816524
西餐,2,5,I市禾里西餐店,2026-05-11,enterprise_ref_671998,合成运营主体_671998,store_ref_774663,I市,I市禾里西餐店,training_ref_865839,柜台点配发饮包,30,已确认,30,已确认,2026-05-11T00:00:00,12,2,job_ref_816524
西餐,2,5,I市禾里西餐店,2026-05-12,enterprise_ref_671998,合成运营主体_671998,store_ref_774663,I市,I市禾里西餐店,training_ref_060329,厨房正餐包,30,已确认,30,已确认,2026-05-12T00:00:00,18,3,job_ref_816524
西餐,2,5,I市禾里西餐店,2026-05-12,enterprise_ref_671998,合成运营主体_671998,store_ref_774663,I市,I市禾里西餐店,training_ref_060329,厨房正餐包,30,已确认,30,已确认,2026-05-12T00:00:00,18,3,job_ref_816524
西餐,2,5,I市禾里西餐店,2026-05-12,enterprise_ref_671998,合成运营主体_671998,store_ref_774663,I市,I市禾里西餐店,training_ref_060329,厨房正餐包,30,已确认,30,已确认,2026-05-12T00:00:00,18,3,job_ref_816524
西餐,2,5,I市禾里西餐店,2026-05-12,enterprise_ref_671998,合成运营主体_671998,store_ref_774663,I市,I市禾里西餐店,training_ref_060329,厨房正餐包,30,已确认,30,已确认,2026-05-12T00:00:00,18,3,job_ref_816524
西餐,2,5,I市禾里西餐店,2026-05-12,enterprise_ref_671998,合成运营主体_671998,store_ref_774663,I市,I市禾里西餐店,training_ref_865839,柜台点配发饮包,30,已确认,30,已确认,2026-05-12T00:00:00,12,2,job_ref_816524
西餐,2,5,I市禾里西餐店,2026-05-12,enterprise_ref_671998,合成运营主体_671998,store_ref_774663,I市,I市禾里西餐店,training_ref_865839,柜台点配发饮包,30,已确认,30,已确认,2026-05-12T00:00:00,12,2,job_ref_816524
西餐,2,5,I市禾里西餐店,2026-05-12,enterprise_ref_671998,合成运营主体_671998,store_ref_774663,I市,I市禾里西餐店,training_ref_865839,柜台点配发饮包,30,已确认,30,已确认,2026-05-12T00:00:00,12,2,job_ref_816524
西餐,2,5,I市禾里西餐店,2026-05-12,enterprise_ref_671998,合成运营主体_671998,store_ref_774663,I市,I市禾里西餐店,training_ref_865839,柜台点配发饮包,30,已确认,30,已确认,2026-05-12T00:00:00,12,2,job_ref_816524
西餐,2,5,I市禾里西餐店,2026-05-12,enterprise_ref_671998,合成运营主体_671998,store_ref_774663,I市,I市禾里西餐店,training_ref_865839,柜台点配发饮包,30,已确认,30,已确认,2026-05-12T00:00:00,12,2,job_ref_816524
西餐,2,5,I市禾里西餐店,2026-05-12,enterprise_ref_671998,合成运营主体_671998,store_ref_774663,I市,I市禾里西餐店,training_ref_865839,柜台点配发饮包,30,已确认,30,已确认,2026-05-12T00:00:00,12,2,job_ref_816524
西餐,2,5,I市禾里西餐店,2026-05-13,enterprise_ref_671998,合成运营主体_671998,store_ref_774663,I市,I市禾里西餐店,training_ref_060329,厨房正餐包,30,已确认,30,已确认,2026-05-13T00:00:00,18,3,job_ref_816524
西餐,2,5,I市禾里西餐店,2026-05-13,enterprise_ref_671998,合成运营主体_671998,store_ref_774663,I市,I市禾里西餐店,training_ref_060329,厨房正餐包,30,已确认,30,已确认,2026-05-13T00:00:00,18,3,job_ref_816524
西餐,2,5,I市禾里西餐店,2026-05-13,enterprise_ref_671998,合成运营主体_671998,store_ref_774663,I市,I市禾里西餐店,training_ref_060329,厨房正餐包,30,已确认,30,已确认,2026-05-13T00:00:00,18,3,job_ref_816524
西餐,2,5,I市禾里西餐店,2026-05-13,enterprise_ref_671998,合成运营主体_671998,store_ref_774663,I市,I市禾里西餐店,training_ref_060329,厨房正餐包,30,已确认,30,已确认,2026-05-13T00:00:00,18,3,job_ref_816524
西餐,2,5,I市禾里西餐店,2026-05-13,enterprise_ref_671998,合成运营主体_671998,store_ref_774663,I市,I市禾里西餐店,training_ref_659524,薯饮包,30,已确认,30,已确认,2026-05-13T00:00:00,4,1,job_ref_816524
西餐,2,5,I市禾里西餐店,2026-05-13,enterprise_ref_671998,合成运营主体_671998,store_ref_774663,I市,I市禾里西餐店,training_ref_865839,柜台点配发饮包,30,已确认,30,已确认,2026-05-13T00:00:00,12,2,job_ref_816524
西餐,2,5,I市禾里西餐店,2026-05-13,enterprise_ref_671998,合成运营主体_671998,store_ref_774663,I市,I市禾里西餐店,training_ref_865839,柜台点配发饮包,30,已确认,30,已确认,2026-05-13T00:00:00,12,2,job_ref_816524
西餐,2,5,I市禾里西餐店,2026-05-13,enterprise_ref_671998,合成运营主体_671998,store_ref_774663,I市,I市禾里西餐店,training_ref_865839,柜台点配发饮包,30,已确认,30,已确认,2026-05-13T00:00:00,12,2,job_ref_816524
西餐,2,5,I市禾里西餐店,2026-05-13,enterprise_ref_671998,合成运营主体_671998,store_ref_774663,I市,I市禾里西餐店,training_ref_865839,柜台点配发饮包,30,已确认,30,已确认,2026-05-13T00:00:00,12,2,job_ref_816524
西餐,2,5,I市禾里西餐店,2026-05-13,enterprise_ref_671998,合成运营主体_671998,store_ref_774663,I市,I市禾里西餐店,training_ref_865839,柜台点配发饮包,30,已确认,30,已确认,2026-05-13T00:00:00,12,2,job_ref_816524
西餐,2,5,I市禾里西餐店,2026-05-14,enterprise_ref_671998,合成运营主体_671998,store_ref_774663,I市,I市禾里西餐店,training_ref_865839,柜台点配发饮包,30,已确认,30,已确认,2026-05-14T00:00:00,12,2,job_ref_816524
西餐,2,5,I市禾里西餐店,2026-05-14,enterprise_ref_671998,合成运营主体_671998,store_ref_774663,I市,I市禾里西餐店,training_ref_865839,柜台点配发饮包,30,已确认,30,已确认,2026-05-14T00:00:00,12,2,job_ref_816524
西餐,2,5,I市禾里西餐店,2026-05-14,enterprise_ref_671998,合成运营主体_671998,store_ref_774663,I市,I市禾里西餐店,training_ref_865839,柜台点配发饮包,30,已确认,30,已确认,2026-05-14T00:00:00,12,2,job_ref_816524
西餐,2,5,I市禾里西餐店,2026-05-15,enterprise_ref_671998,合成运营主体_671998,store_ref_774663,I市,I市禾里西餐店,training_ref_865839,柜台点配发饮包,30,已确认,30,已确认,2026-05-15T00:00:00,12,2,job_ref_816524
西餐,2,5,I市禾里西餐店,2026-05-15,enterprise_ref_671998,合成运营主体_671998,store_ref_774663,I市,I市禾里西餐店,training_ref_865839,柜台点配发饮包,30,已确认,30,已确认,2026-05-15T00:00:00,12,2,job_ref_816524
西餐,2,5,I市禾里西餐店,2026-05-15,enterprise_ref_671998,合成运营主体_671998,store_ref_774663,I市,I市禾里西餐店,training_ref_865839,柜台点配发饮包,30,已确认,30,已确认,2026-05-15T00:00:00,12,2,job_ref_816524
西餐,2,5,I市禾里西餐店,2026-05-16,enterprise_ref_671998,合成运营主体_671998,store_ref_774663,I市,I市禾里西餐店,training_ref_060329,厨房正餐包,30,已确认,30,已确认,2026-05-16T00:00:00,18,3,job_ref_816524
西餐,2,5,I市禾里西餐店,2026-05-16,enterprise_ref_671998,合成运营主体_671998,store_ref_774663,I市,I市禾里西餐店,training_ref_060329,厨房正餐包,30,已确认,30,已确认,2026-05-16T00:00:00,18,3,job_ref_816524
西餐,2,5,I市禾里西餐店,2026-05-16,enterprise_ref_671998,合成运营主体_671998,store_ref_774663,I市,I市禾里西餐店,training_ref_060329,厨房正餐包,30,已确认,30,已确认,2026-05-16T00:00:00,18,3,job_ref_816524
西餐,2,5,I市禾里西餐店,2026-05-16,enterprise_ref_671998,合成运营主体_671998,store_ref_774663,I市,I市禾里西餐店,training_ref_060329,厨房正餐包,30,已确认,30,已确认,2026-05-16T00:00:00,18,3,job_ref_816524
西餐,2,5,I市禾里西餐店,2026-05-17,enterprise_ref_671998,合成运营主体_671998,store_ref_774663,I市,I市禾里西餐店,training_ref_755189,总配正餐包,30,已确认,30,已确认,2026-05-17T00:00:00,6,1,job_ref_816524
西餐,2,5,I市禾里西餐店,2026-05-17,enterprise_ref_671998,合成运营主体_671998,store_ref_774663,I市,I市禾里西餐店,training_ref_755189,总配正餐包,30,已确认,30,已确认,2026-05-17T00:00:00,6,1,job_ref_816524
西餐,2,5,I市禾里西餐店,2026-05-17,enterprise_ref_671998,合成运营主体_671998,store_ref_774663,I市,I市禾里西餐店,training_ref_865839,柜台点配发饮包,30,已确认,30,已确认,2026-05-17T00:00:00,12,2,job_ref_816524
西餐,2,5,I市禾里西餐店,2026-05-17,enterprise_ref_671998,合成运营主体_671998,store_ref_774663,I市,I市禾里西餐店,training_ref_865839,柜台点配发饮包,30,已确认,30,已确认,2026-05-17T00:00:00,12,2,job_ref_816524
西餐,2,5,I市禾里西餐店,2026-05-17,enterprise_ref_671998,合成运营主体_671998,store_ref_774663,I市,I市禾里西餐店,training_ref_865839,柜台点配发饮包,30,已确认,30,已确认,2026-05-17T00:00:00,12,2,job_ref_816524
西餐,2,5,I市禾里西餐店,2026-05-17,enterprise_ref_671998,合成运营主体_671998,store_ref_774663,I市,I市禾里西餐店,training_ref_865839,柜台点配发饮包,30,已确认,30,已确认,2026-05-17T00:00:00,12,2,job_ref_816524
西餐,2,5,I市禾里西餐店,2026-05-17,enterprise_ref_671998,合成运营主体_671998,store_ref_774663,I市,I市禾里西餐店,training_ref_865839,柜台点配发饮包,30,已确认,30,已确认,2026-05-17T00:00:00,12,2,job_ref_816524
西餐,2,5,I市禾里西餐店,2026-05-17,enterprise_ref_671998,合成运营主体_671998,store_ref_774663,I市,I市禾里西餐店,training_ref_865839,柜台点配发饮包,30,已确认,30,已确认,2026-05-17T00:00:00,12,2,job_ref_816524
西餐,2,5,I市禾里西餐店,2026-05-17,enterprise_ref_671998,合成运营主体_671998,store_ref_774663,I市,I市禾里西餐店,training_ref_865839,柜台点配发饮包,30,已确认,30,已确认,2026-05-17T00:00:00,12,2,job_ref_816524
西餐,2,5,I市禾里西餐店,2026-05-17,enterprise_ref_671998,合成运营主体_671998,store_ref_774663,I市,I市禾里西餐店,training_ref_865839,柜台点配发饮包,30,已确认,30,已确认,2026-05-17T00:00:00,12,2,job_ref_816524
西餐,2,5,I市禾里西餐店,2026-05-18,enterprise_ref_671998,合成运营主体_671998,store_ref_774663,I市,I市禾里西餐店,training_ref_060329,厨房正餐包,30,已确认,30,已确认,2026-05-18T00:00:00,18,3,job_ref_816524
西餐,2,5,I市禾里西餐店,2026-05-18,enterprise_ref_671998,合成运营主体_671998,store_ref_774663,I市,I市禾里西餐店,training_ref_060329,厨房正餐包,30,已确认,30,已确认,2026-05-18T00:00:00,18,3,job_ref_816524
西餐,2,5,I市禾里西餐店,2026-05-18,enterprise_ref_671998,合成运营主体_671998,store_ref_774663,I市,I市禾里西餐店,training_ref_060329,厨房正餐包,30,已确认,30,已确认,2026-05-18T00:00:00,18,3,job_ref_816524
西餐,2,5,I市禾里西餐店,2026-05-18,enterprise_ref_671998,合成运营主体_671998,store_ref_774663,I市,I市禾里西餐店,training_ref_060329,厨房正餐包,30,已确认,30,已确认,2026-05-18T00:00:00,18,3,job_ref_816524
西餐,2,5,I市禾里西餐店,2026-05-19,enterprise_ref_671998,合成运营主体_671998,store_ref_774663,I市,I市禾里西餐店,training_ref_060329,厨房正餐包,30,已确认,30,已确认,2026-05-19T00:00:00,18,3,job_ref_816524
西餐,2,5,I市禾里西餐店,2026-05-19,enterprise_ref_671998,合成运营主体_671998,store_ref_774663,I市,I市禾里西餐店,training_ref_060329,厨房正餐包,30,已确认,30,已确认,2026-05-19T00:00:00,18,3,job_ref_816524
西餐,2,5,I市禾里西餐店,2026-05-19,enterprise_ref_671998,合成运营主体_671998,store_ref_774663,I市,I市禾里西餐店,training_ref_060329,厨房正餐包,30,已确认,30,已确认,2026-05-19T00:00:00,18,3,job_ref_816524
西餐,2,5,I市禾里西餐店,2026-05-20,enterprise_ref_671998,合成运营主体_671998,store_ref_774663,I市,I市禾里西餐店,training_ref_060329,厨房正餐包,30,已确认,30,已确认,2026-05-20T00:00:00,18,3,job_ref_816524
西餐,2,5,I市禾里西餐店,2026-05-20,enterprise_ref_671998,合成运营主体_671998,store_ref_774663,I市,I市禾里西餐店,training_ref_060329,厨房正餐包,30,已确认,30,已确认,2026-05-20T00:00:00,18,3,job_ref_816524
西餐,2,5,I市禾里西餐店,2026-05-20,enterprise_ref_671998,合成运营主体_671998,store_ref_774663,I市,I市禾里西餐店,training_ref_060329,厨房正餐包,30,已确认,30,已确认,2026-05-20T00:00:00,18,3,job_ref_816524
西餐,2,5,I市禾里西餐店,2026-05-20,enterprise_ref_671998,合成运营主体_671998,store_ref_774663,I市,I市禾里西餐店,training_ref_060329,厨房正餐包,30,已确认,30,已确认,2026-05-20T00:00:00,18,3,job_ref_816524
西餐,2,5,I市禾里西餐店,2026-05-20,enterprise_ref_671998,合成运营主体_671998,store_ref_774663,I市,I市禾里西餐店,training_ref_060329,厨房正餐包,30,已确认,30,已确认,2026-05-20T00:00:00,18,3,job_ref_816524
西餐,2,5,I市禾里西餐店,2026-05-20,enterprise_ref_671998,合成运营主体_671998,store_ref_774663,I市,I市禾里西餐店,training_ref_060329,厨房正餐包,30,已确认,30,已确认,2026-05-20T00:00:00,18,3,job_ref_816524
西餐,2,5,I市禾里西餐店,2026-05-20,enterprise_ref_671998,合成运营主体_671998,store_ref_774663,I市,I市禾里西餐店,training_ref_060329,厨房正餐包,30,已确认,30,已确认,2026-05-20T00:00:00,18,3,job_ref_816524
西餐,2,5,I市禾里西餐店,2026-05-20,enterprise_ref_671998,合成运营主体_671998,store_ref_774663,I市,I市禾里西餐店,training_ref_060329,厨房正餐包,30,已确认,30,已确认,2026-05-20T00:00:00,18,3,job_ref_816524
西餐,2,5,I市禾里西餐店,2026-05-20,enterprise_ref_671998,合成运营主体_671998,store_ref_774663,I市,I市禾里西餐店,training_ref_060329,厨房正餐包,30,已确认,30,已确认,2026-05-20T00:00:00,18,3,job_ref_816524
西餐,2,5,I市禾里西餐店,2026-05-20,enterprise_ref_671998,合成运营主体_671998,store_ref_774663,I市,I市禾里西餐店,training_ref_060329,厨房正餐包,30,已确认,30,已确认,2026-05-20T00:00:00,18,3,job_ref_816524
西餐,2,5,I市禾里西餐店,2026-05-20,enterprise_ref_671998,合成运营主体_671998,store_ref_774663,I市,I市禾里西餐店,training_ref_060329,厨房正餐包,30,已确认,30,已确认,2026-05-20T00:00:00,18,3,job_ref_816524
西餐,2,5,I市禾里西餐店,2026-05-20,enterprise_ref_671998,合成运营主体_671998,store_ref_774663,I市,I市禾里西餐店,training_ref_060329,厨房正餐包,30,已确认,30,已确认,2026-05-20T00:00:00,18,3,job_ref_816524
西餐,2,5,I市禾里西餐店,2026-05-20,enterprise_ref_671998,合成运营主体_671998,store_ref_774663,I市,I市禾里西餐店,training_ref_755189,总配正餐包,30,已确认,30,已确认,2026-05-20T00:00:00,6,1,job_ref_816524
西餐,2,5,I市禾里西餐店,2026-05-20,enterprise_ref_671998,合成运营主体_671998,store_ref_774663,I市,I市禾里西餐店,training_ref_755189,总配正餐包,30,已确认,30,已确认,2026-05-20T00:00:00,6,1,job_ref_816524
西餐,2,5,I市禾里西餐店,2026-05-20,enterprise_ref_671998,合成运营主体_671998,store_ref_774663,I市,I市禾里西餐店,training_ref_865839,柜台点配发饮包,30,已确认,30,已确认,2026-05-20T00:00:00,12,2,job_ref_816524
西餐,2,5,I市禾里西餐店,2026-05-20,enterprise_ref_671998,合成运营主体_671998,store_ref_774663,I市,I市禾里西餐店,training_ref_865839,柜台点配发饮包,30,已确认,30,已确认,2026-05-20T00:00:00,12,2,job_ref_816524
西餐,2,5,I市禾里西餐店,2026-05-20,enterprise_ref_671998,合成运营主体_671998,store_ref_774663,I市,I市禾里西餐店,training_ref_865839,柜台点配发饮包,30,已确认,30,已确认,2026-05-20T00:00:00,12,2,job_ref_816524
西餐,2,5,I市禾里西餐店,2026-05-20,enterprise_ref_671998,合成运营主体_671998,store_ref_774663,I市,I市禾里西餐店,training_ref_865839,柜台点配发饮包,30,已确认,30,已确认,2026-05-20T00:00:00,12,2,job_ref_816524
西餐,2,5,I市禾里西餐店,2026-05-20,enterprise_ref_671998,合成运营主体_671998,store_ref_774663,I市,I市禾里西餐店,training_ref_865839,柜台点配发饮包,30,已确认,30,已确认,2026-05-20T00:00:00,12,2,job_ref_816524
西餐,2,5,I市禾里西餐店,2026-05-20,enterprise_ref_671998,合成运营主体_671998,store_ref_774663,I市,I市禾里西餐店,training_ref_865839,柜台点配发饮包,30,已确认,30,已确认,2026-05-20T00:00:00,12,2,job_ref_816524
西餐,2,5,I市禾里西餐店,2026-05-20,enterprise_ref_671998,合成运营主体_671998,store_ref_774663,I市,I市禾里西餐店,training_ref_865839,柜台点配发饮包,30,已确认,30,已确认,2026-05-20T00:00:00,12,2,job_ref_816524
西餐,2,5,I市禾里西餐店,2026-05-20,enterprise_ref_671998,合成运营主体_671998,store_ref_774663,I市,I市禾里西餐店,training_ref_865839,柜台点配发饮包,30,已确认,30,已确认,2026-05-20T00:00:00,12,2,job_ref_816524
西餐,2,5,I市禾里西餐店,2026-05-20,enterprise_ref_671998,合成运营主体_671998,store_ref_774663,I市,I市禾里西餐店,training_ref_865839,柜台点配发饮包,30,已确认,30,已确认,2026-05-20T00:00:00,12,2,job_ref_816524
西餐,2,5,I市禾里西餐店,2026-05-20,enterprise_ref_671998,合成运营主体_671998,store_ref_774663,I市,I市禾里西餐店,training_ref_865839,柜台点配发饮包,30,已确认,30,已确认,2026-05-20T00:00:00,12,2,job_ref_816524
西餐,2,5,I市禾里西餐店,2026-05-20,enterprise_ref_671998,合成运营主体_671998,store_ref_774663,I市,I市禾里西餐店,training_ref_865839,柜台点配发饮包,30,已确认,30,已确认,2026-05-20T00:00:00,12,2,job_ref_816524
西餐,2,5,I市禾里西餐店,2026-05-20,enterprise_ref_671998,合成运营主体_671998,store_ref_774663,I市,I市禾里西餐店,training_ref_194525,解冻腌制包,30,已确认,30,已确认,2026-05-20T00:00:00,6,1,job_ref_816524
西餐,2,5,I市禾里西餐店,2026-05-20,enterprise_ref_671998,合成运营主体_671998,store_ref_774663,I市,I市禾里西餐店,training_ref_194525,解冻腌制包,30,已确认,30,已确认,2026-05-20T00:00:00,6,1,job_ref_816524
西餐,2,5,I市禾里西餐店,2026-05-21,enterprise_ref_671998,合成运营主体_671998,store_ref_774663,I市,I市禾里西餐店,training_ref_060329,厨房正餐包,30,已确认,30,已确认,2026-05-21T00:00:00,18,3,job_ref_816524
西餐,2,5,I市禾里西餐店,2026-05-21,enterprise_ref_671998,合成运营主体_671998,store_ref_774663,I市,I市禾里西餐店,training_ref_060329,厨房正餐包,30,已确认,30,已确认,2026-05-21T00:00:00,18,3,job_ref_816524
西餐,2,5,I市禾里西餐店,2026-05-21,enterprise_ref_671998,合成运营主体_671998,store_ref_774663,I市,I市禾里西餐店,training_ref_060329,厨房正餐包,30,已确认,30,已确认,2026-05-21T00:00:00,18,3,job_ref_816524
西餐,2,5,I市禾里西餐店,2026-05-21,enterprise_ref_671998,合成运营主体_671998,store_ref_774663,I市,I市禾里西餐店,training_ref_060329,厨房正餐包,30,已确认,30,已确认,2026-05-21T00:00:00,18,3,job_ref_816524
西餐,2,5,I市禾里西餐店,2026-05-21,enterprise_ref_671998,合成运营主体_671998,store_ref_774663,I市,I市禾里西餐店,training_ref_060329,厨房正餐包,30,已确认,30,已确认,2026-05-21T00:00:00,18,3,job_ref_816524
西餐,2,5,I市禾里西餐店,2026-05-21,enterprise_ref_671998,合成运营主体_671998,store_ref_774663,I市,I市禾里西餐店,training_ref_060329,厨房正餐包,30,已确认,30,已确认,2026-05-21T00:00:00,18,3,job_ref_816524
西餐,2,5,I市禾里西餐店,2026-05-21,enterprise_ref_671998,合成运营主体_671998,store_ref_774663,I市,I市禾里西餐店,training_ref_060329,厨房正餐包,30,已确认,30,已确认,2026-05-21T00:00:00,18,3,job_ref_816524
西餐,2,5,I市禾里西餐店,2026-05-21,enterprise_ref_671998,合成运营主体_671998,store_ref_774663,I市,I市禾里西餐店,training_ref_865839,柜台点配发饮包,30,已确认,30,已确认,2026-05-21T00:00:00,12,2,job_ref_816524
西餐,2,5,I市禾里西餐店,2026-05-21,enterprise_ref_671998,合成运营主体_671998,store_ref_774663,I市,I市禾里西餐店,training_ref_865839,柜台点配发饮包,30,已确认,30,已确认,2026-05-21T00:00:00,12,2,job_ref_816524
西餐,2,5,I市禾里西餐店,2026-05-21,enterprise_ref_671998,合成运营主体_671998,store_ref_774663,I市,I市禾里西餐店,training_ref_865839,柜台点配发饮包,30,已确认,30,已确认,2026-05-21T00:00:00,12,2,job_ref_816524
西餐,2,5,I市禾里西餐店,2026-05-21,enterprise_ref_671998,合成运营主体_671998,store_ref_774663,I市,I市禾里西餐店,training_ref_865839,柜台点配发饮包,30,已确认,30,已确认,2026-05-21T00:00:00,12,2,job_ref_816524
西餐,2,5,I市禾里西餐店,2026-05-21,enterprise_ref_671998,合成运营主体_671998,store_ref_774663,I市,I市禾里西餐店,training_ref_865839,柜台点配发饮包,30,已确认,30,已确认,2026-05-21T00:00:00,12,2,job_ref_816524
西餐,2,5,I市禾里西餐店,2026-05-21,enterprise_ref_671998,合成运营主体_671998,store_ref_774663,I市,I市禾里西餐店,training_ref_865839,柜台点配发饮包,30,已确认,30,已确认,2026-05-21T00:00:00,12,2,job_ref_816524
西餐,2,5,I市禾里西餐店,2026-05-21,enterprise_ref_671998,合成运营主体_671998,store_ref_774663,I市,I市禾里西餐店,training_ref_865839,柜台点配发饮包,30,已确认,30,已确认,2026-05-21T00:00:00,12,2,job_ref_816524
西餐,2,5,I市禾里西餐店,2026-05-21,enterprise_ref_671998,合成运营主体_671998,store_ref_774663,I市,I市禾里西餐店,training_ref_865839,柜台点配发饮包,30,已确认,30,已确认,2026-05-21T00:00:00,12,2,job_ref_816524
西餐,2,5,I市禾里西餐店,2026-05-21,enterprise_ref_671998,合成运营主体_671998,store_ref_774663,I市,I市禾里西餐店,training_ref_865839,柜台点配发饮包,30,已确认,30,已确认,2026-05-21T00:00:00,12,2,job_ref_816524
西餐,2,5,I市禾里西餐店,2026-05-21,enterprise_ref_671998,合成运营主体_671998,store_ref_774663,I市,I市禾里西餐店,training_ref_865839,柜台点配发饮包,30,已确认,30,已确认,2026-05-21T00:00:00,12,2,job_ref_816524
西餐,2,5,I市禾里西餐店,2026-05-21,enterprise_ref_671998,合成运营主体_671998,store_ref_774663,I市,I市禾里西餐店,training_ref_865839,柜台点配发饮包,30,已确认,30,已确认,2026-05-21T00:00:00,12,2,job_ref_816524
西餐,2,5,I市禾里西餐店,2026-05-21,enterprise_ref_671998,合成运营主体_671998,store_ref_774663,I市,I市禾里西餐店,training_ref_865839,柜台点配发饮包,30,已确认,30,已确认,2026-05-21T00:00:00,12,2,job_ref_816524
西餐,2,5,I市禾里西餐店,2026-05-21,enterprise_ref_671998,合成运营主体_671998,store_ref_774663,I市,I市禾里西餐店,training_ref_865839,柜台点配发饮包,30,已确认,30,已确认,2026-05-21T00:00:00,12,2,job_ref_816524
西餐,2,5,I市禾里西餐店,2026-05-21,enterprise_ref_671998,合成运营主体_671998,store_ref_774663,I市,I市禾里西餐店,training_ref_865839,柜台点配发饮包,30,已确认,30,已确认,2026-05-21T00:00:00,12,2,job_ref_816524
西餐,2,5,I市禾里西餐店,2026-05-21,enterprise_ref_671998,合成运营主体_671998,store_ref_774663,I市,I市禾里西餐店,training_ref_865839,柜台点配发饮包,30,已确认,30,已确认,2026-05-21T00:00:00,12,2,job_ref_816524
西餐,2,5,I市禾里西餐店,2026-05-21,enterprise_ref_671998,合成运营主体_671998,store_ref_774663,I市,I市禾里西餐店,training_ref_865839,柜台点配发饮包,30,已确认,30,已确认,2026-05-21T00:00:00,12,2,job_ref_816524
西餐,2,5,I市禾里西餐店,2026-05-21,enterprise_ref_671998,合成运营主体_671998,store_ref_774663,I市,I市禾里西餐店,training_ref_865839,柜台点配发饮包,30,已确认,30,已确认,2026-05-21T00:00:00,12,2,job_ref_816524
西餐,2,5,I市禾里西餐店,2026-05-21,enterprise_ref_671998,合成运营主体_671998,store_ref_774663,I市,I市禾里西餐店,training_ref_865839,柜台点配发饮包,30,已确认,30,已确认,2026-05-21T00:00:00,12,2,job_ref_816524
西餐,2,5,I市禾里西餐店,2026-05-21,enterprise_ref_671998,合成运营主体_671998,store_ref_774663,I市,I市禾里西餐店,training_ref_865839,柜台点配发饮包,30,已确认,30,已确认,2026-05-21T00:00:00,12,2,job_ref_816524
西餐,2,5,I市禾里西餐店,2026-05-21,enterprise_ref_671998,合成运营主体_671998,store_ref_774663,I市,I市禾里西餐店,training_ref_865839,柜台点配发饮包,30,已确认,30,已确认,2026-05-21T00:00:00,12,2,job_ref_816524
西餐,2,5,I市禾里西餐店,2026-05-21,enterprise_ref_671998,合成运营主体_671998,store_ref_774663,I市,I市禾里西餐店,training_ref_865839,柜台点配发饮包,30,已确认,30,已确认,2026-05-21T00:00:00,12,2,job_ref_816524
西餐,2,5,I市禾里西餐店,2026-05-21,enterprise_ref_671998,合成运营主体_671998,store_ref_774663,I市,I市禾里西餐店,training_ref_865839,柜台点配发饮包,30,已确认,30,已确认,2026-05-21T00:00:00,12,2,job_ref_816524
西餐,2,5,I市禾里西餐店,2026-05-22,enterprise_ref_671998,合成运营主体_671998,store_ref_774663,I市,I市禾里西餐店,training_ref_060329,厨房正餐包,30,已确认,30,已确认,2026-05-22T00:00:00,18,3,job_ref_816524
西餐,2,5,I市禾里西餐店,2026-05-22,enterprise_ref_671998,合成运营主体_671998,store_ref_774663,I市,I市禾里西餐店,training_ref_060329,厨房正餐包,30,已确认,30,已确认,2026-05-22T00:00:00,18,3,job_ref_816524
西餐,2,5,I市禾里西餐店,2026-05-22,enterprise_ref_671998,合成运营主体_671998,store_ref_774663,I市,I市禾里西餐店,training_ref_060329,厨房正餐包,30,已确认,30,已确认,2026-05-22T00:00:00,18,3,job_ref_816524
西餐,2,5,I市禾里西餐店,2026-05-22,enterprise_ref_671998,合成运营主体_671998,store_ref_774663,I市,I市禾里西餐店,training_ref_060329,厨房正餐包,30,已确认,30,已确认,2026-05-22T00:00:00,18,3,job_ref_816524
西餐,2,5,I市禾里西餐店,2026-05-22,enterprise_ref_671998,合成运营主体_671998,store_ref_774663,I市,I市禾里西餐店,training_ref_755189,总配正餐包,30,已确认,30,已确认,2026-05-22T00:00:00,6,1,job_ref_816524
西餐,2,5,I市禾里西餐店,2026-05-22,enterprise_ref_671998,合成运营主体_671998,store_ref_774663,I市,I市禾里西餐店,training_ref_755189,总配正餐包,30,已确认,30,已确认,2026-05-22T00:00:00,6,1,job_ref_816524
西餐,2,5,I市禾里西餐店,2026-05-22,enterprise_ref_671998,合成运营主体_671998,store_ref_774663,I市,I市禾里西餐店,training_ref_865839,柜台点配发饮包,30,已确认,30,已确认,2026-05-22T00:00:00,12,2,job_ref_816524
西餐,2,5,I市禾里西餐店,2026-05-22,enterprise_ref_671998,合成运营主体_671998,store_ref_774663,I市,I市禾里西餐店,training_ref_865839,柜台点配发饮包,30,已确认,30,已确认,2026-05-22T00:00:00,12,2,job_ref_816524
西餐,2,5,I市禾里西餐店,2026-05-22,enterprise_ref_671998,合成运营主体_671998,store_ref_774663,I市,I市禾里西餐店,training_ref_865839,柜台点配发饮包,30,已确认,30,已确认,2026-05-22T00:00:00,12,2,job_ref_816524
西餐,2,5,I市禾里西餐店,2026-05-22,enterprise_ref_671998,合成运营主体_671998,store_ref_774663,I市,I市禾里西餐店,training_ref_865839,柜台点配发饮包,30,已确认,30,已确认,2026-05-22T00:00:00,12,2,job_ref_816524
西餐,2,5,I市禾里西餐店,2026-05-22,enterprise_ref_671998,合成运营主体_671998,store_ref_774663,I市,I市禾里西餐店,training_ref_865839,柜台点配发饮包,30,已确认,30,已确认,2026-05-22T00:00:00,12,2,job_ref_816524
西餐,2,5,I市禾里西餐店,2026-05-22,enterprise_ref_671998,合成运营主体_671998,store_ref_774663,I市,I市禾里西餐店,training_ref_865839,柜台点配发饮包,30,已确认,30,已确认,2026-05-22T00:00:00,12,2,job_ref_816524
西餐,2,5,I市禾里西餐店,2026-05-23,enterprise_ref_671998,合成运营主体_671998,store_ref_774663,I市,I市禾里西餐店,training_ref_060329,厨房正餐包,30,已确认,30,已确认,2026-05-23T00:00:00,18,3,job_ref_816524
西餐,2,5,I市禾里西餐店,2026-05-23,enterprise_ref_671998,合成运营主体_671998,store_ref_774663,I市,I市禾里西餐店,training_ref_060329,厨房正餐包,30,已确认,30,已确认,2026-05-23T00:00:00,18,3,job_ref_816524
西餐,2,5,I市禾里西餐店,2026-05-23,enterprise_ref_671998,合成运营主体_671998,store_ref_774663,I市,I市禾里西餐店,training_ref_060329,厨房正餐包,30,已确认,30,已确认,2026-05-23T00:00:00,18,3,job_ref_816524
西餐,2,5,I市禾里西餐店,2026-05-23,enterprise_ref_671998,合成运营主体_671998,store_ref_774663,I市,I市禾里西餐店,training_ref_060329,厨房正餐包,30,已确认,30,已确认,2026-05-23T00:00:00,18,3,job_ref_816524
西餐,2,5,I市禾里西餐店,2026-05-23,enterprise_ref_671998,合成运营主体_671998,store_ref_774663,I市,I市禾里西餐店,training_ref_755189,总配正餐包,30,已确认,30,已确认,2026-05-23T00:00:00,6,1,job_ref_816524
西餐,2,5,I市禾里西餐店,2026-05-23,enterprise_ref_671998,合成运营主体_671998,store_ref_774663,I市,I市禾里西餐店,training_ref_755189,总配正餐包,30,已确认,30,已确认,2026-05-23T00:00:00,6,1,job_ref_816524
西餐,2,5,I市禾里西餐店,2026-05-23,enterprise_ref_671998,合成运营主体_671998,store_ref_774663,I市,I市禾里西餐店,training_ref_659524,薯饮包,30,已确认,30,已确认,2026-05-23T00:00:00,4,1,job_ref_816524
西餐,2,5,I市禾里西餐店,2026-05-24,enterprise_ref_671998,合成运营主体_671998,store_ref_774663,I市,I市禾里西餐店,training_ref_865839,柜台点配发饮包,30,已确认,30,已确认,2026-05-24T00:00:00,12,2,job_ref_816524
西餐,2,5,I市禾里西餐店,2026-05-24,enterprise_ref_671998,合成运营主体_671998,store_ref_774663,I市,I市禾里西餐店,training_ref_865839,柜台点配发饮包,30,已确认,30,已确认,2026-05-24T00:00:00,12,2,job_ref_816524
西餐,2,5,I市禾里西餐店,2026-05-24,enterprise_ref_671998,合成运营主体_671998,store_ref_774663,I市,I市禾里西餐店,training_ref_865839,柜台点配发饮包,30,已确认,30,已确认,2026-05-24T00:00:00,12,2,job_ref_816524
西餐,2,5,I市禾里西餐店,2026-05-24,enterprise_ref_671998,合成运营主体_671998,store_ref_774663,I市,I市禾里西餐店,training_ref_865839,柜台点配发饮包,30,已确认,30,已确认,2026-05-24T00:00:00,12,2,job_ref_816524
西餐,2,5,I市禾里西餐店,2026-05-24,enterprise_ref_671998,合成运营主体_671998,store_ref_774663,I市,I市禾里西餐店,training_ref_865839,柜台点配发饮包,30,已确认,30,已确认,2026-05-24T00:00:00,12,2,job_ref_816524
西餐,2,5,I市禾里西餐店,2026-05-24,enterprise_ref_671998,合成运营主体_671998,store_ref_774663,I市,I市禾里西餐店,training_ref_865839,柜台点配发饮包,30,已确认,30,已确认,2026-05-24T00:00:00,12,2,job_ref_816524
西餐,2,5,I市禾里西餐店,2026-05-25,enterprise_ref_671998,合成运营主体_671998,store_ref_774663,I市,I市禾里西餐店,training_ref_755189,总配正餐包,30,已确认,30,已确认,2026-05-25T00:00:00,6,1,job_ref_816524
西餐,2,5,I市禾里西餐店,2026-05-25,enterprise_ref_671998,合成运营主体_671998,store_ref_774663,I市,I市禾里西餐店,training_ref_755189,总配正餐包,30,已确认,30,已确认,2026-05-25T00:00:00,6,1,job_ref_816524
西餐,2,5,I市禾里西餐店,2026-05-25,enterprise_ref_671998,合成运营主体_671998,store_ref_774663,I市,I市禾里西餐店,training_ref_755189,总配正餐包,30,已确认,30,已确认,2026-05-25T00:00:00,6,1,job_ref_816524
西餐,2,5,I市禾里西餐店,2026-05-25,enterprise_ref_671998,合成运营主体_671998,store_ref_774663,I市,I市禾里西餐店,training_ref_755189,总配正餐包,30,已确认,30,已确认,2026-05-25T00:00:00,6,1,job_ref_816524
西餐,2,5,I市禾里西餐店,2026-05-25,enterprise_ref_671998,合成运营主体_671998,store_ref_774663,I市,I市禾里西餐店,training_ref_865839,柜台点配发饮包,30,已确认,30,已确认,2026-05-25T00:00:00,12,2,job_ref_816524
西餐,2,5,I市禾里西餐店,2026-05-25,enterprise_ref_671998,合成运营主体_671998,store_ref_774663,I市,I市禾里西餐店,training_ref_865839,柜台点配发饮包,30,已确认,30,已确认,2026-05-25T00:00:00,12,2,job_ref_816524
西餐,2,5,I市禾里西餐店,2026-05-25,enterprise_ref_671998,合成运营主体_671998,store_ref_774663,I市,I市禾里西餐店,training_ref_865839,柜台点配发饮包,30,已确认,30,已确认,2026-05-25T00:00:00,12,2,job_ref_816524
西餐,2,5,I市禾里西餐店,2026-05-26,enterprise_ref_671998,合成运营主体_671998,store_ref_774663,I市,I市禾里西餐店,training_ref_060329,厨房正餐包,30,已确认,30,已确认,2026-05-26T00:00:00,18,3,job_ref_816524
西餐,2,5,I市禾里西餐店,2026-05-26,enterprise_ref_671998,合成运营主体_671998,store_ref_774663,I市,I市禾里西餐店,training_ref_060329,厨房正餐包,30,已确认,30,已确认,2026-05-26T00:00:00,18,3,job_ref_816524
西餐,2,5,I市禾里西餐店,2026-05-26,enterprise_ref_671998,合成运营主体_671998,store_ref_774663,I市,I市禾里西餐店,training_ref_060329,厨房正餐包,30,已确认,30,已确认,2026-05-26T00:00:00,18,3,job_ref_816524
西餐,2,5,I市禾里西餐店,2026-05-26,enterprise_ref_671998,合成运营主体_671998,store_ref_774663,I市,I市禾里西餐店,training_ref_060329,厨房正餐包,30,已确认,30,已确认,2026-05-26T00:00:00,18,3,job_ref_816524
西餐,2,5,I市禾里西餐店,2026-05-26,enterprise_ref_671998,合成运营主体_671998,store_ref_774663,I市,I市禾里西餐店,training_ref_755189,总配正餐包,30,已确认,30,已确认,2026-05-26T00:00:00,6,1,job_ref_816524
西餐,2,5,I市禾里西餐店,2026-05-26,enterprise_ref_671998,合成运营主体_671998,store_ref_774663,I市,I市禾里西餐店,training_ref_755189,总配正餐包,30,已确认,30,已确认,2026-05-26T00:00:00,6,1,job_ref_816524
西餐,2,5,I市禾里西餐店,2026-05-26,enterprise_ref_671998,合成运营主体_671998,store_ref_774663,I市,I市禾里西餐店,training_ref_865839,柜台点配发饮包,30,已确认,30,已确认,2026-05-26T00:00:00,12,2,job_ref_816524
西餐,2,5,I市禾里西餐店,2026-05-26,enterprise_ref_671998,合成运营主体_671998,store_ref_774663,I市,I市禾里西餐店,training_ref_865839,柜台点配发饮包,30,已确认,30,已确认,2026-05-26T00:00:00,12,2,job_ref_816524
西餐,2,5,I市禾里西餐店,2026-05-26,enterprise_ref_671998,合成运营主体_671998,store_ref_774663,I市,I市禾里西餐店,training_ref_865839,柜台点配发饮包,30,已确认,30,已确认,2026-05-26T00:00:00,12,2,job_ref_816524
西餐,2,5,I市禾里西餐店,2026-05-26,enterprise_ref_671998,合成运营主体_671998,store_ref_774663,I市,I市禾里西餐店,training_ref_865839,柜台点配发饮包,30,已确认,30,已确认,2026-05-26T00:00:00,12,2,job_ref_816524
西餐,2,5,I市禾里西餐店,2026-05-26,enterprise_ref_671998,合成运营主体_671998,store_ref_774663,I市,I市禾里西餐店,training_ref_865839,柜台点配发饮包,30,已确认,30,已确认,2026-05-26T00:00:00,12,2,job_ref_816524
西餐,2,5,I市禾里西餐店,2026-05-26,enterprise_ref_671998,合成运营主体_671998,store_ref_774663,I市,I市禾里西餐店,training_ref_865839,柜台点配发饮包,30,已确认,30,已确认,2026-05-26T00:00:00,12,2,job_ref_816524
西餐,2,5,I市禾里西餐店,2026-05-26,enterprise_ref_671998,合成运营主体_671998,store_ref_774663,I市,I市禾里西餐店,training_ref_865839,柜台点配发饮包,30,已确认,30,已确认,2026-05-26T00:00:00,12,2,job_ref_816524
西餐,2,5,I市禾里西餐店,2026-05-26,enterprise_ref_671998,合成运营主体_671998,store_ref_774663,I市,I市禾里西餐店,training_ref_865839,柜台点配发饮包,30,已确认,30,已确认,2026-05-26T00:00:00,12,2,job_ref_816524
西餐,2,5,I市禾里西餐店,2026-05-26,enterprise_ref_671998,合成运营主体_671998,store_ref_774663,I市,I市禾里西餐店,training_ref_865839,柜台点配发饮包,30,已确认,30,已确认,2026-05-26T00:00:00,12,2,job_ref_816524
西餐,2,5,I市禾里西餐店,2026-05-26,enterprise_ref_671998,合成运营主体_671998,store_ref_774663,I市,I市禾里西餐店,training_ref_865839,柜台点配发饮包,30,已确认,30,已确认,2026-05-26T00:00:00,12,2,job_ref_816524
西餐,2,5,I市禾里西餐店,2026-05-28,enterprise_ref_671998,合成运营主体_671998,store_ref_774663,I市,I市禾里西餐店,training_ref_865839,柜台点配发饮包,30,已确认,30,已确认,2026-05-28T00:00:00,12,2,job_ref_816524
西餐,2,5,I市禾里西餐店,2026-05-28,enterprise_ref_671998,合成运营主体_671998,store_ref_774663,I市,I市禾里西餐店,training_ref_865839,柜台点配发饮包,30,已确认,30,已确认,2026-05-28T00:00:00,12,2,job_ref_816524
西餐,2,5,I市禾里西餐店,2026-05-28,enterprise_ref_671998,合成运营主体_671998,store_ref_774663,I市,I市禾里西餐店,training_ref_865839,柜台点配发饮包,30,已确认,30,已确认,2026-05-28T00:00:00,12,2,job_ref_816524
西餐,2,5,I市禾里西餐店,2026-05-28,enterprise_ref_671998,合成运营主体_671998,store_ref_774663,I市,I市禾里西餐店,training_ref_865839,柜台点配发饮包,30,已确认,30,已确认,2026-05-28T00:00:00,12,2,job_ref_816524
西餐,2,5,I市禾里西餐店,2026-05-28,enterprise_ref_671998,合成运营主体_671998,store_ref_774663,I市,I市禾里西餐店,training_ref_865839,柜台点配发饮包,30,已确认,30,已确认,2026-05-28T00:00:00,12,2,job_ref_816524
西餐,2,5,I市禾里西餐店,2026-05-28,enterprise_ref_671998,合成运营主体_671998,store_ref_774663,I市,I市禾里西餐店,training_ref_865839,柜台点配发饮包,30,已确认,30,已确认,2026-05-28T00:00:00,12,2,job_ref_816524
西餐,2,5,I市禾里西餐店,2026-05-29,enterprise_ref_671998,合成运营主体_671998,store_ref_774663,I市,I市禾里西餐店,training_ref_755189,总配正餐包,30,已确认,30,已确认,2026-05-29T00:00:00,6,1,job_ref_816524
西餐,2,5,I市禾里西餐店,2026-05-29,enterprise_ref_671998,合成运营主体_671998,store_ref_774663,I市,I市禾里西餐店,training_ref_755189,总配正餐包,30,已确认,30,已确认,2026-05-29T00:00:00,6,1,job_ref_816524
西餐,2,5,I市禾里西餐店,2026-05-29,enterprise_ref_671998,合成运营主体_671998,store_ref_774663,I市,I市禾里西餐店,training_ref_865839,柜台点配发饮包,30,已确认,30,已确认,2026-05-29T00:00:00,12,2,job_ref_816524
西餐,2,5,I市禾里西餐店,2026-05-29,enterprise_ref_671998,合成运营主体_671998,store_ref_774663,I市,I市禾里西餐店,training_ref_865839,柜台点配发饮包,30,已确认,30,已确认,2026-05-29T00:00:00,12,2,job_ref_816524
西餐,2,5,I市禾里西餐店,2026-05-29,enterprise_ref_671998,合成运营主体_671998,store_ref_774663,I市,I市禾里西餐店,training_ref_865839,柜台点配发饮包,30,已确认,30,已确认,2026-05-29T00:00:00,12,2,job_ref_816524
西餐,2,5,I市禾里西餐店,2026-05-29,enterprise_ref_671998,合成运营主体_671998,store_ref_774663,I市,I市禾里西餐店,training_ref_865839,柜台点配发饮包,30,已确认,30,已确认,2026-05-29T00:00:00,12,2,job_ref_816524
西餐,2,5,I市禾里西餐店,2026-05-29,enterprise_ref_671998,合成运营主体_671998,store_ref_774663,I市,I市禾里西餐店,training_ref_865839,柜台点配发饮包,30,已确认,30,已确认,2026-05-29T00:00:00,12,2,job_ref_816524
